mtllib all-seven-tiles.mtl
o fox_base
usemtl fox_base
v -0.800001 0.000000 -1.664309
v -0.801225 0.000000 -1.679853
v -0.804703 0.000000 -1.694339
v -0.810404 0.000000 -1.708104
v -0.818188 0.000000 -1.720807
v -0.827864 0.000000 -1.732136
v -0.839193 0.000000 -1.741812
v -0.851896 0.000000 -1.749596
v -0.865661 0.000000 -1.755297
v -0.879469 0.000000 -1.758613
v -1.664309 0.000000 -1.759999
v -1.679853 0.000000 -1.758775
v -1.694339 0.000000 -1.755297
v -1.708104 0.000000 -1.749596
v -1.720807 0.000000 -1.741812
v -1.732136 0.000000 -1.732136
v -1.741812 0.000000 -1.720807
v -1.749596 0.000000 -1.708104
v -1.755297 0.000000 -1.694339
v -1.758613 0.000000 -1.680531
v -1.759999 0.000000 -0.895691
v -1.758775 0.000000 -0.880147
v -1.755297 0.000000 -0.865661
v -1.749596 0.000000 -0.851896
v -1.741812 0.000000 -0.839193
v -1.732136 0.000000 -0.827864
v -1.720807 0.000000 -0.818188
v -1.708104 0.000000 -0.810404
v -1.694339 0.000000 -0.804703
v -1.680531 0.000000 -0.801387
v -0.895691 0.000000 -0.800001
v -0.880147 0.000000 -0.801225
v -0.865661 0.000000 -0.804703
v -0.851896 0.000000 -0.810404
v -0.839193 0.000000 -0.818188
v -0.827864 0.000000 -0.827864
v -0.818188 0.000000 -0.839193
v -0.810404 0.000000 -0.851896
v -0.804703 0.000000 -0.865661
v -0.801387 0.000000 -0.879469
v -0.787274 0.005274 -1.664797
v -0.788616 0.005274 -1.681850
v -0.792562 0.005274 -1.698284
v -0.799030 0.005274 -1.713899
v -0.807861 0.005274 -1.728310
v -0.818838 0.005274 -1.741162
v -0.831690 0.005274 -1.752139
v -0.846101 0.005274 -1.760970
v -0.861716 0.005274 -1.767438
v -0.877952 0.005274 -1.771336
v -1.664797 0.005274 -1.772726
v -1.681850 0.005274 -1.771384
v -1.698284 0.005274 -1.767438
v -1.713899 0.005274 -1.760970
v -1.728310 0.005274 -1.752139
v -1.741162 0.005274 -1.741162
v -1.752139 0.005274 -1.728310
v -1.760970 0.005274 -1.713899
v -1.767438 0.005274 -1.698284
v -1.771336 0.005274 -1.682048
v -1.772726 0.005274 -0.895203
v -1.771384 0.005274 -0.878150
v -1.767438 0.005274 -0.861716
v -1.760970 0.005274 -0.846101
v -1.752139 0.005274 -0.831690
v -1.741162 0.005274 -0.818838
v -1.728310 0.005274 -0.807861
v -1.713899 0.005274 -0.799030
v -1.698284 0.005274 -0.792562
v -1.682048 0.005274 -0.788664
v -0.895203 0.005274 -0.787274
v -0.878150 0.005274 -0.788616
v -0.861716 0.005274 -0.792562
v -0.846101 0.005274 -0.799030
v -0.831690 0.005274 -0.807861
v -0.818838 0.005274 -0.818838
v -0.807861 0.005274 -0.831690
v -0.799030 0.005274 -0.846101
v -0.792562 0.005274 -0.861716
v -0.788664 0.005274 -0.877952
v -0.782000 0.018000 -1.665000
v -0.783391 0.018000 -1.682677
v -0.787531 0.018000 -1.699919
v -0.794316 0.018000 -1.716301
v -0.803581 0.018000 -1.731420
v -0.815097 0.018000 -1.744903
v -0.828580 0.018000 -1.756419
v -0.843699 0.018000 -1.765684
v -0.860081 0.018000 -1.772469
v -0.877323 0.018000 -1.776609
v -1.665000 0.018000 -1.778000
v -1.682677 0.018000 -1.776609
v -1.699919 0.018000 -1.772469
v -1.716301 0.018000 -1.765684
v -1.731420 0.018000 -1.756419
v -1.744903 0.018000 -1.744903
v -1.756419 0.018000 -1.731420
v -1.765684 0.018000 -1.716301
v -1.772469 0.018000 -1.699919
v -1.776609 0.018000 -1.682677
v -1.778000 0.018000 -0.895000
v -1.776609 0.018000 -0.877323
v -1.772469 0.018000 -0.860081
v -1.765684 0.018000 -0.843699
v -1.756419 0.018000 -0.828580
v -1.744903 0.018000 -0.815097
v -1.731420 0.018000 -0.803581
v -1.716301 0.018000 -0.794316
v -1.699919 0.018000 -0.787531
v -1.682677 0.018000 -0.783391
v -0.895000 0.018000 -0.782000
v -0.877323 0.018000 -0.783391
v -0.860081 0.018000 -0.787531
v -0.843699 0.018000 -0.794316
v -0.828580 0.018000 -0.803581
v -0.815097 0.018000 -0.815097
v -0.803581 0.018000 -0.828580
v -0.794316 0.018000 -0.843699
v -0.787531 0.018000 -0.860081
v -0.783391 0.018000 -0.877323
v -0.782000 0.137000 -1.665000
v -0.783391 0.137000 -1.682677
v -0.787531 0.137000 -1.699919
v -0.794316 0.137000 -1.716301
v -0.803581 0.137000 -1.731420
v -0.815097 0.137000 -1.744903
v -0.828580 0.137000 -1.756419
v -0.843699 0.137000 -1.765684
v -0.860081 0.137000 -1.772469
v -0.877323 0.137000 -1.776609
v -1.665000 0.137000 -1.778000
v -1.682677 0.137000 -1.776609
v -1.699919 0.137000 -1.772469
v -1.716301 0.137000 -1.765684
v -1.731420 0.137000 -1.756419
v -1.744903 0.137000 -1.744903
v -1.756419 0.137000 -1.731420
v -1.765684 0.137000 -1.716301
v -1.772469 0.137000 -1.699919
v -1.776609 0.137000 -1.682677
v -1.778000 0.137000 -0.895000
v -1.776609 0.137000 -0.877323
v -1.772469 0.137000 -0.860081
v -1.765684 0.137000 -0.843699
v -1.756419 0.137000 -0.828580
v -1.744903 0.137000 -0.815097
v -1.731420 0.137000 -0.803581
v -1.716301 0.137000 -0.794316
v -1.699919 0.137000 -0.787531
v -1.682677 0.137000 -0.783391
v -0.895000 0.137000 -0.782000
v -0.877323 0.137000 -0.783391
v -0.860081 0.137000 -0.787531
v -0.843699 0.137000 -0.794316
v -0.828580 0.137000 -0.803581
v -0.815097 0.137000 -0.815097
v -0.803581 0.137000 -0.828580
v -0.794316 0.137000 -0.843699
v -0.787531 0.137000 -0.860081
v -0.783391 0.137000 -0.877323
v -0.787274 0.149726 -1.664797
v -0.788616 0.149726 -1.681850
v -0.792562 0.149726 -1.698284
v -0.799030 0.149726 -1.713899
v -0.807861 0.149726 -1.728310
v -0.818838 0.149726 -1.741162
v -0.831690 0.149726 -1.752139
v -0.846101 0.149726 -1.760970
v -0.861716 0.149726 -1.767438
v -0.877952 0.149726 -1.771336
v -1.664797 0.149726 -1.772726
v -1.681850 0.149726 -1.771384
v -1.698284 0.149726 -1.767438
v -1.713899 0.149726 -1.760970
v -1.728310 0.149726 -1.752139
v -1.741162 0.149726 -1.741162
v -1.752139 0.149726 -1.728310
v -1.760970 0.149726 -1.713899
v -1.767438 0.149726 -1.698284
v -1.771336 0.149726 -1.682048
v -1.772726 0.149726 -0.895203
v -1.771384 0.149726 -0.878150
v -1.767438 0.149726 -0.861716
v -1.760970 0.149726 -0.846101
v -1.752139 0.149726 -0.831690
v -1.741162 0.149726 -0.818838
v -1.728310 0.149726 -0.807861
v -1.713899 0.149726 -0.799030
v -1.698284 0.149726 -0.792562
v -1.682048 0.149726 -0.788664
v -0.895203 0.149726 -0.787274
v -0.878150 0.149726 -0.788616
v -0.861716 0.149726 -0.792562
v -0.846101 0.149726 -0.799030
v -0.831690 0.149726 -0.807861
v -0.818838 0.149726 -0.818838
v -0.807861 0.149726 -0.831690
v -0.799030 0.149726 -0.846101
v -0.792562 0.149726 -0.861716
v -0.788664 0.149726 -0.877952
v -0.800001 0.155000 -1.664309
v -0.801225 0.155000 -1.679853
v -0.804703 0.155000 -1.694339
v -0.810404 0.155000 -1.708104
v -0.818188 0.155000 -1.720807
v -0.827864 0.155000 -1.732136
v -0.839193 0.155000 -1.741812
v -0.851896 0.155000 -1.749596
v -0.865661 0.155000 -1.755297
v -0.879469 0.155000 -1.758613
v -1.664309 0.155000 -1.759999
v -1.679853 0.155000 -1.758775
v -1.694339 0.155000 -1.755297
v -1.708104 0.155000 -1.749596
v -1.720807 0.155000 -1.741812
v -1.732136 0.155000 -1.732136
v -1.741812 0.155000 -1.720807
v -1.749596 0.155000 -1.708104
v -1.755297 0.155000 -1.694339
v -1.758613 0.155000 -1.680531
v -1.759999 0.155000 -0.895691
v -1.758775 0.155000 -0.880147
v -1.755297 0.155000 -0.865661
v -1.749596 0.155000 -0.851896
v -1.741812 0.155000 -0.839193
v -1.732136 0.155000 -0.827864
v -1.720807 0.155000 -0.818188
v -1.708104 0.155000 -0.810404
v -1.694339 0.155000 -0.804703
v -1.680531 0.155000 -0.801387
v -0.895691 0.155000 -0.800001
v -0.880147 0.155000 -0.801225
v -0.865661 0.155000 -0.804703
v -0.851896 0.155000 -0.810404
v -0.839193 0.155000 -0.818188
v -0.827864 0.155000 -0.827864
v -0.818188 0.155000 -0.839193
v -0.810404 0.155000 -0.851896
v -0.804703 0.155000 -0.865661
v -0.801387 0.155000 -0.879469
v -0.800001 0.000000 -1.664309
v -0.801225 0.000000 -1.679853
v -0.804703 0.000000 -1.694339
v -0.810404 0.000000 -1.708104
v -0.818188 0.000000 -1.720807
v -0.827864 0.000000 -1.732136
v -0.839193 0.000000 -1.741812
v -0.851896 0.000000 -1.749596
v -0.865661 0.000000 -1.755297
v -0.879469 0.000000 -1.758613
v -1.664309 0.000000 -1.759999
v -1.679853 0.000000 -1.758775
v -1.694339 0.000000 -1.755297
v -1.708104 0.000000 -1.749596
v -1.720807 0.000000 -1.741812
v -1.732136 0.000000 -1.732136
v -1.741812 0.000000 -1.720807
v -1.749596 0.000000 -1.708104
v -1.755297 0.000000 -1.694339
v -1.758613 0.000000 -1.680531
v -1.759999 0.000000 -0.895691
v -1.758775 0.000000 -0.880147
v -1.755297 0.000000 -0.865661
v -1.749596 0.000000 -0.851896
v -1.741812 0.000000 -0.839193
v -1.732136 0.000000 -0.827864
v -1.720807 0.000000 -0.818188
v -1.708104 0.000000 -0.810404
v -1.694339 0.000000 -0.804703
v -1.680531 0.000000 -0.801387
v -0.895691 0.000000 -0.800001
v -0.880147 0.000000 -0.801225
v -0.865661 0.000000 -0.804703
v -0.851896 0.000000 -0.810404
v -0.839193 0.000000 -0.818188
v -0.827864 0.000000 -0.827864
v -0.818188 0.000000 -0.839193
v -0.810404 0.000000 -0.851896
v -0.804703 0.000000 -0.865661
v -0.801387 0.000000 -0.879469
v -0.800001 0.155000 -1.664309
v -0.801225 0.155000 -1.679853
v -0.804703 0.155000 -1.694339
v -0.810404 0.155000 -1.708104
v -0.818188 0.155000 -1.720807
v -0.827864 0.155000 -1.732136
v -0.839193 0.155000 -1.741812
v -0.851896 0.155000 -1.749596
v -0.865661 0.155000 -1.755297
v -0.879469 0.155000 -1.758613
v -1.664309 0.155000 -1.759999
v -1.679853 0.155000 -1.758775
v -1.694339 0.155000 -1.755297
v -1.708104 0.155000 -1.749596
v -1.720807 0.155000 -1.741812
v -1.732136 0.155000 -1.732136
v -1.741812 0.155000 -1.720807
v -1.749596 0.155000 -1.708104
v -1.755297 0.155000 -1.694339
v -1.758613 0.155000 -1.680531
v -1.759999 0.155000 -0.895691
v -1.758775 0.155000 -0.880147
v -1.755297 0.155000 -0.865661
v -1.749596 0.155000 -0.851896
v -1.741812 0.155000 -0.839193
v -1.732136 0.155000 -0.827864
v -1.720807 0.155000 -0.818188
v -1.708104 0.155000 -0.810404
v -1.694339 0.155000 -0.804703
v -1.680531 0.155000 -0.801387
v -0.895691 0.155000 -0.800001
v -0.880147 0.155000 -0.801225
v -0.865661 0.155000 -0.804703
v -0.851896 0.155000 -0.810404
v -0.839193 0.155000 -0.818188
v -0.827864 0.155000 -0.827864
v -0.818188 0.155000 -0.839193
v -0.810404 0.155000 -0.851896
v -0.804703 0.155000 -0.865661
v -0.801387 0.155000 -0.879469
f 1 2 42
f 1 42 41
f 2 3 43
f 2 43 42
f 3 4 44
f 3 44 43
f 4 5 45
f 4 45 44
f 5 6 46
f 5 46 45
f 6 7 47
f 6 47 46
f 7 8 48
f 7 48 47
f 8 9 49
f 8 49 48
f 9 10 50
f 9 50 49
f 10 11 51
f 10 51 50
f 11 12 52
f 11 52 51
f 12 13 53
f 12 53 52
f 13 14 54
f 13 54 53
f 14 15 55
f 14 55 54
f 15 16 56
f 15 56 55
f 16 17 57
f 16 57 56
f 17 18 58
f 17 58 57
f 18 19 59
f 18 59 58
f 19 20 60
f 19 60 59
f 20 21 61
f 20 61 60
f 21 22 62
f 21 62 61
f 22 23 63
f 22 63 62
f 23 24 64
f 23 64 63
f 24 25 65
f 24 65 64
f 25 26 66
f 25 66 65
f 26 27 67
f 26 67 66
f 27 28 68
f 27 68 67
f 28 29 69
f 28 69 68
f 29 30 70
f 29 70 69
f 30 31 71
f 30 71 70
f 31 32 72
f 31 72 71
f 32 33 73
f 32 73 72
f 33 34 74
f 33 74 73
f 34 35 75
f 34 75 74
f 35 36 76
f 35 76 75
f 36 37 77
f 36 77 76
f 37 38 78
f 37 78 77
f 38 39 79
f 38 79 78
f 39 40 80
f 39 80 79
f 40 1 41
f 40 41 80
f 41 42 82
f 41 82 81
f 42 43 83
f 42 83 82
f 43 44 84
f 43 84 83
f 44 45 85
f 44 85 84
f 45 46 86
f 45 86 85
f 46 47 87
f 46 87 86
f 47 48 88
f 47 88 87
f 48 49 89
f 48 89 88
f 49 50 90
f 49 90 89
f 50 51 91
f 50 91 90
f 51 52 92
f 51 92 91
f 52 53 93
f 52 93 92
f 53 54 94
f 53 94 93
f 54 55 95
f 54 95 94
f 55 56 96
f 55 96 95
f 56 57 97
f 56 97 96
f 57 58 98
f 57 98 97
f 58 59 99
f 58 99 98
f 59 60 100
f 59 100 99
f 60 61 101
f 60 101 100
f 61 62 102
f 61 102 101
f 62 63 103
f 62 103 102
f 63 64 104
f 63 104 103
f 64 65 105
f 64 105 104
f 65 66 106
f 65 106 105
f 66 67 107
f 66 107 106
f 67 68 108
f 67 108 107
f 68 69 109
f 68 109 108
f 69 70 110
f 69 110 109
f 70 71 111
f 70 111 110
f 71 72 112
f 71 112 111
f 72 73 113
f 72 113 112
f 73 74 114
f 73 114 113
f 74 75 115
f 74 115 114
f 75 76 116
f 75 116 115
f 76 77 117
f 76 117 116
f 77 78 118
f 77 118 117
f 78 79 119
f 78 119 118
f 79 80 120
f 79 120 119
f 80 41 81
f 80 81 120
f 81 82 122
f 81 122 121
f 82 83 123
f 82 123 122
f 83 84 124
f 83 124 123
f 84 85 125
f 84 125 124
f 85 86 126
f 85 126 125
f 86 87 127
f 86 127 126
f 87 88 128
f 87 128 127
f 88 89 129
f 88 129 128
f 89 90 130
f 89 130 129
f 90 91 131
f 90 131 130
f 91 92 132
f 91 132 131
f 92 93 133
f 92 133 132
f 93 94 134
f 93 134 133
f 94 95 135
f 94 135 134
f 95 96 136
f 95 136 135
f 96 97 137
f 96 137 136
f 97 98 138
f 97 138 137
f 98 99 139
f 98 139 138
f 99 100 140
f 99 140 139
f 100 101 141
f 100 141 140
f 101 102 142
f 101 142 141
f 102 103 143
f 102 143 142
f 103 104 144
f 103 144 143
f 104 105 145
f 104 145 144
f 105 106 146
f 105 146 145
f 106 107 147
f 106 147 146
f 107 108 148
f 107 148 147
f 108 109 149
f 108 149 148
f 109 110 150
f 109 150 149
f 110 111 151
f 110 151 150
f 111 112 152
f 111 152 151
f 112 113 153
f 112 153 152
f 113 114 154
f 113 154 153
f 114 115 155
f 114 155 154
f 115 116 156
f 115 156 155
f 116 117 157
f 116 157 156
f 117 118 158
f 117 158 157
f 118 119 159
f 118 159 158
f 119 120 160
f 119 160 159
f 120 81 121
f 120 121 160
f 121 122 162
f 121 162 161
f 122 123 163
f 122 163 162
f 123 124 164
f 123 164 163
f 124 125 165
f 124 165 164
f 125 126 166
f 125 166 165
f 126 127 167
f 126 167 166
f 127 128 168
f 127 168 167
f 128 129 169
f 128 169 168
f 129 130 170
f 129 170 169
f 130 131 171
f 130 171 170
f 131 132 172
f 131 172 171
f 132 133 173
f 132 173 172
f 133 134 174
f 133 174 173
f 134 135 175
f 134 175 174
f 135 136 176
f 135 176 175
f 136 137 177
f 136 177 176
f 137 138 178
f 137 178 177
f 138 139 179
f 138 179 178
f 139 140 180
f 139 180 179
f 140 141 181
f 140 181 180
f 141 142 182
f 141 182 181
f 142 143 183
f 142 183 182
f 143 144 184
f 143 184 183
f 144 145 185
f 144 185 184
f 145 146 186
f 145 186 185
f 146 147 187
f 146 187 186
f 147 148 188
f 147 188 187
f 148 149 189
f 148 189 188
f 149 150 190
f 149 190 189
f 150 151 191
f 150 191 190
f 151 152 192
f 151 192 191
f 152 153 193
f 152 193 192
f 153 154 194
f 153 194 193
f 154 155 195
f 154 195 194
f 155 156 196
f 155 196 195
f 156 157 197
f 156 197 196
f 157 158 198
f 157 198 197
f 158 159 199
f 158 199 198
f 159 160 200
f 159 200 199
f 160 121 161
f 160 161 200
f 161 162 202
f 161 202 201
f 162 163 203
f 162 203 202
f 163 164 204
f 163 204 203
f 164 165 205
f 164 205 204
f 165 166 206
f 165 206 205
f 166 167 207
f 166 207 206
f 167 168 208
f 167 208 207
f 168 169 209
f 168 209 208
f 169 170 210
f 169 210 209
f 170 171 211
f 170 211 210
f 171 172 212
f 171 212 211
f 172 173 213
f 172 213 212
f 173 174 214
f 173 214 213
f 174 175 215
f 174 215 214
f 175 176 216
f 175 216 215
f 176 177 217
f 176 217 216
f 177 178 218
f 177 218 217
f 178 179 219
f 178 219 218
f 179 180 220
f 179 220 219
f 180 181 221
f 180 221 220
f 181 182 222
f 181 222 221
f 182 183 223
f 182 223 222
f 183 184 224
f 183 224 223
f 184 185 225
f 184 225 224
f 185 186 226
f 185 226 225
f 186 187 227
f 186 227 226
f 187 188 228
f 187 228 227
f 188 189 229
f 188 229 228
f 189 190 230
f 189 230 229
f 190 191 231
f 190 231 230
f 191 192 232
f 191 232 231
f 192 193 233
f 192 233 232
f 193 194 234
f 193 234 233
f 194 195 235
f 194 235 234
f 195 196 236
f 195 236 235
f 196 197 237
f 196 237 236
f 197 198 238
f 197 238 237
f 198 199 239
f 198 239 238
f 199 200 240
f 199 240 239
f 200 161 201
f 200 201 240
f 242 241 280
f 243 242 280
f 244 243 280
f 245 244 280
f 246 245 280
f 247 246 280
f 248 247 280
f 249 248 280
f 250 249 280
f 251 250 280
f 252 251 280
f 253 252 280
f 254 253 280
f 255 254 280
f 256 255 280
f 257 256 280
f 258 257 280
f 259 258 280
f 260 259 280
f 261 260 280
f 262 261 280
f 263 262 280
f 264 263 280
f 265 264 280
f 266 265 280
f 267 266 280
f 268 267 280
f 269 268 280
f 270 269 280
f 271 270 280
f 272 271 280
f 273 272 280
f 274 273 280
f 275 274 280
f 276 275 280
f 277 276 280
f 278 277 280
f 280 279 278
f 320 281 282
f 320 282 283
f 320 283 284
f 320 284 285
f 320 285 286
f 320 286 287
f 320 287 288
f 320 288 289
f 320 289 290
f 320 290 291
f 320 291 292
f 320 292 293
f 320 293 294
f 320 294 295
f 320 295 296
f 320 296 297
f 320 297 298
f 320 298 299
f 320 299 300
f 320 300 301
f 320 301 302
f 320 302 303
f 320 303 304
f 320 304 305
f 320 305 306
f 320 306 307
f 320 307 308
f 320 308 309
f 320 309 310
f 320 310 311
f 320 311 312
f 320 312 313
f 320 313 314
f 320 314 315
f 320 315 316
f 320 316 317
f 320 317 318
f 318 319 320
o fox_recess
usemtl fox_recess
v -0.866000 0.144000 -1.609769
v -0.867053 0.144000 -1.623138
v -0.870129 0.144000 -1.635952
v -0.875172 0.144000 -1.648127
v -0.882058 0.144000 -1.659363
v -0.890616 0.144000 -1.669384
v -0.900637 0.144000 -1.677942
v -0.911873 0.144000 -1.684828
v -0.924048 0.144000 -1.689871
v -0.936636 0.144000 -1.692893
v -1.609769 0.144000 -1.694000
v -1.623138 0.144000 -1.692947
v -1.635952 0.144000 -1.689871
v -1.648127 0.144000 -1.684828
v -1.659363 0.144000 -1.677942
v -1.669384 0.144000 -1.669384
v -1.677942 0.144000 -1.659363
v -1.684828 0.144000 -1.648127
v -1.689871 0.144000 -1.635952
v -1.692893 0.144000 -1.623364
v -1.694000 0.144000 -0.950231
v -1.692947 0.144000 -0.936862
v -1.689871 0.144000 -0.924048
v -1.684828 0.144000 -0.911873
v -1.677942 0.144000 -0.900637
v -1.669384 0.144000 -0.890616
v -1.659363 0.144000 -0.882058
v -1.648127 0.144000 -0.875172
v -1.635952 0.144000 -0.870129
v -1.623364 0.144000 -0.867107
v -0.950231 0.144000 -0.866000
v -0.936862 0.144000 -0.867053
v -0.924048 0.144000 -0.870129
v -0.911873 0.144000 -0.875172
v -0.900637 0.144000 -0.882058
v -0.890616 0.144000 -0.890616
v -0.882058 0.144000 -0.900637
v -0.875172 0.144000 -0.911873
v -0.870129 0.144000 -0.924048
v -0.867107 0.144000 -0.936636
v -0.861758 0.145758 -1.609932
v -0.862850 0.145758 -1.623803
v -0.866082 0.145758 -1.637267
v -0.871381 0.145758 -1.650059
v -0.878615 0.145758 -1.661864
v -0.887607 0.145758 -1.672393
v -0.898136 0.145758 -1.681385
v -0.909941 0.145758 -1.688619
v -0.922733 0.145758 -1.693918
v -0.936130 0.145758 -1.697134
v -1.609932 0.145758 -1.698242
v -1.623803 0.145758 -1.697150
v -1.637267 0.145758 -1.693918
v -1.650059 0.145758 -1.688619
v -1.661864 0.145758 -1.681385
v -1.672393 0.145758 -1.672393
v -1.681385 0.145758 -1.661864
v -1.688619 0.145758 -1.650059
v -1.693918 0.145758 -1.637267
v -1.697134 0.145758 -1.623870
v -1.698242 0.145758 -0.950068
v -1.697150 0.145758 -0.936197
v -1.693918 0.145758 -0.922733
v -1.688619 0.145758 -0.909941
v -1.681385 0.145758 -0.898136
v -1.672393 0.145758 -0.887607
v -1.661864 0.145758 -0.878615
v -1.650059 0.145758 -0.871381
v -1.637267 0.145758 -0.866082
v -1.623870 0.145758 -0.862866
v -0.950068 0.145758 -0.861758
v -0.936197 0.145758 -0.862850
v -0.922733 0.145758 -0.866082
v -0.909941 0.145758 -0.871381
v -0.898136 0.145758 -0.878615
v -0.887607 0.145758 -0.887607
v -0.878615 0.145758 -0.898136
v -0.871381 0.145758 -0.909941
v -0.866082 0.145758 -0.922733
v -0.862866 0.145758 -0.936130
v -0.860000 0.150000 -1.610000
v -0.861108 0.150000 -1.624079
v -0.864405 0.150000 -1.637812
v -0.869809 0.150000 -1.650859
v -0.877188 0.150000 -1.662901
v -0.886360 0.150000 -1.673640
v -0.897099 0.150000 -1.682812
v -0.909141 0.150000 -1.690191
v -0.922188 0.150000 -1.695595
v -0.935921 0.150000 -1.698892
v -1.610000 0.150000 -1.700000
v -1.624079 0.150000 -1.698892
v -1.637812 0.150000 -1.695595
v -1.650859 0.150000 -1.690191
v -1.662901 0.150000 -1.682812
v -1.673640 0.150000 -1.673640
v -1.682812 0.150000 -1.662901
v -1.690191 0.150000 -1.650859
v -1.695595 0.150000 -1.637812
v -1.698892 0.150000 -1.624079
v -1.700000 0.150000 -0.950000
v -1.698892 0.150000 -0.935921
v -1.695595 0.150000 -0.922188
v -1.690191 0.150000 -0.909141
v -1.682812 0.150000 -0.897099
v -1.673640 0.150000 -0.886360
v -1.662901 0.150000 -0.877188
v -1.650859 0.150000 -0.869809
v -1.637812 0.150000 -0.864405
v -1.624079 0.150000 -0.861108
v -0.950000 0.150000 -0.860000
v -0.935921 0.150000 -0.861108
v -0.922188 0.150000 -0.864405
v -0.909141 0.150000 -0.869809
v -0.897099 0.150000 -0.877188
v -0.886360 0.150000 -0.886360
v -0.877188 0.150000 -0.897099
v -0.869809 0.150000 -0.909141
v -0.864405 0.150000 -0.922188
v -0.861108 0.150000 -0.935921
v -0.860000 0.159000 -1.610000
v -0.861108 0.159000 -1.624079
v -0.864405 0.159000 -1.637812
v -0.869809 0.159000 -1.650859
v -0.877188 0.159000 -1.662901
v -0.886360 0.159000 -1.673640
v -0.897099 0.159000 -1.682812
v -0.909141 0.159000 -1.690191
v -0.922188 0.159000 -1.695595
v -0.935921 0.159000 -1.698892
v -1.610000 0.159000 -1.700000
v -1.624079 0.159000 -1.698892
v -1.637812 0.159000 -1.695595
v -1.650859 0.159000 -1.690191
v -1.662901 0.159000 -1.682812
v -1.673640 0.159000 -1.673640
v -1.682812 0.159000 -1.662901
v -1.690191 0.159000 -1.650859
v -1.695595 0.159000 -1.637812
v -1.698892 0.159000 -1.624079
v -1.700000 0.159000 -0.950000
v -1.698892 0.159000 -0.935921
v -1.695595 0.159000 -0.922188
v -1.690191 0.159000 -0.909141
v -1.682812 0.159000 -0.897099
v -1.673640 0.159000 -0.886360
v -1.662901 0.159000 -0.877188
v -1.650859 0.159000 -0.869809
v -1.637812 0.159000 -0.864405
v -1.624079 0.159000 -0.861108
v -0.950000 0.159000 -0.860000
v -0.935921 0.159000 -0.861108
v -0.922188 0.159000 -0.864405
v -0.909141 0.159000 -0.869809
v -0.897099 0.159000 -0.877188
v -0.886360 0.159000 -0.886360
v -0.877188 0.159000 -0.897099
v -0.869809 0.159000 -0.909141
v -0.864405 0.159000 -0.922188
v -0.861108 0.159000 -0.935921
v -0.861758 0.163242 -1.609932
v -0.862850 0.163242 -1.623803
v -0.866082 0.163242 -1.637267
v -0.871381 0.163242 -1.650059
v -0.878615 0.163242 -1.661864
v -0.887607 0.163242 -1.672393
v -0.898136 0.163242 -1.681385
v -0.909941 0.163242 -1.688619
v -0.922733 0.163242 -1.693918
v -0.936130 0.163242 -1.697134
v -1.609932 0.163242 -1.698242
v -1.623803 0.163242 -1.697150
v -1.637267 0.163242 -1.693918
v -1.650059 0.163242 -1.688619
v -1.661864 0.163242 -1.681385
v -1.672393 0.163242 -1.672393
v -1.681385 0.163242 -1.661864
v -1.688619 0.163242 -1.650059
v -1.693918 0.163242 -1.637267
v -1.697134 0.163242 -1.623870
v -1.698242 0.163242 -0.950068
v -1.697150 0.163242 -0.936197
v -1.693918 0.163242 -0.922733
v -1.688619 0.163242 -0.909941
v -1.681385 0.163242 -0.898136
v -1.672393 0.163242 -0.887607
v -1.661864 0.163242 -0.878615
v -1.650059 0.163242 -0.871381
v -1.637267 0.163242 -0.866082
v -1.623870 0.163242 -0.862866
v -0.950068 0.163242 -0.861758
v -0.936197 0.163242 -0.862850
v -0.922733 0.163242 -0.866082
v -0.909941 0.163242 -0.871381
v -0.898136 0.163242 -0.878615
v -0.887607 0.163242 -0.887607
v -0.878615 0.163242 -0.898136
v -0.871381 0.163242 -0.909941
v -0.866082 0.163242 -0.922733
v -0.862866 0.163242 -0.936130
v -0.866000 0.165000 -1.609769
v -0.867053 0.165000 -1.623138
v -0.870129 0.165000 -1.635952
v -0.875172 0.165000 -1.648127
v -0.882058 0.165000 -1.659363
v -0.890616 0.165000 -1.669384
v -0.900637 0.165000 -1.677942
v -0.911873 0.165000 -1.684828
v -0.924048 0.165000 -1.689871
v -0.936636 0.165000 -1.692893
v -1.609769 0.165000 -1.694000
v -1.623138 0.165000 -1.692947
v -1.635952 0.165000 -1.689871
v -1.648127 0.165000 -1.684828
v -1.659363 0.165000 -1.677942
v -1.669384 0.165000 -1.669384
v -1.677942 0.165000 -1.659363
v -1.684828 0.165000 -1.648127
v -1.689871 0.165000 -1.635952
v -1.692893 0.165000 -1.623364
v -1.694000 0.165000 -0.950231
v -1.692947 0.165000 -0.936862
v -1.689871 0.165000 -0.924048
v -1.684828 0.165000 -0.911873
v -1.677942 0.165000 -0.900637
v -1.669384 0.165000 -0.890616
v -1.659363 0.165000 -0.882058
v -1.648127 0.165000 -0.875172
v -1.635952 0.165000 -0.870129
v -1.623364 0.165000 -0.867107
v -0.950231 0.165000 -0.866000
v -0.936862 0.165000 -0.867053
v -0.924048 0.165000 -0.870129
v -0.911873 0.165000 -0.875172
v -0.900637 0.165000 -0.882058
v -0.890616 0.165000 -0.890616
v -0.882058 0.165000 -0.900637
v -0.875172 0.165000 -0.911873
v -0.870129 0.165000 -0.924048
v -0.867107 0.165000 -0.936636
v -0.866000 0.144000 -1.609769
v -0.867053 0.144000 -1.623138
v -0.870129 0.144000 -1.635952
v -0.875172 0.144000 -1.648127
v -0.882058 0.144000 -1.659363
v -0.890616 0.144000 -1.669384
v -0.900637 0.144000 -1.677942
v -0.911873 0.144000 -1.684828
v -0.924048 0.144000 -1.689871
v -0.936636 0.144000 -1.692893
v -1.609769 0.144000 -1.694000
v -1.623138 0.144000 -1.692947
v -1.635952 0.144000 -1.689871
v -1.648127 0.144000 -1.684828
v -1.659363 0.144000 -1.677942
v -1.669384 0.144000 -1.669384
v -1.677942 0.144000 -1.659363
v -1.684828 0.144000 -1.648127
v -1.689871 0.144000 -1.635952
v -1.692893 0.144000 -1.623364
v -1.694000 0.144000 -0.950231
v -1.692947 0.144000 -0.936862
v -1.689871 0.144000 -0.924048
v -1.684828 0.144000 -0.911873
v -1.677942 0.144000 -0.900637
v -1.669384 0.144000 -0.890616
v -1.659363 0.144000 -0.882058
v -1.648127 0.144000 -0.875172
v -1.635952 0.144000 -0.870129
v -1.623364 0.144000 -0.867107
v -0.950231 0.144000 -0.866000
v -0.936862 0.144000 -0.867053
v -0.924048 0.144000 -0.870129
v -0.911873 0.144000 -0.875172
v -0.900637 0.144000 -0.882058
v -0.890616 0.144000 -0.890616
v -0.882058 0.144000 -0.900637
v -0.875172 0.144000 -0.911873
v -0.870129 0.144000 -0.924048
v -0.867107 0.144000 -0.936636
v -0.866000 0.165000 -1.609769
v -0.867053 0.165000 -1.623138
v -0.870129 0.165000 -1.635952
v -0.875172 0.165000 -1.648127
v -0.882058 0.165000 -1.659363
v -0.890616 0.165000 -1.669384
v -0.900637 0.165000 -1.677942
v -0.911873 0.165000 -1.684828
v -0.924048 0.165000 -1.689871
v -0.936636 0.165000 -1.692893
v -1.609769 0.165000 -1.694000
v -1.623138 0.165000 -1.692947
v -1.635952 0.165000 -1.689871
v -1.648127 0.165000 -1.684828
v -1.659363 0.165000 -1.677942
v -1.669384 0.165000 -1.669384
v -1.677942 0.165000 -1.659363
v -1.684828 0.165000 -1.648127
v -1.689871 0.165000 -1.635952
v -1.692893 0.165000 -1.623364
v -1.694000 0.165000 -0.950231
v -1.692947 0.165000 -0.936862
v -1.689871 0.165000 -0.924048
v -1.684828 0.165000 -0.911873
v -1.677942 0.165000 -0.900637
v -1.669384 0.165000 -0.890616
v -1.659363 0.165000 -0.882058
v -1.648127 0.165000 -0.875172
v -1.635952 0.165000 -0.870129
v -1.623364 0.165000 -0.867107
v -0.950231 0.165000 -0.866000
v -0.936862 0.165000 -0.867053
v -0.924048 0.165000 -0.870129
v -0.911873 0.165000 -0.875172
v -0.900637 0.165000 -0.882058
v -0.890616 0.165000 -0.890616
v -0.882058 0.165000 -0.900637
v -0.875172 0.165000 -0.911873
v -0.870129 0.165000 -0.924048
v -0.867107 0.165000 -0.936636
f 321 322 362
f 321 362 361
f 322 323 363
f 322 363 362
f 323 324 364
f 323 364 363
f 324 325 365
f 324 365 364
f 325 326 366
f 325 366 365
f 326 327 367
f 326 367 366
f 327 328 368
f 327 368 367
f 328 329 369
f 328 369 368
f 329 330 370
f 329 370 369
f 330 331 371
f 330 371 370
f 331 332 372
f 331 372 371
f 332 333 373
f 332 373 372
f 333 334 374
f 333 374 373
f 334 335 375
f 334 375 374
f 335 336 376
f 335 376 375
f 336 337 377
f 336 377 376
f 337 338 378
f 337 378 377
f 338 339 379
f 338 379 378
f 339 340 380
f 339 380 379
f 340 341 381
f 340 381 380
f 341 342 382
f 341 382 381
f 342 343 383
f 342 383 382
f 343 344 384
f 343 384 383
f 344 345 385
f 344 385 384
f 345 346 386
f 345 386 385
f 346 347 387
f 346 387 386
f 347 348 388
f 347 388 387
f 348 349 389
f 348 389 388
f 349 350 390
f 349 390 389
f 350 351 391
f 350 391 390
f 351 352 392
f 351 392 391
f 352 353 393
f 352 393 392
f 353 354 394
f 353 394 393
f 354 355 395
f 354 395 394
f 355 356 396
f 355 396 395
f 356 357 397
f 356 397 396
f 357 358 398
f 357 398 397
f 358 359 399
f 358 399 398
f 359 360 400
f 359 400 399
f 360 321 361
f 360 361 400
f 361 362 402
f 361 402 401
f 362 363 403
f 362 403 402
f 363 364 404
f 363 404 403
f 364 365 405
f 364 405 404
f 365 366 406
f 365 406 405
f 366 367 407
f 366 407 406
f 367 368 408
f 367 408 407
f 368 369 409
f 368 409 408
f 369 370 410
f 369 410 409
f 370 371 411
f 370 411 410
f 371 372 412
f 371 412 411
f 372 373 413
f 372 413 412
f 373 374 414
f 373 414 413
f 374 375 415
f 374 415 414
f 375 376 416
f 375 416 415
f 376 377 417
f 376 417 416
f 377 378 418
f 377 418 417
f 378 379 419
f 378 419 418
f 379 380 420
f 379 420 419
f 380 381 421
f 380 421 420
f 381 382 422
f 381 422 421
f 382 383 423
f 382 423 422
f 383 384 424
f 383 424 423
f 384 385 425
f 384 425 424
f 385 386 426
f 385 426 425
f 386 387 427
f 386 427 426
f 387 388 428
f 387 428 427
f 388 389 429
f 388 429 428
f 389 390 430
f 389 430 429
f 390 391 431
f 390 431 430
f 391 392 432
f 391 432 431
f 392 393 433
f 392 433 432
f 393 394 434
f 393 434 433
f 394 395 435
f 394 435 434
f 395 396 436
f 395 436 435
f 396 397 437
f 396 437 436
f 397 398 438
f 397 438 437
f 398 399 439
f 398 439 438
f 399 400 440
f 399 440 439
f 400 361 401
f 400 401 440
f 401 402 442
f 401 442 441
f 402 403 443
f 402 443 442
f 403 404 444
f 403 444 443
f 404 405 445
f 404 445 444
f 405 406 446
f 405 446 445
f 406 407 447
f 406 447 446
f 407 408 448
f 407 448 447
f 408 409 449
f 408 449 448
f 409 410 450
f 409 450 449
f 410 411 451
f 410 451 450
f 411 412 452
f 411 452 451
f 412 413 453
f 412 453 452
f 413 414 454
f 413 454 453
f 414 415 455
f 414 455 454
f 415 416 456
f 415 456 455
f 416 417 457
f 416 457 456
f 417 418 458
f 417 458 457
f 418 419 459
f 418 459 458
f 419 420 460
f 419 460 459
f 420 421 461
f 420 461 460
f 421 422 462
f 421 462 461
f 422 423 463
f 422 463 462
f 423 424 464
f 423 464 463
f 424 425 465
f 424 465 464
f 425 426 466
f 425 466 465
f 426 427 467
f 426 467 466
f 427 428 468
f 427 468 467
f 428 429 469
f 428 469 468
f 429 430 470
f 429 470 469
f 430 431 471
f 430 471 470
f 431 432 472
f 431 472 471
f 432 433 473
f 432 473 472
f 433 434 474
f 433 474 473
f 434 435 475
f 434 475 474
f 435 436 476
f 435 476 475
f 436 437 477
f 436 477 476
f 437 438 478
f 437 478 477
f 438 439 479
f 438 479 478
f 439 440 480
f 439 480 479
f 440 401 441
f 440 441 480
f 441 442 482
f 441 482 481
f 442 443 483
f 442 483 482
f 443 444 484
f 443 484 483
f 444 445 485
f 444 485 484
f 445 446 486
f 445 486 485
f 446 447 487
f 446 487 486
f 447 448 488
f 447 488 487
f 448 449 489
f 448 489 488
f 449 450 490
f 449 490 489
f 450 451 491
f 450 491 490
f 451 452 492
f 451 492 491
f 452 453 493
f 452 493 492
f 453 454 494
f 453 494 493
f 454 455 495
f 454 495 494
f 455 456 496
f 455 496 495
f 456 457 497
f 456 497 496
f 457 458 498
f 457 498 497
f 458 459 499
f 458 499 498
f 459 460 500
f 459 500 499
f 460 461 501
f 460 501 500
f 461 462 502
f 461 502 501
f 462 463 503
f 462 503 502
f 463 464 504
f 463 504 503
f 464 465 505
f 464 505 504
f 465 466 506
f 465 506 505
f 466 467 507
f 466 507 506
f 467 468 508
f 467 508 507
f 468 469 509
f 468 509 508
f 469 470 510
f 469 510 509
f 470 471 511
f 470 511 510
f 471 472 512
f 471 512 511
f 472 473 513
f 472 513 512
f 473 474 514
f 473 514 513
f 474 475 515
f 474 515 514
f 475 476 516
f 475 516 515
f 476 477 517
f 476 517 516
f 477 478 518
f 477 518 517
f 478 479 519
f 478 519 518
f 479 480 520
f 479 520 519
f 480 441 481
f 480 481 520
f 481 482 522
f 481 522 521
f 482 483 523
f 482 523 522
f 483 484 524
f 483 524 523
f 484 485 525
f 484 525 524
f 485 486 526
f 485 526 525
f 486 487 527
f 486 527 526
f 487 488 528
f 487 528 527
f 488 489 529
f 488 529 528
f 489 490 530
f 489 530 529
f 490 491 531
f 490 531 530
f 491 492 532
f 491 532 531
f 492 493 533
f 492 533 532
f 493 494 534
f 493 534 533
f 494 495 535
f 494 535 534
f 495 496 536
f 495 536 535
f 496 497 537
f 496 537 536
f 497 498 538
f 497 538 537
f 498 499 539
f 498 539 538
f 499 500 540
f 499 540 539
f 500 501 541
f 500 541 540
f 501 502 542
f 501 542 541
f 502 503 543
f 502 543 542
f 503 504 544
f 503 544 543
f 504 505 545
f 504 545 544
f 505 506 546
f 505 546 545
f 506 507 547
f 506 547 546
f 507 508 548
f 507 548 547
f 508 509 549
f 508 549 548
f 509 510 550
f 509 550 549
f 510 511 551
f 510 551 550
f 511 512 552
f 511 552 551
f 512 513 553
f 512 553 552
f 513 514 554
f 513 554 553
f 514 515 555
f 514 555 554
f 515 516 556
f 515 556 555
f 516 517 557
f 516 557 556
f 517 518 558
f 517 558 557
f 518 519 559
f 518 559 558
f 519 520 560
f 519 560 559
f 520 481 521
f 520 521 560
f 562 561 600
f 563 562 600
f 564 563 600
f 565 564 600
f 566 565 600
f 567 566 600
f 568 567 600
f 569 568 600
f 570 569 600
f 571 570 600
f 572 571 600
f 573 572 600
f 574 573 600
f 575 574 600
f 576 575 600
f 577 576 600
f 578 577 600
f 579 578 600
f 580 579 600
f 581 580 600
f 582 581 600
f 583 582 600
f 584 583 600
f 585 584 600
f 586 585 600
f 587 586 600
f 588 587 600
f 589 588 600
f 590 589 600
f 591 590 600
f 592 591 600
f 593 592 600
f 594 593 600
f 595 594 600
f 596 595 600
f 597 596 600
f 598 597 600
f 600 599 598
f 640 601 602
f 640 602 603
f 640 603 604
f 640 604 605
f 640 605 606
f 640 606 607
f 640 607 608
f 640 608 609
f 640 609 610
f 640 610 611
f 640 611 612
f 640 612 613
f 640 613 614
f 640 614 615
f 640 615 616
f 640 616 617
f 640 617 618
f 640 618 619
f 640 619 620
f 640 620 621
f 640 621 622
f 640 622 623
f 640 623 624
f 640 624 625
f 640 625 626
f 640 626 627
f 640 627 628
f 640 628 629
f 640 629 630
f 640 630 631
f 640 631 632
f 640 632 633
f 640 633 634
f 640 634 635
f 640 635 636
f 640 636 637
f 640 637 638
f 638 639 640
o fox_rounded_rim
usemtl fox_base
v -0.780000 0.105000 -1.665000
v -0.781416 0.105000 -1.682990
v -0.785629 0.105000 -1.700537
v -0.792534 0.105000 -1.717209
v -0.801963 0.105000 -1.732595
v -0.813683 0.105000 -1.746317
v -0.827405 0.105000 -1.758037
v -0.842791 0.105000 -1.767466
v -0.859463 0.105000 -1.774371
v -0.877010 0.105000 -1.778584
v -1.665000 0.105000 -1.780000
v -1.682990 0.105000 -1.778584
v -1.700537 0.105000 -1.774371
v -1.717209 0.105000 -1.767466
v -1.732595 0.105000 -1.758037
v -1.746317 0.105000 -1.746317
v -1.758037 0.105000 -1.732595
v -1.767466 0.105000 -1.717209
v -1.774371 0.105000 -1.700537
v -1.778584 0.105000 -1.682990
v -1.780000 0.105000 -0.895000
v -1.778584 0.105000 -0.877010
v -1.774371 0.105000 -0.859463
v -1.767466 0.105000 -0.842791
v -1.758037 0.105000 -0.827405
v -1.746317 0.105000 -0.813683
v -1.732595 0.105000 -0.801963
v -1.717209 0.105000 -0.792534
v -1.700537 0.105000 -0.785629
v -1.682990 0.105000 -0.781416
v -0.895000 0.105000 -0.780000
v -0.877010 0.105000 -0.781416
v -0.859463 0.105000 -0.785629
v -0.842791 0.105000 -0.792534
v -0.827405 0.105000 -0.801963
v -0.813683 0.105000 -0.813683
v -0.801963 0.105000 -0.827405
v -0.792534 0.105000 -0.842791
v -0.785629 0.105000 -0.859463
v -0.781416 0.105000 -0.877010
v -0.780000 0.230000 -1.665000
v -0.781416 0.230000 -1.682990
v -0.785629 0.230000 -1.700537
v -0.792534 0.230000 -1.717209
v -0.801963 0.230000 -1.732595
v -0.813683 0.230000 -1.746317
v -0.827405 0.230000 -1.758037
v -0.842791 0.230000 -1.767466
v -0.859463 0.230000 -1.774371
v -0.877010 0.230000 -1.778584
v -1.665000 0.230000 -1.780000
v -1.682990 0.230000 -1.778584
v -1.700537 0.230000 -1.774371
v -1.717209 0.230000 -1.767466
v -1.732595 0.230000 -1.758037
v -1.746317 0.230000 -1.746317
v -1.758037 0.230000 -1.732595
v -1.767466 0.230000 -1.717209
v -1.774371 0.230000 -1.700537
v -1.778584 0.230000 -1.682990
v -1.780000 0.230000 -0.895000
v -1.778584 0.230000 -0.877010
v -1.774371 0.230000 -0.859463
v -1.767466 0.230000 -0.842791
v -1.758037 0.230000 -0.827405
v -1.746317 0.230000 -0.813683
v -1.732595 0.230000 -0.801963
v -1.717209 0.230000 -0.792534
v -1.700537 0.230000 -0.785629
v -1.682990 0.230000 -0.781416
v -0.895000 0.230000 -0.780000
v -0.877010 0.230000 -0.781416
v -0.859463 0.230000 -0.785629
v -0.842791 0.230000 -0.792534
v -0.827405 0.230000 -0.801963
v -0.813683 0.230000 -0.813683
v -0.801963 0.230000 -0.827405
v -0.792534 0.230000 -0.842791
v -0.785629 0.230000 -0.859463
v -0.781416 0.230000 -0.877010
v -0.784500 0.245000 -1.665500
v -0.785854 0.245000 -1.682708
v -0.789884 0.245000 -1.699492
v -0.796489 0.245000 -1.715439
v -0.805508 0.245000 -1.730156
v -0.816718 0.245000 -1.743282
v -0.829844 0.245000 -1.754492
v -0.844561 0.245000 -1.763511
v -0.860508 0.245000 -1.770116
v -0.877292 0.245000 -1.774146
v -1.665500 0.245000 -1.775500
v -1.682708 0.245000 -1.774146
v -1.699492 0.245000 -1.770116
v -1.715439 0.245000 -1.763511
v -1.730156 0.245000 -1.754492
v -1.743282 0.245000 -1.743282
v -1.754492 0.245000 -1.730156
v -1.763511 0.245000 -1.715439
v -1.770116 0.245000 -1.699492
v -1.774146 0.245000 -1.682708
v -1.775500 0.245000 -0.894500
v -1.774146 0.245000 -0.877292
v -1.770116 0.245000 -0.860508
v -1.763511 0.245000 -0.844561
v -1.754492 0.245000 -0.829844
v -1.743282 0.245000 -0.816718
v -1.730156 0.245000 -0.805508
v -1.715439 0.245000 -0.796489
v -1.699492 0.245000 -0.789884
v -1.682708 0.245000 -0.785854
v -0.894500 0.245000 -0.784500
v -0.877292 0.245000 -0.785854
v -0.860508 0.245000 -0.789884
v -0.844561 0.245000 -0.796489
v -0.829844 0.245000 -0.805508
v -0.816718 0.245000 -0.816718
v -0.805508 0.245000 -0.829844
v -0.796489 0.245000 -0.844561
v -0.789884 0.245000 -0.860508
v -0.785854 0.245000 -0.877292
v -0.795000 0.253000 -1.662000
v -0.796268 0.253000 -1.678113
v -0.800041 0.253000 -1.693829
v -0.806226 0.253000 -1.708761
v -0.814671 0.253000 -1.722542
v -0.825168 0.253000 -1.734832
v -0.837458 0.253000 -1.745329
v -0.851239 0.253000 -1.753774
v -0.866171 0.253000 -1.759959
v -0.881887 0.253000 -1.763732
v -1.662000 0.253000 -1.765000
v -1.678113 0.253000 -1.763732
v -1.693829 0.253000 -1.759959
v -1.708761 0.253000 -1.753774
v -1.722542 0.253000 -1.745329
v -1.734832 0.253000 -1.734832
v -1.745329 0.253000 -1.722542
v -1.753774 0.253000 -1.708761
v -1.759959 0.253000 -1.693829
v -1.763732 0.253000 -1.678113
v -1.765000 0.253000 -0.898000
v -1.763732 0.253000 -0.881887
v -1.759959 0.253000 -0.866171
v -1.753774 0.253000 -0.851239
v -1.745329 0.253000 -0.837458
v -1.734832 0.253000 -0.825168
v -1.722542 0.253000 -0.814671
v -1.708761 0.253000 -0.806226
v -1.693829 0.253000 -0.800041
v -1.678113 0.253000 -0.796268
v -0.898000 0.253000 -0.795000
v -0.881887 0.253000 -0.796268
v -0.866171 0.253000 -0.800041
v -0.851239 0.253000 -0.806226
v -0.837458 0.253000 -0.814671
v -0.825168 0.253000 -0.825168
v -0.814671 0.253000 -0.837458
v -0.806226 0.253000 -0.851239
v -0.800041 0.253000 -0.866171
v -0.796268 0.253000 -0.881887
v -0.861000 0.253000 -1.609000
v -0.862108 0.253000 -1.623079
v -0.865405 0.253000 -1.636812
v -0.870809 0.253000 -1.649859
v -0.878188 0.253000 -1.661901
v -0.887360 0.253000 -1.672640
v -0.898099 0.253000 -1.681812
v -0.910141 0.253000 -1.689191
v -0.923188 0.253000 -1.694595
v -0.936921 0.253000 -1.697892
v -1.609000 0.253000 -1.699000
v -1.623079 0.253000 -1.697892
v -1.636812 0.253000 -1.694595
v -1.649859 0.253000 -1.689191
v -1.661901 0.253000 -1.681812
v -1.672640 0.253000 -1.672640
v -1.681812 0.253000 -1.661901
v -1.689191 0.253000 -1.649859
v -1.694595 0.253000 -1.636812
v -1.697892 0.253000 -1.623079
v -1.699000 0.253000 -0.951000
v -1.697892 0.253000 -0.936921
v -1.694595 0.253000 -0.923188
v -1.689191 0.253000 -0.910141
v -1.681812 0.253000 -0.898099
v -1.672640 0.253000 -0.887360
v -1.661901 0.253000 -0.878188
v -1.649859 0.253000 -0.870809
v -1.636812 0.253000 -0.865405
v -1.623079 0.253000 -0.862108
v -0.951000 0.253000 -0.861000
v -0.936921 0.253000 -0.862108
v -0.923188 0.253000 -0.865405
v -0.910141 0.253000 -0.870809
v -0.898099 0.253000 -0.878188
v -0.887360 0.253000 -0.887360
v -0.878188 0.253000 -0.898099
v -0.870809 0.253000 -0.910141
v -0.865405 0.253000 -0.923188
v -0.862108 0.253000 -0.936921
v -0.869500 0.246000 -1.606500
v -0.870534 0.246000 -1.619640
v -0.873611 0.246000 -1.632457
v -0.878655 0.246000 -1.644635
v -0.885543 0.246000 -1.655874
v -0.894103 0.246000 -1.665897
v -0.904126 0.246000 -1.674457
v -0.915365 0.246000 -1.681345
v -0.927543 0.246000 -1.686389
v -0.940360 0.246000 -1.689466
v -1.606500 0.246000 -1.690500
v -1.619640 0.246000 -1.689466
v -1.632457 0.246000 -1.686389
v -1.644635 0.246000 -1.681345
v -1.655874 0.246000 -1.674457
v -1.665897 0.246000 -1.665897
v -1.674457 0.246000 -1.655874
v -1.681345 0.246000 -1.644635
v -1.686389 0.246000 -1.632457
v -1.689466 0.246000 -1.619640
v -1.690500 0.246000 -0.953500
v -1.689466 0.246000 -0.940360
v -1.686389 0.246000 -0.927543
v -1.681345 0.246000 -0.915365
v -1.674457 0.246000 -0.904126
v -1.665897 0.246000 -0.894103
v -1.655874 0.246000 -0.885543
v -1.644635 0.246000 -0.878655
v -1.632457 0.246000 -0.873611
v -1.619640 0.246000 -0.870534
v -0.953500 0.246000 -0.869500
v -0.940360 0.246000 -0.870534
v -0.927543 0.246000 -0.873611
v -0.915365 0.246000 -0.878655
v -0.904126 0.246000 -0.885543
v -0.894103 0.246000 -0.894103
v -0.885543 0.246000 -0.904126
v -0.878655 0.246000 -0.915365
v -0.873611 0.246000 -0.927543
v -0.870534 0.246000 -0.940360
v -0.874000 0.232000 -1.606000
v -0.874985 0.232000 -1.618515
v -0.877915 0.232000 -1.630721
v -0.882719 0.232000 -1.642319
v -0.889279 0.232000 -1.653023
v -0.897431 0.232000 -1.662569
v -0.906977 0.232000 -1.670721
v -0.917681 0.232000 -1.677281
v -0.929279 0.232000 -1.682085
v -0.941485 0.232000 -1.685015
v -1.606000 0.232000 -1.686000
v -1.618515 0.232000 -1.685015
v -1.630721 0.232000 -1.682085
v -1.642319 0.232000 -1.677281
v -1.653023 0.232000 -1.670721
v -1.662569 0.232000 -1.662569
v -1.670721 0.232000 -1.653023
v -1.677281 0.232000 -1.642319
v -1.682085 0.232000 -1.630721
v -1.685015 0.232000 -1.618515
v -1.686000 0.232000 -0.954000
v -1.685015 0.232000 -0.941485
v -1.682085 0.232000 -0.929279
v -1.677281 0.232000 -0.917681
v -1.670721 0.232000 -0.906977
v -1.662569 0.232000 -0.897431
v -1.653023 0.232000 -0.889279
v -1.642319 0.232000 -0.882719
v -1.630721 0.232000 -0.877915
v -1.618515 0.232000 -0.874985
v -0.954000 0.232000 -0.874000
v -0.941485 0.232000 -0.874985
v -0.929279 0.232000 -0.877915
v -0.917681 0.232000 -0.882719
v -0.906977 0.232000 -0.889279
v -0.897431 0.232000 -0.897431
v -0.889279 0.232000 -0.906977
v -0.882719 0.232000 -0.917681
v -0.877915 0.232000 -0.929279
v -0.874985 0.232000 -0.941485
v -0.874000 0.156000 -1.606000
v -0.874985 0.156000 -1.618515
v -0.877915 0.156000 -1.630721
v -0.882719 0.156000 -1.642319
v -0.889279 0.156000 -1.653023
v -0.897431 0.156000 -1.662569
v -0.906977 0.156000 -1.670721
v -0.917681 0.156000 -1.677281
v -0.929279 0.156000 -1.682085
v -0.941485 0.156000 -1.685015
v -1.606000 0.156000 -1.686000
v -1.618515 0.156000 -1.685015
v -1.630721 0.156000 -1.682085
v -1.642319 0.156000 -1.677281
v -1.653023 0.156000 -1.670721
v -1.662569 0.156000 -1.662569
v -1.670721 0.156000 -1.653023
v -1.677281 0.156000 -1.642319
v -1.682085 0.156000 -1.630721
v -1.685015 0.156000 -1.618515
v -1.686000 0.156000 -0.954000
v -1.685015 0.156000 -0.941485
v -1.682085 0.156000 -0.929279
v -1.677281 0.156000 -0.917681
v -1.670721 0.156000 -0.906977
v -1.662569 0.156000 -0.897431
v -1.653023 0.156000 -0.889279
v -1.642319 0.156000 -0.882719
v -1.630721 0.156000 -0.877915
v -1.618515 0.156000 -0.874985
v -0.954000 0.156000 -0.874000
v -0.941485 0.156000 -0.874985
v -0.929279 0.156000 -0.877915
v -0.917681 0.156000 -0.882719
v -0.906977 0.156000 -0.889279
v -0.897431 0.156000 -0.897431
v -0.889279 0.156000 -0.906977
v -0.882719 0.156000 -0.917681
v -0.877915 0.156000 -0.929279
v -0.874985 0.156000 -0.941485
v -0.862500 0.146000 -1.612500
v -0.863546 0.146000 -1.625797
v -0.866660 0.146000 -1.638766
v -0.871764 0.146000 -1.651089
v -0.878734 0.146000 -1.662462
v -0.887396 0.146000 -1.672604
v -0.897538 0.146000 -1.681266
v -0.908911 0.146000 -1.688236
v -0.921234 0.146000 -1.693340
v -0.934203 0.146000 -1.696454
v -1.612500 0.146000 -1.697500
v -1.625797 0.146000 -1.696454
v -1.638766 0.146000 -1.693340
v -1.651089 0.146000 -1.688236
v -1.662462 0.146000 -1.681266
v -1.672604 0.146000 -1.672604
v -1.681266 0.146000 -1.662462
v -1.688236 0.146000 -1.651089
v -1.693340 0.146000 -1.638766
v -1.696454 0.146000 -1.625797
v -1.697500 0.146000 -0.947500
v -1.696454 0.146000 -0.934203
v -1.693340 0.146000 -0.921234
v -1.688236 0.146000 -0.908911
v -1.681266 0.146000 -0.897538
v -1.672604 0.146000 -0.887396
v -1.662462 0.146000 -0.878734
v -1.651089 0.146000 -0.871764
v -1.638766 0.146000 -0.866660
v -1.625797 0.146000 -0.863546
v -0.947500 0.146000 -0.862500
v -0.934203 0.146000 -0.863546
v -0.921234 0.146000 -0.866660
v -0.908911 0.146000 -0.871764
v -0.897538 0.146000 -0.878734
v -0.887396 0.146000 -0.887396
v -0.878734 0.146000 -0.897538
v -0.871764 0.146000 -0.908911
v -0.866660 0.146000 -0.921234
v -0.863546 0.146000 -0.934203
v -0.795000 0.146000 -1.662000
v -0.796268 0.146000 -1.678113
v -0.800041 0.146000 -1.693829
v -0.806226 0.146000 -1.708761
v -0.814671 0.146000 -1.722542
v -0.825168 0.146000 -1.734832
v -0.837458 0.146000 -1.745329
v -0.851239 0.146000 -1.753774
v -0.866171 0.146000 -1.759959
v -0.881887 0.146000 -1.763732
v -1.662000 0.146000 -1.765000
v -1.678113 0.146000 -1.763732
v -1.693829 0.146000 -1.759959
v -1.708761 0.146000 -1.753774
v -1.722542 0.146000 -1.745329
v -1.734832 0.146000 -1.734832
v -1.745329 0.146000 -1.722542
v -1.753774 0.146000 -1.708761
v -1.759959 0.146000 -1.693829
v -1.763732 0.146000 -1.678113
v -1.765000 0.146000 -0.898000
v -1.763732 0.146000 -0.881887
v -1.759959 0.146000 -0.866171
v -1.753774 0.146000 -0.851239
v -1.745329 0.146000 -0.837458
v -1.734832 0.146000 -0.825168
v -1.722542 0.146000 -0.814671
v -1.708761 0.146000 -0.806226
v -1.693829 0.146000 -0.800041
v -1.678113 0.146000 -0.796268
v -0.898000 0.146000 -0.795000
v -0.881887 0.146000 -0.796268
v -0.866171 0.146000 -0.800041
v -0.851239 0.146000 -0.806226
v -0.837458 0.146000 -0.814671
v -0.825168 0.146000 -0.825168
v -0.814671 0.146000 -0.837458
v -0.806226 0.146000 -0.851239
v -0.800041 0.146000 -0.866171
v -0.796268 0.146000 -0.881887
f 641 642 682
f 641 682 681
f 642 643 683
f 642 683 682
f 643 644 684
f 643 684 683
f 644 645 685
f 644 685 684
f 645 646 686
f 645 686 685
f 646 647 687
f 646 687 686
f 647 648 688
f 647 688 687
f 648 649 689
f 648 689 688
f 649 650 690
f 649 690 689
f 650 651 691
f 650 691 690
f 651 652 692
f 651 692 691
f 652 653 693
f 652 693 692
f 653 654 694
f 653 694 693
f 654 655 695
f 654 695 694
f 655 656 696
f 655 696 695
f 656 657 697
f 656 697 696
f 657 658 698
f 657 698 697
f 658 659 699
f 658 699 698
f 659 660 700
f 659 700 699
f 660 661 701
f 660 701 700
f 661 662 702
f 661 702 701
f 662 663 703
f 662 703 702
f 663 664 704
f 663 704 703
f 664 665 705
f 664 705 704
f 665 666 706
f 665 706 705
f 666 667 707
f 666 707 706
f 667 668 708
f 667 708 707
f 668 669 709
f 668 709 708
f 669 670 710
f 669 710 709
f 670 671 711
f 670 711 710
f 671 672 712
f 671 712 711
f 672 673 713
f 672 713 712
f 673 674 714
f 673 714 713
f 674 675 715
f 674 715 714
f 675 676 716
f 675 716 715
f 676 677 717
f 676 717 716
f 677 678 718
f 677 718 717
f 678 679 719
f 678 719 718
f 679 680 720
f 679 720 719
f 680 641 681
f 680 681 720
f 681 682 722
f 681 722 721
f 682 683 723
f 682 723 722
f 683 684 724
f 683 724 723
f 684 685 725
f 684 725 724
f 685 686 726
f 685 726 725
f 686 687 727
f 686 727 726
f 687 688 728
f 687 728 727
f 688 689 729
f 688 729 728
f 689 690 730
f 689 730 729
f 690 691 731
f 690 731 730
f 691 692 732
f 691 732 731
f 692 693 733
f 692 733 732
f 693 694 734
f 693 734 733
f 694 695 735
f 694 735 734
f 695 696 736
f 695 736 735
f 696 697 737
f 696 737 736
f 697 698 738
f 697 738 737
f 698 699 739
f 698 739 738
f 699 700 740
f 699 740 739
f 700 701 741
f 700 741 740
f 701 702 742
f 701 742 741
f 702 703 743
f 702 743 742
f 703 704 744
f 703 744 743
f 704 705 745
f 704 745 744
f 705 706 746
f 705 746 745
f 706 707 747
f 706 747 746
f 707 708 748
f 707 748 747
f 708 709 749
f 708 749 748
f 709 710 750
f 709 750 749
f 710 711 751
f 710 751 750
f 711 712 752
f 711 752 751
f 712 713 753
f 712 753 752
f 713 714 754
f 713 754 753
f 714 715 755
f 714 755 754
f 715 716 756
f 715 756 755
f 716 717 757
f 716 757 756
f 717 718 758
f 717 758 757
f 718 719 759
f 718 759 758
f 719 720 760
f 719 760 759
f 720 681 721
f 720 721 760
f 721 722 762
f 721 762 761
f 722 723 763
f 722 763 762
f 723 724 764
f 723 764 763
f 724 725 765
f 724 765 764
f 725 726 766
f 725 766 765
f 726 727 767
f 726 767 766
f 727 728 768
f 727 768 767
f 728 729 769
f 728 769 768
f 729 730 770
f 729 770 769
f 730 731 771
f 730 771 770
f 731 732 772
f 731 772 771
f 732 733 773
f 732 773 772
f 733 734 774
f 733 774 773
f 734 735 775
f 734 775 774
f 735 736 776
f 735 776 775
f 736 737 777
f 736 777 776
f 737 738 778
f 737 778 777
f 738 739 779
f 738 779 778
f 739 740 780
f 739 780 779
f 740 741 781
f 740 781 780
f 741 742 782
f 741 782 781
f 742 743 783
f 742 783 782
f 743 744 784
f 743 784 783
f 744 745 785
f 744 785 784
f 745 746 786
f 745 786 785
f 746 747 787
f 746 787 786
f 747 748 788
f 747 788 787
f 748 749 789
f 748 789 788
f 749 750 790
f 749 790 789
f 750 751 791
f 750 791 790
f 751 752 792
f 751 792 791
f 752 753 793
f 752 793 792
f 753 754 794
f 753 794 793
f 754 755 795
f 754 795 794
f 755 756 796
f 755 796 795
f 756 757 797
f 756 797 796
f 757 758 798
f 757 798 797
f 758 759 799
f 758 799 798
f 759 760 800
f 759 800 799
f 760 721 761
f 760 761 800
f 761 762 802
f 761 802 801
f 762 763 803
f 762 803 802
f 763 764 804
f 763 804 803
f 764 765 805
f 764 805 804
f 765 766 806
f 765 806 805
f 766 767 807
f 766 807 806
f 767 768 808
f 767 808 807
f 768 769 809
f 768 809 808
f 769 770 810
f 769 810 809
f 770 771 811
f 770 811 810
f 771 772 812
f 771 812 811
f 772 773 813
f 772 813 812
f 773 774 814
f 773 814 813
f 774 775 815
f 774 815 814
f 775 776 816
f 775 816 815
f 776 777 817
f 776 817 816
f 777 778 818
f 777 818 817
f 778 779 819
f 778 819 818
f 779 780 820
f 779 820 819
f 780 781 821
f 780 821 820
f 781 782 822
f 781 822 821
f 782 783 823
f 782 823 822
f 783 784 824
f 783 824 823
f 784 785 825
f 784 825 824
f 785 786 826
f 785 826 825
f 786 787 827
f 786 827 826
f 787 788 828
f 787 828 827
f 788 789 829
f 788 829 828
f 789 790 830
f 789 830 829
f 790 791 831
f 790 831 830
f 791 792 832
f 791 832 831
f 792 793 833
f 792 833 832
f 793 794 834
f 793 834 833
f 794 795 835
f 794 835 834
f 795 796 836
f 795 836 835
f 796 797 837
f 796 837 836
f 797 798 838
f 797 838 837
f 798 799 839
f 798 839 838
f 799 800 840
f 799 840 839
f 800 761 801
f 800 801 840
f 801 802 842
f 801 842 841
f 802 803 843
f 802 843 842
f 803 804 844
f 803 844 843
f 804 805 845
f 804 845 844
f 805 806 846
f 805 846 845
f 806 807 847
f 806 847 846
f 807 808 848
f 807 848 847
f 808 809 849
f 808 849 848
f 809 810 850
f 809 850 849
f 810 811 851
f 810 851 850
f 811 812 852
f 811 852 851
f 812 813 853
f 812 853 852
f 813 814 854
f 813 854 853
f 814 815 855
f 814 855 854
f 815 816 856
f 815 856 855
f 816 817 857
f 816 857 856
f 817 818 858
f 817 858 857
f 818 819 859
f 818 859 858
f 819 820 860
f 819 860 859
f 820 821 861
f 820 861 860
f 821 822 862
f 821 862 861
f 822 823 863
f 822 863 862
f 823 824 864
f 823 864 863
f 824 825 865
f 824 865 864
f 825 826 866
f 825 866 865
f 826 827 867
f 826 867 866
f 827 828 868
f 827 868 867
f 828 829 869
f 828 869 868
f 829 830 870
f 829 870 869
f 830 831 871
f 830 871 870
f 831 832 872
f 831 872 871
f 832 833 873
f 832 873 872
f 833 834 874
f 833 874 873
f 834 835 875
f 834 875 874
f 835 836 876
f 835 876 875
f 836 837 877
f 836 877 876
f 837 838 878
f 837 878 877
f 838 839 879
f 838 879 878
f 839 840 880
f 839 880 879
f 840 801 841
f 840 841 880
f 841 842 882
f 841 882 881
f 842 843 883
f 842 883 882
f 843 844 884
f 843 884 883
f 844 845 885
f 844 885 884
f 845 846 886
f 845 886 885
f 846 847 887
f 846 887 886
f 847 848 888
f 847 888 887
f 848 849 889
f 848 889 888
f 849 850 890
f 849 890 889
f 850 851 891
f 850 891 890
f 851 852 892
f 851 892 891
f 852 853 893
f 852 893 892
f 853 854 894
f 853 894 893
f 854 855 895
f 854 895 894
f 855 856 896
f 855 896 895
f 856 857 897
f 856 897 896
f 857 858 898
f 857 898 897
f 858 859 899
f 858 899 898
f 859 860 900
f 859 900 899
f 860 861 901
f 860 901 900
f 861 862 902
f 861 902 901
f 862 863 903
f 862 903 902
f 863 864 904
f 863 904 903
f 864 865 905
f 864 905 904
f 865 866 906
f 865 906 905
f 866 867 907
f 866 907 906
f 867 868 908
f 867 908 907
f 868 869 909
f 868 909 908
f 869 870 910
f 869 910 909
f 870 871 911
f 870 911 910
f 871 872 912
f 871 912 911
f 872 873 913
f 872 913 912
f 873 874 914
f 873 914 913
f 874 875 915
f 874 915 914
f 875 876 916
f 875 916 915
f 876 877 917
f 876 917 916
f 877 878 918
f 877 918 917
f 878 879 919
f 878 919 918
f 879 880 920
f 879 920 919
f 880 841 881
f 880 881 920
f 881 882 922
f 881 922 921
f 882 883 923
f 882 923 922
f 883 884 924
f 883 924 923
f 884 885 925
f 884 925 924
f 885 886 926
f 885 926 925
f 886 887 927
f 886 927 926
f 887 888 928
f 887 928 927
f 888 889 929
f 888 929 928
f 889 890 930
f 889 930 929
f 890 891 931
f 890 931 930
f 891 892 932
f 891 932 931
f 892 893 933
f 892 933 932
f 893 894 934
f 893 934 933
f 894 895 935
f 894 935 934
f 895 896 936
f 895 936 935
f 896 897 937
f 896 937 936
f 897 898 938
f 897 938 937
f 898 899 939
f 898 939 938
f 899 900 940
f 899 940 939
f 900 901 941
f 900 941 940
f 901 902 942
f 901 942 941
f 902 903 943
f 902 943 942
f 903 904 944
f 903 944 943
f 904 905 945
f 904 945 944
f 905 906 946
f 905 946 945
f 906 907 947
f 906 947 946
f 907 908 948
f 907 948 947
f 908 909 949
f 908 949 948
f 909 910 950
f 909 950 949
f 910 911 951
f 910 951 950
f 911 912 952
f 911 952 951
f 912 913 953
f 912 953 952
f 913 914 954
f 913 954 953
f 914 915 955
f 914 955 954
f 915 916 956
f 915 956 955
f 916 917 957
f 916 957 956
f 917 918 958
f 917 958 957
f 918 919 959
f 918 959 958
f 919 920 960
f 919 960 959
f 920 881 921
f 920 921 960
f 921 922 962
f 921 962 961
f 922 923 963
f 922 963 962
f 923 924 964
f 923 964 963
f 924 925 965
f 924 965 964
f 925 926 966
f 925 966 965
f 926 927 967
f 926 967 966
f 927 928 968
f 927 968 967
f 928 929 969
f 928 969 968
f 929 930 970
f 929 970 969
f 930 931 971
f 930 971 970
f 931 932 972
f 931 972 971
f 932 933 973
f 932 973 972
f 933 934 974
f 933 974 973
f 934 935 975
f 934 975 974
f 935 936 976
f 935 976 975
f 936 937 977
f 936 977 976
f 937 938 978
f 937 978 977
f 938 939 979
f 938 979 978
f 939 940 980
f 939 980 979
f 940 941 981
f 940 981 980
f 941 942 982
f 941 982 981
f 942 943 983
f 942 983 982
f 943 944 984
f 943 984 983
f 944 945 985
f 944 985 984
f 945 946 986
f 945 986 985
f 946 947 987
f 946 987 986
f 947 948 988
f 947 988 987
f 948 949 989
f 948 989 988
f 949 950 990
f 949 990 989
f 950 951 991
f 950 991 990
f 951 952 992
f 951 992 991
f 952 953 993
f 952 993 992
f 953 954 994
f 953 994 993
f 954 955 995
f 954 995 994
f 955 956 996
f 955 996 995
f 956 957 997
f 956 997 996
f 957 958 998
f 957 998 997
f 958 959 999
f 958 999 998
f 959 960 1000
f 959 1000 999
f 960 921 961
f 960 961 1000
f 961 962 1002
f 961 1002 1001
f 962 963 1003
f 962 1003 1002
f 963 964 1004
f 963 1004 1003
f 964 965 1005
f 964 1005 1004
f 965 966 1006
f 965 1006 1005
f 966 967 1007
f 966 1007 1006
f 967 968 1008
f 967 1008 1007
f 968 969 1009
f 968 1009 1008
f 969 970 1010
f 969 1010 1009
f 970 971 1011
f 970 1011 1010
f 971 972 1012
f 971 1012 1011
f 972 973 1013
f 972 1013 1012
f 973 974 1014
f 973 1014 1013
f 974 975 1015
f 974 1015 1014
f 975 976 1016
f 975 1016 1015
f 976 977 1017
f 976 1017 1016
f 977 978 1018
f 977 1018 1017
f 978 979 1019
f 978 1019 1018
f 979 980 1020
f 979 1020 1019
f 980 981 1021
f 980 1021 1020
f 981 982 1022
f 981 1022 1021
f 982 983 1023
f 982 1023 1022
f 983 984 1024
f 983 1024 1023
f 984 985 1025
f 984 1025 1024
f 985 986 1026
f 985 1026 1025
f 986 987 1027
f 986 1027 1026
f 987 988 1028
f 987 1028 1027
f 988 989 1029
f 988 1029 1028
f 989 990 1030
f 989 1030 1029
f 990 991 1031
f 990 1031 1030
f 991 992 1032
f 991 1032 1031
f 992 993 1033
f 992 1033 1032
f 993 994 1034
f 993 1034 1033
f 994 995 1035
f 994 1035 1034
f 995 996 1036
f 995 1036 1035
f 996 997 1037
f 996 1037 1036
f 997 998 1038
f 997 1038 1037
f 998 999 1039
f 998 1039 1038
f 999 1000 1040
f 999 1040 1039
f 1000 961 1001
f 1000 1001 1040
f 1001 1002 642
f 1001 642 641
f 1002 1003 643
f 1002 643 642
f 1003 1004 644
f 1003 644 643
f 1004 1005 645
f 1004 645 644
f 1005 1006 646
f 1005 646 645
f 1006 1007 647
f 1006 647 646
f 1007 1008 648
f 1007 648 647
f 1008 1009 649
f 1008 649 648
f 1009 1010 650
f 1009 650 649
f 1010 1011 651
f 1010 651 650
f 1011 1012 652
f 1011 652 651
f 1012 1013 653
f 1012 653 652
f 1013 1014 654
f 1013 654 653
f 1014 1015 655
f 1014 655 654
f 1015 1016 656
f 1015 656 655
f 1016 1017 657
f 1016 657 656
f 1017 1018 658
f 1017 658 657
f 1018 1019 659
f 1018 659 658
f 1019 1020 660
f 1019 660 659
f 1020 1021 661
f 1020 661 660
f 1021 1022 662
f 1021 662 661
f 1022 1023 663
f 1022 663 662
f 1023 1024 664
f 1023 664 663
f 1024 1025 665
f 1024 665 664
f 1025 1026 666
f 1025 666 665
f 1026 1027 667
f 1026 667 666
f 1027 1028 668
f 1027 668 667
f 1028 1029 669
f 1028 669 668
f 1029 1030 670
f 1029 670 669
f 1030 1031 671
f 1030 671 670
f 1031 1032 672
f 1031 672 671
f 1032 1033 673
f 1032 673 672
f 1033 1034 674
f 1033 674 673
f 1034 1035 675
f 1034 675 674
f 1035 1036 676
f 1035 676 675
f 1036 1037 677
f 1036 677 676
f 1037 1038 678
f 1037 678 677
f 1038 1039 679
f 1038 679 678
f 1039 1040 680
f 1039 680 679
f 1040 1001 641
f 1040 641 680
o fox_head
usemtl fox_relief
v -1.527464 0.163000 -1.308405
v -1.280000 0.163000 -1.002715
v -1.032536 0.163000 -1.308405
v -0.990695 0.163000 -1.554805
v -1.138852 0.163000 -1.471467
v -1.280000 0.163000 -1.506754
v -1.421148 0.163000 -1.471467
v -1.569305 0.163000 -1.554805
v -1.532792 0.165344 -1.305998
v -1.280000 0.165344 -0.993725
v -1.027208 0.165344 -1.305998
v -0.983134 0.165344 -1.565548
v -1.139664 0.165344 -1.477500
v -1.280000 0.165344 -1.512584
v -1.420336 0.165344 -1.477500
v -1.576866 0.165344 -1.565548
v -1.535000 0.171000 -1.305000
v -1.280000 0.171000 -0.990000
v -1.025000 0.171000 -1.305000
v -0.980000 0.171000 -1.570000
v -1.140000 0.171000 -1.480000
v -1.280000 0.171000 -1.515000
v -1.420000 0.171000 -1.480000
v -1.580000 0.171000 -1.570000
v -1.535000 0.221000 -1.305000
v -1.280000 0.221000 -0.990000
v -1.025000 0.221000 -1.305000
v -0.980000 0.221000 -1.570000
v -1.140000 0.221000 -1.480000
v -1.280000 0.221000 -1.515000
v -1.420000 0.221000 -1.480000
v -1.580000 0.221000 -1.570000
v -1.532792 0.226656 -1.305998
v -1.280000 0.226656 -0.993725
v -1.027208 0.226656 -1.305998
v -0.983134 0.226656 -1.565548
v -1.139664 0.226656 -1.477500
v -1.280000 0.226656 -1.512584
v -1.420336 0.226656 -1.477500
v -1.576866 0.226656 -1.565548
v -1.527464 0.229000 -1.308405
v -1.280000 0.229000 -1.002715
v -1.032536 0.229000 -1.308405
v -0.990695 0.229000 -1.554805
v -1.138852 0.229000 -1.471467
v -1.280000 0.229000 -1.506754
v -1.421148 0.229000 -1.471467
v -1.569305 0.229000 -1.554805
v -1.527464 0.163000 -1.308405
v -1.280000 0.163000 -1.002715
v -1.032536 0.163000 -1.308405
v -0.990695 0.163000 -1.554805
v -1.138852 0.163000 -1.471467
v -1.280000 0.163000 -1.506754
v -1.421148 0.163000 -1.471467
v -1.569305 0.163000 -1.554805
v -1.527464 0.229000 -1.308405
v -1.280000 0.229000 -1.002715
v -1.032536 0.229000 -1.308405
v -0.990695 0.229000 -1.554805
v -1.138852 0.229000 -1.471467
v -1.280000 0.229000 -1.506754
v -1.421148 0.229000 -1.471467
v -1.569305 0.229000 -1.554805
f 1041 1042 1050
f 1041 1050 1049
f 1042 1043 1051
f 1042 1051 1050
f 1043 1044 1052
f 1043 1052 1051
f 1044 1045 1053
f 1044 1053 1052
f 1045 1046 1054
f 1045 1054 1053
f 1046 1047 1055
f 1046 1055 1054
f 1047 1048 1056
f 1047 1056 1055
f 1048 1041 1049
f 1048 1049 1056
f 1049 1050 1058
f 1049 1058 1057
f 1050 1051 1059
f 1050 1059 1058
f 1051 1052 1060
f 1051 1060 1059
f 1052 1053 1061
f 1052 1061 1060
f 1053 1054 1062
f 1053 1062 1061
f 1054 1055 1063
f 1054 1063 1062
f 1055 1056 1064
f 1055 1064 1063
f 1056 1049 1057
f 1056 1057 1064
f 1057 1058 1066
f 1057 1066 1065
f 1058 1059 1067
f 1058 1067 1066
f 1059 1060 1068
f 1059 1068 1067
f 1060 1061 1069
f 1060 1069 1068
f 1061 1062 1070
f 1061 1070 1069
f 1062 1063 1071
f 1062 1071 1070
f 1063 1064 1072
f 1063 1072 1071
f 1064 1057 1065
f 1064 1065 1072
f 1065 1066 1074
f 1065 1074 1073
f 1066 1067 1075
f 1066 1075 1074
f 1067 1068 1076
f 1067 1076 1075
f 1068 1069 1077
f 1068 1077 1076
f 1069 1070 1078
f 1069 1078 1077
f 1070 1071 1079
f 1070 1079 1078
f 1071 1072 1080
f 1071 1080 1079
f 1072 1065 1073
f 1072 1073 1080
f 1073 1074 1082
f 1073 1082 1081
f 1074 1075 1083
f 1074 1083 1082
f 1075 1076 1084
f 1075 1084 1083
f 1076 1077 1085
f 1076 1085 1084
f 1077 1078 1086
f 1077 1086 1085
f 1078 1079 1087
f 1078 1087 1086
f 1079 1080 1088
f 1079 1088 1087
f 1080 1073 1081
f 1080 1081 1088
f 1090 1089 1096
f 1092 1091 1090
f 1093 1092 1090
f 1094 1093 1090
f 1095 1094 1090
f 1096 1095 1090
f 1104 1097 1098
f 1098 1099 1100
f 1098 1100 1101
f 1098 1101 1102
f 1098 1102 1103
f 1098 1103 1104
o fox_muzzle_left
usemtl fox_relief
v -1.407027 0.224000 -1.162676
v -1.284198 0.224000 -1.025109
v -1.363405 0.224000 -1.252581
v -1.450525 0.224000 -1.320341
v -1.518456 0.224000 -1.288640
v -1.409129 0.225172 -1.160784
v -1.281230 0.225172 -1.020083
v -1.360998 0.225172 -1.254291
v -1.450154 0.225172 -1.323635
v -1.523083 0.225172 -1.289601
v -1.410000 0.228000 -1.160000
v -1.280000 0.228000 -1.018000
v -1.360000 0.228000 -1.255000
v -1.450000 0.228000 -1.325000
v -1.525000 0.228000 -1.290000
v -1.410000 0.238000 -1.160000
v -1.280000 0.238000 -1.018000
v -1.360000 0.238000 -1.255000
v -1.450000 0.238000 -1.325000
v -1.525000 0.238000 -1.290000
v -1.409129 0.240828 -1.160784
v -1.281230 0.240828 -1.020083
v -1.360998 0.240828 -1.254291
v -1.450154 0.240828 -1.323635
v -1.523083 0.240828 -1.289601
v -1.407027 0.242000 -1.162676
v -1.284198 0.242000 -1.025109
v -1.363405 0.242000 -1.252581
v -1.450525 0.242000 -1.320341
v -1.518456 0.242000 -1.288640
v -1.407027 0.224000 -1.162676
v -1.284198 0.224000 -1.025109
v -1.363405 0.224000 -1.252581
v -1.450525 0.224000 -1.320341
v -1.518456 0.224000 -1.288640
v -1.407027 0.242000 -1.162676
v -1.284198 0.242000 -1.025109
v -1.363405 0.242000 -1.252581
v -1.450525 0.242000 -1.320341
v -1.518456 0.242000 -1.288640
f 1105 1106 1111
f 1105 1111 1110
f 1106 1107 1112
f 1106 1112 1111
f 1107 1108 1113
f 1107 1113 1112
f 1108 1109 1114
f 1108 1114 1113
f 1109 1105 1110
f 1109 1110 1114
f 1110 1111 1116
f 1110 1116 1115
f 1111 1112 1117
f 1111 1117 1116
f 1112 1113 1118
f 1112 1118 1117
f 1113 1114 1119
f 1113 1119 1118
f 1114 1110 1115
f 1114 1115 1119
f 1115 1116 1121
f 1115 1121 1120
f 1116 1117 1122
f 1116 1122 1121
f 1117 1118 1123
f 1117 1123 1122
f 1118 1119 1124
f 1118 1124 1123
f 1119 1115 1120
f 1119 1120 1124
f 1120 1121 1126
f 1120 1126 1125
f 1121 1122 1127
f 1121 1127 1126
f 1122 1123 1128
f 1122 1128 1127
f 1123 1124 1129
f 1123 1129 1128
f 1124 1120 1125
f 1124 1125 1129
f 1125 1126 1131
f 1125 1131 1130
f 1126 1127 1132
f 1126 1132 1131
f 1127 1128 1133
f 1127 1133 1132
f 1128 1129 1134
f 1128 1134 1133
f 1129 1125 1130
f 1129 1130 1134
f 1136 1135 1139
f 1137 1136 1139
f 1139 1138 1137
f 1144 1140 1141
f 1144 1141 1142
f 1142 1143 1144
o fox_muzzle_right
usemtl fox_relief
v -1.041544 0.224000 -1.288640
v -1.109475 0.224000 -1.320341
v -1.196595 0.224000 -1.252581
v -1.275802 0.224000 -1.025109
v -1.152973 0.224000 -1.162676
v -1.036917 0.225172 -1.289601
v -1.109846 0.225172 -1.323635
v -1.199002 0.225172 -1.254291
v -1.278770 0.225172 -1.020083
v -1.150871 0.225172 -1.160784
v -1.035000 0.228000 -1.290000
v -1.110000 0.228000 -1.325000
v -1.200000 0.228000 -1.255000
v -1.280000 0.228000 -1.018000
v -1.150000 0.228000 -1.160000
v -1.035000 0.238000 -1.290000
v -1.110000 0.238000 -1.325000
v -1.200000 0.238000 -1.255000
v -1.280000 0.238000 -1.018000
v -1.150000 0.238000 -1.160000
v -1.036917 0.240828 -1.289601
v -1.109846 0.240828 -1.323635
v -1.199002 0.240828 -1.254291
v -1.278770 0.240828 -1.020083
v -1.150871 0.240828 -1.160784
v -1.041544 0.242000 -1.288640
v -1.109475 0.242000 -1.320341
v -1.196595 0.242000 -1.252581
v -1.275802 0.242000 -1.025109
v -1.152973 0.242000 -1.162676
v -1.041544 0.224000 -1.288640
v -1.109475 0.224000 -1.320341
v -1.196595 0.224000 -1.252581
v -1.275802 0.224000 -1.025109
v -1.152973 0.224000 -1.162676
v -1.041544 0.242000 -1.288640
v -1.109475 0.242000 -1.320341
v -1.196595 0.242000 -1.252581
v -1.275802 0.242000 -1.025109
v -1.152973 0.242000 -1.162676
f 1145 1146 1151
f 1145 1151 1150
f 1146 1147 1152
f 1146 1152 1151
f 1147 1148 1153
f 1147 1153 1152
f 1148 1149 1154
f 1148 1154 1153
f 1149 1145 1150
f 1149 1150 1154
f 1150 1151 1156
f 1150 1156 1155
f 1151 1152 1157
f 1151 1157 1156
f 1152 1153 1158
f 1152 1158 1157
f 1153 1154 1159
f 1153 1159 1158
f 1154 1150 1155
f 1154 1155 1159
f 1155 1156 1161
f 1155 1161 1160
f 1156 1157 1162
f 1156 1162 1161
f 1157 1158 1163
f 1157 1163 1162
f 1158 1159 1164
f 1158 1164 1163
f 1159 1155 1160
f 1159 1160 1164
f 1160 1161 1166
f 1160 1166 1165
f 1161 1162 1167
f 1161 1167 1166
f 1162 1163 1168
f 1162 1168 1167
f 1163 1164 1169
f 1163 1169 1168
f 1164 1160 1165
f 1164 1165 1169
f 1165 1166 1171
f 1165 1171 1170
f 1166 1167 1172
f 1166 1172 1171
f 1167 1168 1173
f 1167 1173 1172
f 1168 1169 1174
f 1168 1174 1173
f 1169 1165 1170
f 1169 1170 1174
f 1176 1175 1179
f 1177 1176 1179
f 1179 1178 1177
f 1184 1180 1181
f 1184 1181 1182
f 1182 1183 1184
o peacock_base
usemtl peacock_base
v 0.479999 0.000000 -1.664309
v 0.478775 0.000000 -1.679853
v 0.475297 0.000000 -1.694339
v 0.469596 0.000000 -1.708104
v 0.461812 0.000000 -1.720807
v 0.452136 0.000000 -1.732136
v 0.440807 0.000000 -1.741812
v 0.428104 0.000000 -1.749596
v 0.414339 0.000000 -1.755297
v 0.400531 0.000000 -1.758613
v -0.384309 0.000000 -1.759999
v -0.399853 0.000000 -1.758775
v -0.414339 0.000000 -1.755297
v -0.428104 0.000000 -1.749596
v -0.440807 0.000000 -1.741812
v -0.452136 0.000000 -1.732136
v -0.461812 0.000000 -1.720807
v -0.469596 0.000000 -1.708104
v -0.475297 0.000000 -1.694339
v -0.478613 0.000000 -1.680531
v -0.479999 0.000000 -0.895691
v -0.478775 0.000000 -0.880147
v -0.475297 0.000000 -0.865661
v -0.469596 0.000000 -0.851896
v -0.461812 0.000000 -0.839193
v -0.452136 0.000000 -0.827864
v -0.440807 0.000000 -0.818188
v -0.428104 0.000000 -0.810404
v -0.414339 0.000000 -0.804703
v -0.400531 0.000000 -0.801387
v 0.384309 0.000000 -0.800001
v 0.399853 0.000000 -0.801225
v 0.414339 0.000000 -0.804703
v 0.428104 0.000000 -0.810404
v 0.440807 0.000000 -0.818188
v 0.452136 0.000000 -0.827864
v 0.461812 0.000000 -0.839193
v 0.469596 0.000000 -0.851896
v 0.475297 0.000000 -0.865661
v 0.478613 0.000000 -0.879469
v 0.492726 0.005274 -1.664797
v 0.491384 0.005274 -1.681850
v 0.487438 0.005274 -1.698284
v 0.480970 0.005274 -1.713899
v 0.472139 0.005274 -1.728310
v 0.461162 0.005274 -1.741162
v 0.448310 0.005274 -1.752139
v 0.433899 0.005274 -1.760970
v 0.418284 0.005274 -1.767438
v 0.402048 0.005274 -1.771336
v -0.384797 0.005274 -1.772726
v -0.401850 0.005274 -1.771384
v -0.418284 0.005274 -1.767438
v -0.433899 0.005274 -1.760970
v -0.448310 0.005274 -1.752139
v -0.461162 0.005274 -1.741162
v -0.472139 0.005274 -1.728310
v -0.480970 0.005274 -1.713899
v -0.487438 0.005274 -1.698284
v -0.491336 0.005274 -1.682048
v -0.492726 0.005274 -0.895203
v -0.491384 0.005274 -0.878150
v -0.487438 0.005274 -0.861716
v -0.480970 0.005274 -0.846101
v -0.472139 0.005274 -0.831690
v -0.461162 0.005274 -0.818838
v -0.448310 0.005274 -0.807861
v -0.433899 0.005274 -0.799030
v -0.418284 0.005274 -0.792562
v -0.402048 0.005274 -0.788664
v 0.384797 0.005274 -0.787274
v 0.401850 0.005274 -0.788616
v 0.418284 0.005274 -0.792562
v 0.433899 0.005274 -0.799030
v 0.448310 0.005274 -0.807861
v 0.461162 0.005274 -0.818838
v 0.472139 0.005274 -0.831690
v 0.480970 0.005274 -0.846101
v 0.487438 0.005274 -0.861716
v 0.491336 0.005274 -0.877952
v 0.498000 0.018000 -1.665000
v 0.496609 0.018000 -1.682677
v 0.492469 0.018000 -1.699919
v 0.485684 0.018000 -1.716301
v 0.476419 0.018000 -1.731420
v 0.464903 0.018000 -1.744903
v 0.451420 0.018000 -1.756419
v 0.436301 0.018000 -1.765684
v 0.419919 0.018000 -1.772469
v 0.402677 0.018000 -1.776609
v -0.385000 0.018000 -1.778000
v -0.402677 0.018000 -1.776609
v -0.419919 0.018000 -1.772469
v -0.436301 0.018000 -1.765684
v -0.451420 0.018000 -1.756419
v -0.464903 0.018000 -1.744903
v -0.476419 0.018000 -1.731420
v -0.485684 0.018000 -1.716301
v -0.492469 0.018000 -1.699919
v -0.496609 0.018000 -1.682677
v -0.498000 0.018000 -0.895000
v -0.496609 0.018000 -0.877323
v -0.492469 0.018000 -0.860081
v -0.485684 0.018000 -0.843699
v -0.476419 0.018000 -0.828580
v -0.464903 0.018000 -0.815097
v -0.451420 0.018000 -0.803581
v -0.436301 0.018000 -0.794316
v -0.419919 0.018000 -0.787531
v -0.402677 0.018000 -0.783391
v 0.385000 0.018000 -0.782000
v 0.402677 0.018000 -0.783391
v 0.419919 0.018000 -0.787531
v 0.436301 0.018000 -0.794316
v 0.451420 0.018000 -0.803581
v 0.464903 0.018000 -0.815097
v 0.476419 0.018000 -0.828580
v 0.485684 0.018000 -0.843699
v 0.492469 0.018000 -0.860081
v 0.496609 0.018000 -0.877323
v 0.498000 0.137000 -1.665000
v 0.496609 0.137000 -1.682677
v 0.492469 0.137000 -1.699919
v 0.485684 0.137000 -1.716301
v 0.476419 0.137000 -1.731420
v 0.464903 0.137000 -1.744903
v 0.451420 0.137000 -1.756419
v 0.436301 0.137000 -1.765684
v 0.419919 0.137000 -1.772469
v 0.402677 0.137000 -1.776609
v -0.385000 0.137000 -1.778000
v -0.402677 0.137000 -1.776609
v -0.419919 0.137000 -1.772469
v -0.436301 0.137000 -1.765684
v -0.451420 0.137000 -1.756419
v -0.464903 0.137000 -1.744903
v -0.476419 0.137000 -1.731420
v -0.485684 0.137000 -1.716301
v -0.492469 0.137000 -1.699919
v -0.496609 0.137000 -1.682677
v -0.498000 0.137000 -0.895000
v -0.496609 0.137000 -0.877323
v -0.492469 0.137000 -0.860081
v -0.485684 0.137000 -0.843699
v -0.476419 0.137000 -0.828580
v -0.464903 0.137000 -0.815097
v -0.451420 0.137000 -0.803581
v -0.436301 0.137000 -0.794316
v -0.419919 0.137000 -0.787531
v -0.402677 0.137000 -0.783391
v 0.385000 0.137000 -0.782000
v 0.402677 0.137000 -0.783391
v 0.419919 0.137000 -0.787531
v 0.436301 0.137000 -0.794316
v 0.451420 0.137000 -0.803581
v 0.464903 0.137000 -0.815097
v 0.476419 0.137000 -0.828580
v 0.485684 0.137000 -0.843699
v 0.492469 0.137000 -0.860081
v 0.496609 0.137000 -0.877323
v 0.492726 0.149726 -1.664797
v 0.491384 0.149726 -1.681850
v 0.487438 0.149726 -1.698284
v 0.480970 0.149726 -1.713899
v 0.472139 0.149726 -1.728310
v 0.461162 0.149726 -1.741162
v 0.448310 0.149726 -1.752139
v 0.433899 0.149726 -1.760970
v 0.418284 0.149726 -1.767438
v 0.402048 0.149726 -1.771336
v -0.384797 0.149726 -1.772726
v -0.401850 0.149726 -1.771384
v -0.418284 0.149726 -1.767438
v -0.433899 0.149726 -1.760970
v -0.448310 0.149726 -1.752139
v -0.461162 0.149726 -1.741162
v -0.472139 0.149726 -1.728310
v -0.480970 0.149726 -1.713899
v -0.487438 0.149726 -1.698284
v -0.491336 0.149726 -1.682048
v -0.492726 0.149726 -0.895203
v -0.491384 0.149726 -0.878150
v -0.487438 0.149726 -0.861716
v -0.480970 0.149726 -0.846101
v -0.472139 0.149726 -0.831690
v -0.461162 0.149726 -0.818838
v -0.448310 0.149726 -0.807861
v -0.433899 0.149726 -0.799030
v -0.418284 0.149726 -0.792562
v -0.402048 0.149726 -0.788664
v 0.384797 0.149726 -0.787274
v 0.401850 0.149726 -0.788616
v 0.418284 0.149726 -0.792562
v 0.433899 0.149726 -0.799030
v 0.448310 0.149726 -0.807861
v 0.461162 0.149726 -0.818838
v 0.472139 0.149726 -0.831690
v 0.480970 0.149726 -0.846101
v 0.487438 0.149726 -0.861716
v 0.491336 0.149726 -0.877952
v 0.479999 0.155000 -1.664309
v 0.478775 0.155000 -1.679853
v 0.475297 0.155000 -1.694339
v 0.469596 0.155000 -1.708104
v 0.461812 0.155000 -1.720807
v 0.452136 0.155000 -1.732136
v 0.440807 0.155000 -1.741812
v 0.428104 0.155000 -1.749596
v 0.414339 0.155000 -1.755297
v 0.400531 0.155000 -1.758613
v -0.384309 0.155000 -1.759999
v -0.399853 0.155000 -1.758775
v -0.414339 0.155000 -1.755297
v -0.428104 0.155000 -1.749596
v -0.440807 0.155000 -1.741812
v -0.452136 0.155000 -1.732136
v -0.461812 0.155000 -1.720807
v -0.469596 0.155000 -1.708104
v -0.475297 0.155000 -1.694339
v -0.478613 0.155000 -1.680531
v -0.479999 0.155000 -0.895691
v -0.478775 0.155000 -0.880147
v -0.475297 0.155000 -0.865661
v -0.469596 0.155000 -0.851896
v -0.461812 0.155000 -0.839193
v -0.452136 0.155000 -0.827864
v -0.440807 0.155000 -0.818188
v -0.428104 0.155000 -0.810404
v -0.414339 0.155000 -0.804703
v -0.400531 0.155000 -0.801387
v 0.384309 0.155000 -0.800001
v 0.399853 0.155000 -0.801225
v 0.414339 0.155000 -0.804703
v 0.428104 0.155000 -0.810404
v 0.440807 0.155000 -0.818188
v 0.452136 0.155000 -0.827864
v 0.461812 0.155000 -0.839193
v 0.469596 0.155000 -0.851896
v 0.475297 0.155000 -0.865661
v 0.478613 0.155000 -0.879469
v 0.479999 0.000000 -1.664309
v 0.478775 0.000000 -1.679853
v 0.475297 0.000000 -1.694339
v 0.469596 0.000000 -1.708104
v 0.461812 0.000000 -1.720807
v 0.452136 0.000000 -1.732136
v 0.440807 0.000000 -1.741812
v 0.428104 0.000000 -1.749596
v 0.414339 0.000000 -1.755297
v 0.400531 0.000000 -1.758613
v -0.384309 0.000000 -1.759999
v -0.399853 0.000000 -1.758775
v -0.414339 0.000000 -1.755297
v -0.428104 0.000000 -1.749596
v -0.440807 0.000000 -1.741812
v -0.452136 0.000000 -1.732136
v -0.461812 0.000000 -1.720807
v -0.469596 0.000000 -1.708104
v -0.475297 0.000000 -1.694339
v -0.478613 0.000000 -1.680531
v -0.479999 0.000000 -0.895691
v -0.478775 0.000000 -0.880147
v -0.475297 0.000000 -0.865661
v -0.469596 0.000000 -0.851896
v -0.461812 0.000000 -0.839193
v -0.452136 0.000000 -0.827864
v -0.440807 0.000000 -0.818188
v -0.428104 0.000000 -0.810404
v -0.414339 0.000000 -0.804703
v -0.400531 0.000000 -0.801387
v 0.384309 0.000000 -0.800001
v 0.399853 0.000000 -0.801225
v 0.414339 0.000000 -0.804703
v 0.428104 0.000000 -0.810404
v 0.440807 0.000000 -0.818188
v 0.452136 0.000000 -0.827864
v 0.461812 0.000000 -0.839193
v 0.469596 0.000000 -0.851896
v 0.475297 0.000000 -0.865661
v 0.478613 0.000000 -0.879469
v 0.479999 0.155000 -1.664309
v 0.478775 0.155000 -1.679853
v 0.475297 0.155000 -1.694339
v 0.469596 0.155000 -1.708104
v 0.461812 0.155000 -1.720807
v 0.452136 0.155000 -1.732136
v 0.440807 0.155000 -1.741812
v 0.428104 0.155000 -1.749596
v 0.414339 0.155000 -1.755297
v 0.400531 0.155000 -1.758613
v -0.384309 0.155000 -1.759999
v -0.399853 0.155000 -1.758775
v -0.414339 0.155000 -1.755297
v -0.428104 0.155000 -1.749596
v -0.440807 0.155000 -1.741812
v -0.452136 0.155000 -1.732136
v -0.461812 0.155000 -1.720807
v -0.469596 0.155000 -1.708104
v -0.475297 0.155000 -1.694339
v -0.478613 0.155000 -1.680531
v -0.479999 0.155000 -0.895691
v -0.478775 0.155000 -0.880147
v -0.475297 0.155000 -0.865661
v -0.469596 0.155000 -0.851896
v -0.461812 0.155000 -0.839193
v -0.452136 0.155000 -0.827864
v -0.440807 0.155000 -0.818188
v -0.428104 0.155000 -0.810404
v -0.414339 0.155000 -0.804703
v -0.400531 0.155000 -0.801387
v 0.384309 0.155000 -0.800001
v 0.399853 0.155000 -0.801225
v 0.414339 0.155000 -0.804703
v 0.428104 0.155000 -0.810404
v 0.440807 0.155000 -0.818188
v 0.452136 0.155000 -0.827864
v 0.461812 0.155000 -0.839193
v 0.469596 0.155000 -0.851896
v 0.475297 0.155000 -0.865661
v 0.478613 0.155000 -0.879469
f 1185 1186 1226
f 1185 1226 1225
f 1186 1187 1227
f 1186 1227 1226
f 1187 1188 1228
f 1187 1228 1227
f 1188 1189 1229
f 1188 1229 1228
f 1189 1190 1230
f 1189 1230 1229
f 1190 1191 1231
f 1190 1231 1230
f 1191 1192 1232
f 1191 1232 1231
f 1192 1193 1233
f 1192 1233 1232
f 1193 1194 1234
f 1193 1234 1233
f 1194 1195 1235
f 1194 1235 1234
f 1195 1196 1236
f 1195 1236 1235
f 1196 1197 1237
f 1196 1237 1236
f 1197 1198 1238
f 1197 1238 1237
f 1198 1199 1239
f 1198 1239 1238
f 1199 1200 1240
f 1199 1240 1239
f 1200 1201 1241
f 1200 1241 1240
f 1201 1202 1242
f 1201 1242 1241
f 1202 1203 1243
f 1202 1243 1242
f 1203 1204 1244
f 1203 1244 1243
f 1204 1205 1245
f 1204 1245 1244
f 1205 1206 1246
f 1205 1246 1245
f 1206 1207 1247
f 1206 1247 1246
f 1207 1208 1248
f 1207 1248 1247
f 1208 1209 1249
f 1208 1249 1248
f 1209 1210 1250
f 1209 1250 1249
f 1210 1211 1251
f 1210 1251 1250
f 1211 1212 1252
f 1211 1252 1251
f 1212 1213 1253
f 1212 1253 1252
f 1213 1214 1254
f 1213 1254 1253
f 1214 1215 1255
f 1214 1255 1254
f 1215 1216 1256
f 1215 1256 1255
f 1216 1217 1257
f 1216 1257 1256
f 1217 1218 1258
f 1217 1258 1257
f 1218 1219 1259
f 1218 1259 1258
f 1219 1220 1260
f 1219 1260 1259
f 1220 1221 1261
f 1220 1261 1260
f 1221 1222 1262
f 1221 1262 1261
f 1222 1223 1263
f 1222 1263 1262
f 1223 1224 1264
f 1223 1264 1263
f 1224 1185 1225
f 1224 1225 1264
f 1225 1226 1266
f 1225 1266 1265
f 1226 1227 1267
f 1226 1267 1266
f 1227 1228 1268
f 1227 1268 1267
f 1228 1229 1269
f 1228 1269 1268
f 1229 1230 1270
f 1229 1270 1269
f 1230 1231 1271
f 1230 1271 1270
f 1231 1232 1272
f 1231 1272 1271
f 1232 1233 1273
f 1232 1273 1272
f 1233 1234 1274
f 1233 1274 1273
f 1234 1235 1275
f 1234 1275 1274
f 1235 1236 1276
f 1235 1276 1275
f 1236 1237 1277
f 1236 1277 1276
f 1237 1238 1278
f 1237 1278 1277
f 1238 1239 1279
f 1238 1279 1278
f 1239 1240 1280
f 1239 1280 1279
f 1240 1241 1281
f 1240 1281 1280
f 1241 1242 1282
f 1241 1282 1281
f 1242 1243 1283
f 1242 1283 1282
f 1243 1244 1284
f 1243 1284 1283
f 1244 1245 1285
f 1244 1285 1284
f 1245 1246 1286
f 1245 1286 1285
f 1246 1247 1287
f 1246 1287 1286
f 1247 1248 1288
f 1247 1288 1287
f 1248 1249 1289
f 1248 1289 1288
f 1249 1250 1290
f 1249 1290 1289
f 1250 1251 1291
f 1250 1291 1290
f 1251 1252 1292
f 1251 1292 1291
f 1252 1253 1293
f 1252 1293 1292
f 1253 1254 1294
f 1253 1294 1293
f 1254 1255 1295
f 1254 1295 1294
f 1255 1256 1296
f 1255 1296 1295
f 1256 1257 1297
f 1256 1297 1296
f 1257 1258 1298
f 1257 1298 1297
f 1258 1259 1299
f 1258 1299 1298
f 1259 1260 1300
f 1259 1300 1299
f 1260 1261 1301
f 1260 1301 1300
f 1261 1262 1302
f 1261 1302 1301
f 1262 1263 1303
f 1262 1303 1302
f 1263 1264 1304
f 1263 1304 1303
f 1264 1225 1265
f 1264 1265 1304
f 1265 1266 1306
f 1265 1306 1305
f 1266 1267 1307
f 1266 1307 1306
f 1267 1268 1308
f 1267 1308 1307
f 1268 1269 1309
f 1268 1309 1308
f 1269 1270 1310
f 1269 1310 1309
f 1270 1271 1311
f 1270 1311 1310
f 1271 1272 1312
f 1271 1312 1311
f 1272 1273 1313
f 1272 1313 1312
f 1273 1274 1314
f 1273 1314 1313
f 1274 1275 1315
f 1274 1315 1314
f 1275 1276 1316
f 1275 1316 1315
f 1276 1277 1317
f 1276 1317 1316
f 1277 1278 1318
f 1277 1318 1317
f 1278 1279 1319
f 1278 1319 1318
f 1279 1280 1320
f 1279 1320 1319
f 1280 1281 1321
f 1280 1321 1320
f 1281 1282 1322
f 1281 1322 1321
f 1282 1283 1323
f 1282 1323 1322
f 1283 1284 1324
f 1283 1324 1323
f 1284 1285 1325
f 1284 1325 1324
f 1285 1286 1326
f 1285 1326 1325
f 1286 1287 1327
f 1286 1327 1326
f 1287 1288 1328
f 1287 1328 1327
f 1288 1289 1329
f 1288 1329 1328
f 1289 1290 1330
f 1289 1330 1329
f 1290 1291 1331
f 1290 1331 1330
f 1291 1292 1332
f 1291 1332 1331
f 1292 1293 1333
f 1292 1333 1332
f 1293 1294 1334
f 1293 1334 1333
f 1294 1295 1335
f 1294 1335 1334
f 1295 1296 1336
f 1295 1336 1335
f 1296 1297 1337
f 1296 1337 1336
f 1297 1298 1338
f 1297 1338 1337
f 1298 1299 1339
f 1298 1339 1338
f 1299 1300 1340
f 1299 1340 1339
f 1300 1301 1341
f 1300 1341 1340
f 1301 1302 1342
f 1301 1342 1341
f 1302 1303 1343
f 1302 1343 1342
f 1303 1304 1344
f 1303 1344 1343
f 1304 1265 1305
f 1304 1305 1344
f 1305 1306 1346
f 1305 1346 1345
f 1306 1307 1347
f 1306 1347 1346
f 1307 1308 1348
f 1307 1348 1347
f 1308 1309 1349
f 1308 1349 1348
f 1309 1310 1350
f 1309 1350 1349
f 1310 1311 1351
f 1310 1351 1350
f 1311 1312 1352
f 1311 1352 1351
f 1312 1313 1353
f 1312 1353 1352
f 1313 1314 1354
f 1313 1354 1353
f 1314 1315 1355
f 1314 1355 1354
f 1315 1316 1356
f 1315 1356 1355
f 1316 1317 1357
f 1316 1357 1356
f 1317 1318 1358
f 1317 1358 1357
f 1318 1319 1359
f 1318 1359 1358
f 1319 1320 1360
f 1319 1360 1359
f 1320 1321 1361
f 1320 1361 1360
f 1321 1322 1362
f 1321 1362 1361
f 1322 1323 1363
f 1322 1363 1362
f 1323 1324 1364
f 1323 1364 1363
f 1324 1325 1365
f 1324 1365 1364
f 1325 1326 1366
f 1325 1366 1365
f 1326 1327 1367
f 1326 1367 1366
f 1327 1328 1368
f 1327 1368 1367
f 1328 1329 1369
f 1328 1369 1368
f 1329 1330 1370
f 1329 1370 1369
f 1330 1331 1371
f 1330 1371 1370
f 1331 1332 1372
f 1331 1372 1371
f 1332 1333 1373
f 1332 1373 1372
f 1333 1334 1374
f 1333 1374 1373
f 1334 1335 1375
f 1334 1375 1374
f 1335 1336 1376
f 1335 1376 1375
f 1336 1337 1377
f 1336 1377 1376
f 1337 1338 1378
f 1337 1378 1377
f 1338 1339 1379
f 1338 1379 1378
f 1339 1340 1380
f 1339 1380 1379
f 1340 1341 1381
f 1340 1381 1380
f 1341 1342 1382
f 1341 1382 1381
f 1342 1343 1383
f 1342 1383 1382
f 1343 1344 1384
f 1343 1384 1383
f 1344 1305 1345
f 1344 1345 1384
f 1345 1346 1386
f 1345 1386 1385
f 1346 1347 1387
f 1346 1387 1386
f 1347 1348 1388
f 1347 1388 1387
f 1348 1349 1389
f 1348 1389 1388
f 1349 1350 1390
f 1349 1390 1389
f 1350 1351 1391
f 1350 1391 1390
f 1351 1352 1392
f 1351 1392 1391
f 1352 1353 1393
f 1352 1393 1392
f 1353 1354 1394
f 1353 1394 1393
f 1354 1355 1395
f 1354 1395 1394
f 1355 1356 1396
f 1355 1396 1395
f 1356 1357 1397
f 1356 1397 1396
f 1357 1358 1398
f 1357 1398 1397
f 1358 1359 1399
f 1358 1399 1398
f 1359 1360 1400
f 1359 1400 1399
f 1360 1361 1401
f 1360 1401 1400
f 1361 1362 1402
f 1361 1402 1401
f 1362 1363 1403
f 1362 1403 1402
f 1363 1364 1404
f 1363 1404 1403
f 1364 1365 1405
f 1364 1405 1404
f 1365 1366 1406
f 1365 1406 1405
f 1366 1367 1407
f 1366 1407 1406
f 1367 1368 1408
f 1367 1408 1407
f 1368 1369 1409
f 1368 1409 1408
f 1369 1370 1410
f 1369 1410 1409
f 1370 1371 1411
f 1370 1411 1410
f 1371 1372 1412
f 1371 1412 1411
f 1372 1373 1413
f 1372 1413 1412
f 1373 1374 1414
f 1373 1414 1413
f 1374 1375 1415
f 1374 1415 1414
f 1375 1376 1416
f 1375 1416 1415
f 1376 1377 1417
f 1376 1417 1416
f 1377 1378 1418
f 1377 1418 1417
f 1378 1379 1419
f 1378 1419 1418
f 1379 1380 1420
f 1379 1420 1419
f 1380 1381 1421
f 1380 1421 1420
f 1381 1382 1422
f 1381 1422 1421
f 1382 1383 1423
f 1382 1423 1422
f 1383 1384 1424
f 1383 1424 1423
f 1384 1345 1385
f 1384 1385 1424
f 1426 1425 1464
f 1427 1426 1464
f 1428 1427 1464
f 1429 1428 1464
f 1430 1429 1464
f 1431 1430 1464
f 1432 1431 1464
f 1433 1432 1464
f 1434 1433 1464
f 1435 1434 1464
f 1436 1435 1464
f 1437 1436 1464
f 1438 1437 1464
f 1439 1438 1464
f 1440 1439 1464
f 1441 1440 1464
f 1442 1441 1464
f 1443 1442 1464
f 1444 1443 1464
f 1445 1444 1464
f 1446 1445 1464
f 1447 1446 1464
f 1448 1447 1464
f 1449 1448 1464
f 1450 1449 1464
f 1451 1450 1464
f 1452 1451 1464
f 1453 1452 1464
f 1454 1453 1464
f 1455 1454 1464
f 1456 1455 1464
f 1457 1456 1464
f 1458 1457 1464
f 1459 1458 1464
f 1460 1459 1464
f 1461 1460 1464
f 1462 1461 1464
f 1464 1463 1462
f 1504 1465 1466
f 1504 1466 1467
f 1504 1467 1468
f 1504 1468 1469
f 1504 1469 1470
f 1504 1470 1471
f 1504 1471 1472
f 1504 1472 1473
f 1504 1473 1474
f 1504 1474 1475
f 1504 1475 1476
f 1504 1476 1477
f 1504 1477 1478
f 1504 1478 1479
f 1504 1479 1480
f 1504 1480 1481
f 1504 1481 1482
f 1504 1482 1483
f 1504 1483 1484
f 1504 1484 1485
f 1504 1485 1486
f 1504 1486 1487
f 1504 1487 1488
f 1504 1488 1489
f 1504 1489 1490
f 1504 1490 1491
f 1504 1491 1492
f 1504 1492 1493
f 1504 1493 1494
f 1504 1494 1495
f 1504 1495 1496
f 1504 1496 1497
f 1504 1497 1498
f 1504 1498 1499
f 1504 1499 1500
f 1504 1500 1501
f 1504 1501 1502
f 1502 1503 1504
o peacock_recess
usemtl peacock_recess
v 0.414000 0.144000 -1.609769
v 0.412947 0.144000 -1.623138
v 0.409871 0.144000 -1.635952
v 0.404828 0.144000 -1.648127
v 0.397942 0.144000 -1.659363
v 0.389384 0.144000 -1.669384
v 0.379363 0.144000 -1.677942
v 0.368127 0.144000 -1.684828
v 0.355952 0.144000 -1.689871
v 0.343364 0.144000 -1.692893
v -0.329769 0.144000 -1.694000
v -0.343138 0.144000 -1.692947
v -0.355952 0.144000 -1.689871
v -0.368127 0.144000 -1.684828
v -0.379363 0.144000 -1.677942
v -0.389384 0.144000 -1.669384
v -0.397942 0.144000 -1.659363
v -0.404828 0.144000 -1.648127
v -0.409871 0.144000 -1.635952
v -0.412893 0.144000 -1.623364
v -0.414000 0.144000 -0.950231
v -0.412947 0.144000 -0.936862
v -0.409871 0.144000 -0.924048
v -0.404828 0.144000 -0.911873
v -0.397942 0.144000 -0.900637
v -0.389384 0.144000 -0.890616
v -0.379363 0.144000 -0.882058
v -0.368127 0.144000 -0.875172
v -0.355952 0.144000 -0.870129
v -0.343364 0.144000 -0.867107
v 0.329769 0.144000 -0.866000
v 0.343138 0.144000 -0.867053
v 0.355952 0.144000 -0.870129
v 0.368127 0.144000 -0.875172
v 0.379363 0.144000 -0.882058
v 0.389384 0.144000 -0.890616
v 0.397942 0.144000 -0.900637
v 0.404828 0.144000 -0.911873
v 0.409871 0.144000 -0.924048
v 0.412893 0.144000 -0.936636
v 0.418242 0.145758 -1.609932
v 0.417150 0.145758 -1.623803
v 0.413918 0.145758 -1.637267
v 0.408619 0.145758 -1.650059
v 0.401385 0.145758 -1.661864
v 0.392393 0.145758 -1.672393
v 0.381864 0.145758 -1.681385
v 0.370059 0.145758 -1.688619
v 0.357267 0.145758 -1.693918
v 0.343870 0.145758 -1.697134
v -0.329932 0.145758 -1.698242
v -0.343803 0.145758 -1.697150
v -0.357267 0.145758 -1.693918
v -0.370059 0.145758 -1.688619
v -0.381864 0.145758 -1.681385
v -0.392393 0.145758 -1.672393
v -0.401385 0.145758 -1.661864
v -0.408619 0.145758 -1.650059
v -0.413918 0.145758 -1.637267
v -0.417134 0.145758 -1.623870
v -0.418242 0.145758 -0.950068
v -0.417150 0.145758 -0.936197
v -0.413918 0.145758 -0.922733
v -0.408619 0.145758 -0.909941
v -0.401385 0.145758 -0.898136
v -0.392393 0.145758 -0.887607
v -0.381864 0.145758 -0.878615
v -0.370059 0.145758 -0.871381
v -0.357267 0.145758 -0.866082
v -0.343870 0.145758 -0.862866
v 0.329932 0.145758 -0.861758
v 0.343803 0.145758 -0.862850
v 0.357267 0.145758 -0.866082
v 0.370059 0.145758 -0.871381
v 0.381864 0.145758 -0.878615
v 0.392393 0.145758 -0.887607
v 0.401385 0.145758 -0.898136
v 0.408619 0.145758 -0.909941
v 0.413918 0.145758 -0.922733
v 0.417134 0.145758 -0.936130
v 0.420000 0.150000 -1.610000
v 0.418892 0.150000 -1.624079
v 0.415595 0.150000 -1.637812
v 0.410191 0.150000 -1.650859
v 0.402812 0.150000 -1.662901
v 0.393640 0.150000 -1.673640
v 0.382901 0.150000 -1.682812
v 0.370859 0.150000 -1.690191
v 0.357812 0.150000 -1.695595
v 0.344079 0.150000 -1.698892
v -0.330000 0.150000 -1.700000
v -0.344079 0.150000 -1.698892
v -0.357812 0.150000 -1.695595
v -0.370859 0.150000 -1.690191
v -0.382901 0.150000 -1.682812
v -0.393640 0.150000 -1.673640
v -0.402812 0.150000 -1.662901
v -0.410191 0.150000 -1.650859
v -0.415595 0.150000 -1.637812
v -0.418892 0.150000 -1.624079
v -0.420000 0.150000 -0.950000
v -0.418892 0.150000 -0.935921
v -0.415595 0.150000 -0.922188
v -0.410191 0.150000 -0.909141
v -0.402812 0.150000 -0.897099
v -0.393640 0.150000 -0.886360
v -0.382901 0.150000 -0.877188
v -0.370859 0.150000 -0.869809
v -0.357812 0.150000 -0.864405
v -0.344079 0.150000 -0.861108
v 0.330000 0.150000 -0.860000
v 0.344079 0.150000 -0.861108
v 0.357812 0.150000 -0.864405
v 0.370859 0.150000 -0.869809
v 0.382901 0.150000 -0.877188
v 0.393640 0.150000 -0.886360
v 0.402812 0.150000 -0.897099
v 0.410191 0.150000 -0.909141
v 0.415595 0.150000 -0.922188
v 0.418892 0.150000 -0.935921
v 0.420000 0.159000 -1.610000
v 0.418892 0.159000 -1.624079
v 0.415595 0.159000 -1.637812
v 0.410191 0.159000 -1.650859
v 0.402812 0.159000 -1.662901
v 0.393640 0.159000 -1.673640
v 0.382901 0.159000 -1.682812
v 0.370859 0.159000 -1.690191
v 0.357812 0.159000 -1.695595
v 0.344079 0.159000 -1.698892
v -0.330000 0.159000 -1.700000
v -0.344079 0.159000 -1.698892
v -0.357812 0.159000 -1.695595
v -0.370859 0.159000 -1.690191
v -0.382901 0.159000 -1.682812
v -0.393640 0.159000 -1.673640
v -0.402812 0.159000 -1.662901
v -0.410191 0.159000 -1.650859
v -0.415595 0.159000 -1.637812
v -0.418892 0.159000 -1.624079
v -0.420000 0.159000 -0.950000
v -0.418892 0.159000 -0.935921
v -0.415595 0.159000 -0.922188
v -0.410191 0.159000 -0.909141
v -0.402812 0.159000 -0.897099
v -0.393640 0.159000 -0.886360
v -0.382901 0.159000 -0.877188
v -0.370859 0.159000 -0.869809
v -0.357812 0.159000 -0.864405
v -0.344079 0.159000 -0.861108
v 0.330000 0.159000 -0.860000
v 0.344079 0.159000 -0.861108
v 0.357812 0.159000 -0.864405
v 0.370859 0.159000 -0.869809
v 0.382901 0.159000 -0.877188
v 0.393640 0.159000 -0.886360
v 0.402812 0.159000 -0.897099
v 0.410191 0.159000 -0.909141
v 0.415595 0.159000 -0.922188
v 0.418892 0.159000 -0.935921
v 0.418242 0.163242 -1.609932
v 0.417150 0.163242 -1.623803
v 0.413918 0.163242 -1.637267
v 0.408619 0.163242 -1.650059
v 0.401385 0.163242 -1.661864
v 0.392393 0.163242 -1.672393
v 0.381864 0.163242 -1.681385
v 0.370059 0.163242 -1.688619
v 0.357267 0.163242 -1.693918
v 0.343870 0.163242 -1.697134
v -0.329932 0.163242 -1.698242
v -0.343803 0.163242 -1.697150
v -0.357267 0.163242 -1.693918
v -0.370059 0.163242 -1.688619
v -0.381864 0.163242 -1.681385
v -0.392393 0.163242 -1.672393
v -0.401385 0.163242 -1.661864
v -0.408619 0.163242 -1.650059
v -0.413918 0.163242 -1.637267
v -0.417134 0.163242 -1.623870
v -0.418242 0.163242 -0.950068
v -0.417150 0.163242 -0.936197
v -0.413918 0.163242 -0.922733
v -0.408619 0.163242 -0.909941
v -0.401385 0.163242 -0.898136
v -0.392393 0.163242 -0.887607
v -0.381864 0.163242 -0.878615
v -0.370059 0.163242 -0.871381
v -0.357267 0.163242 -0.866082
v -0.343870 0.163242 -0.862866
v 0.329932 0.163242 -0.861758
v 0.343803 0.163242 -0.862850
v 0.357267 0.163242 -0.866082
v 0.370059 0.163242 -0.871381
v 0.381864 0.163242 -0.878615
v 0.392393 0.163242 -0.887607
v 0.401385 0.163242 -0.898136
v 0.408619 0.163242 -0.909941
v 0.413918 0.163242 -0.922733
v 0.417134 0.163242 -0.936130
v 0.414000 0.165000 -1.609769
v 0.412947 0.165000 -1.623138
v 0.409871 0.165000 -1.635952
v 0.404828 0.165000 -1.648127
v 0.397942 0.165000 -1.659363
v 0.389384 0.165000 -1.669384
v 0.379363 0.165000 -1.677942
v 0.368127 0.165000 -1.684828
v 0.355952 0.165000 -1.689871
v 0.343364 0.165000 -1.692893
v -0.329769 0.165000 -1.694000
v -0.343138 0.165000 -1.692947
v -0.355952 0.165000 -1.689871
v -0.368127 0.165000 -1.684828
v -0.379363 0.165000 -1.677942
v -0.389384 0.165000 -1.669384
v -0.397942 0.165000 -1.659363
v -0.404828 0.165000 -1.648127
v -0.409871 0.165000 -1.635952
v -0.412893 0.165000 -1.623364
v -0.414000 0.165000 -0.950231
v -0.412947 0.165000 -0.936862
v -0.409871 0.165000 -0.924048
v -0.404828 0.165000 -0.911873
v -0.397942 0.165000 -0.900637
v -0.389384 0.165000 -0.890616
v -0.379363 0.165000 -0.882058
v -0.368127 0.165000 -0.875172
v -0.355952 0.165000 -0.870129
v -0.343364 0.165000 -0.867107
v 0.329769 0.165000 -0.866000
v 0.343138 0.165000 -0.867053
v 0.355952 0.165000 -0.870129
v 0.368127 0.165000 -0.875172
v 0.379363 0.165000 -0.882058
v 0.389384 0.165000 -0.890616
v 0.397942 0.165000 -0.900637
v 0.404828 0.165000 -0.911873
v 0.409871 0.165000 -0.924048
v 0.412893 0.165000 -0.936636
v 0.414000 0.144000 -1.609769
v 0.412947 0.144000 -1.623138
v 0.409871 0.144000 -1.635952
v 0.404828 0.144000 -1.648127
v 0.397942 0.144000 -1.659363
v 0.389384 0.144000 -1.669384
v 0.379363 0.144000 -1.677942
v 0.368127 0.144000 -1.684828
v 0.355952 0.144000 -1.689871
v 0.343364 0.144000 -1.692893
v -0.329769 0.144000 -1.694000
v -0.343138 0.144000 -1.692947
v -0.355952 0.144000 -1.689871
v -0.368127 0.144000 -1.684828
v -0.379363 0.144000 -1.677942
v -0.389384 0.144000 -1.669384
v -0.397942 0.144000 -1.659363
v -0.404828 0.144000 -1.648127
v -0.409871 0.144000 -1.635952
v -0.412893 0.144000 -1.623364
v -0.414000 0.144000 -0.950231
v -0.412947 0.144000 -0.936862
v -0.409871 0.144000 -0.924048
v -0.404828 0.144000 -0.911873
v -0.397942 0.144000 -0.900637
v -0.389384 0.144000 -0.890616
v -0.379363 0.144000 -0.882058
v -0.368127 0.144000 -0.875172
v -0.355952 0.144000 -0.870129
v -0.343364 0.144000 -0.867107
v 0.329769 0.144000 -0.866000
v 0.343138 0.144000 -0.867053
v 0.355952 0.144000 -0.870129
v 0.368127 0.144000 -0.875172
v 0.379363 0.144000 -0.882058
v 0.389384 0.144000 -0.890616
v 0.397942 0.144000 -0.900637
v 0.404828 0.144000 -0.911873
v 0.409871 0.144000 -0.924048
v 0.412893 0.144000 -0.936636
v 0.414000 0.165000 -1.609769
v 0.412947 0.165000 -1.623138
v 0.409871 0.165000 -1.635952
v 0.404828 0.165000 -1.648127
v 0.397942 0.165000 -1.659363
v 0.389384 0.165000 -1.669384
v 0.379363 0.165000 -1.677942
v 0.368127 0.165000 -1.684828
v 0.355952 0.165000 -1.689871
v 0.343364 0.165000 -1.692893
v -0.329769 0.165000 -1.694000
v -0.343138 0.165000 -1.692947
v -0.355952 0.165000 -1.689871
v -0.368127 0.165000 -1.684828
v -0.379363 0.165000 -1.677942
v -0.389384 0.165000 -1.669384
v -0.397942 0.165000 -1.659363
v -0.404828 0.165000 -1.648127
v -0.409871 0.165000 -1.635952
v -0.412893 0.165000 -1.623364
v -0.414000 0.165000 -0.950231
v -0.412947 0.165000 -0.936862
v -0.409871 0.165000 -0.924048
v -0.404828 0.165000 -0.911873
v -0.397942 0.165000 -0.900637
v -0.389384 0.165000 -0.890616
v -0.379363 0.165000 -0.882058
v -0.368127 0.165000 -0.875172
v -0.355952 0.165000 -0.870129
v -0.343364 0.165000 -0.867107
v 0.329769 0.165000 -0.866000
v 0.343138 0.165000 -0.867053
v 0.355952 0.165000 -0.870129
v 0.368127 0.165000 -0.875172
v 0.379363 0.165000 -0.882058
v 0.389384 0.165000 -0.890616
v 0.397942 0.165000 -0.900637
v 0.404828 0.165000 -0.911873
v 0.409871 0.165000 -0.924048
v 0.412893 0.165000 -0.936636
f 1505 1506 1546
f 1505 1546 1545
f 1506 1507 1547
f 1506 1547 1546
f 1507 1508 1548
f 1507 1548 1547
f 1508 1509 1549
f 1508 1549 1548
f 1509 1510 1550
f 1509 1550 1549
f 1510 1511 1551
f 1510 1551 1550
f 1511 1512 1552
f 1511 1552 1551
f 1512 1513 1553
f 1512 1553 1552
f 1513 1514 1554
f 1513 1554 1553
f 1514 1515 1555
f 1514 1555 1554
f 1515 1516 1556
f 1515 1556 1555
f 1516 1517 1557
f 1516 1557 1556
f 1517 1518 1558
f 1517 1558 1557
f 1518 1519 1559
f 1518 1559 1558
f 1519 1520 1560
f 1519 1560 1559
f 1520 1521 1561
f 1520 1561 1560
f 1521 1522 1562
f 1521 1562 1561
f 1522 1523 1563
f 1522 1563 1562
f 1523 1524 1564
f 1523 1564 1563
f 1524 1525 1565
f 1524 1565 1564
f 1525 1526 1566
f 1525 1566 1565
f 1526 1527 1567
f 1526 1567 1566
f 1527 1528 1568
f 1527 1568 1567
f 1528 1529 1569
f 1528 1569 1568
f 1529 1530 1570
f 1529 1570 1569
f 1530 1531 1571
f 1530 1571 1570
f 1531 1532 1572
f 1531 1572 1571
f 1532 1533 1573
f 1532 1573 1572
f 1533 1534 1574
f 1533 1574 1573
f 1534 1535 1575
f 1534 1575 1574
f 1535 1536 1576
f 1535 1576 1575
f 1536 1537 1577
f 1536 1577 1576
f 1537 1538 1578
f 1537 1578 1577
f 1538 1539 1579
f 1538 1579 1578
f 1539 1540 1580
f 1539 1580 1579
f 1540 1541 1581
f 1540 1581 1580
f 1541 1542 1582
f 1541 1582 1581
f 1542 1543 1583
f 1542 1583 1582
f 1543 1544 1584
f 1543 1584 1583
f 1544 1505 1545
f 1544 1545 1584
f 1545 1546 1586
f 1545 1586 1585
f 1546 1547 1587
f 1546 1587 1586
f 1547 1548 1588
f 1547 1588 1587
f 1548 1549 1589
f 1548 1589 1588
f 1549 1550 1590
f 1549 1590 1589
f 1550 1551 1591
f 1550 1591 1590
f 1551 1552 1592
f 1551 1592 1591
f 1552 1553 1593
f 1552 1593 1592
f 1553 1554 1594
f 1553 1594 1593
f 1554 1555 1595
f 1554 1595 1594
f 1555 1556 1596
f 1555 1596 1595
f 1556 1557 1597
f 1556 1597 1596
f 1557 1558 1598
f 1557 1598 1597
f 1558 1559 1599
f 1558 1599 1598
f 1559 1560 1600
f 1559 1600 1599
f 1560 1561 1601
f 1560 1601 1600
f 1561 1562 1602
f 1561 1602 1601
f 1562 1563 1603
f 1562 1603 1602
f 1563 1564 1604
f 1563 1604 1603
f 1564 1565 1605
f 1564 1605 1604
f 1565 1566 1606
f 1565 1606 1605
f 1566 1567 1607
f 1566 1607 1606
f 1567 1568 1608
f 1567 1608 1607
f 1568 1569 1609
f 1568 1609 1608
f 1569 1570 1610
f 1569 1610 1609
f 1570 1571 1611
f 1570 1611 1610
f 1571 1572 1612
f 1571 1612 1611
f 1572 1573 1613
f 1572 1613 1612
f 1573 1574 1614
f 1573 1614 1613
f 1574 1575 1615
f 1574 1615 1614
f 1575 1576 1616
f 1575 1616 1615
f 1576 1577 1617
f 1576 1617 1616
f 1577 1578 1618
f 1577 1618 1617
f 1578 1579 1619
f 1578 1619 1618
f 1579 1580 1620
f 1579 1620 1619
f 1580 1581 1621
f 1580 1621 1620
f 1581 1582 1622
f 1581 1622 1621
f 1582 1583 1623
f 1582 1623 1622
f 1583 1584 1624
f 1583 1624 1623
f 1584 1545 1585
f 1584 1585 1624
f 1585 1586 1626
f 1585 1626 1625
f 1586 1587 1627
f 1586 1627 1626
f 1587 1588 1628
f 1587 1628 1627
f 1588 1589 1629
f 1588 1629 1628
f 1589 1590 1630
f 1589 1630 1629
f 1590 1591 1631
f 1590 1631 1630
f 1591 1592 1632
f 1591 1632 1631
f 1592 1593 1633
f 1592 1633 1632
f 1593 1594 1634
f 1593 1634 1633
f 1594 1595 1635
f 1594 1635 1634
f 1595 1596 1636
f 1595 1636 1635
f 1596 1597 1637
f 1596 1637 1636
f 1597 1598 1638
f 1597 1638 1637
f 1598 1599 1639
f 1598 1639 1638
f 1599 1600 1640
f 1599 1640 1639
f 1600 1601 1641
f 1600 1641 1640
f 1601 1602 1642
f 1601 1642 1641
f 1602 1603 1643
f 1602 1643 1642
f 1603 1604 1644
f 1603 1644 1643
f 1604 1605 1645
f 1604 1645 1644
f 1605 1606 1646
f 1605 1646 1645
f 1606 1607 1647
f 1606 1647 1646
f 1607 1608 1648
f 1607 1648 1647
f 1608 1609 1649
f 1608 1649 1648
f 1609 1610 1650
f 1609 1650 1649
f 1610 1611 1651
f 1610 1651 1650
f 1611 1612 1652
f 1611 1652 1651
f 1612 1613 1653
f 1612 1653 1652
f 1613 1614 1654
f 1613 1654 1653
f 1614 1615 1655
f 1614 1655 1654
f 1615 1616 1656
f 1615 1656 1655
f 1616 1617 1657
f 1616 1657 1656
f 1617 1618 1658
f 1617 1658 1657
f 1618 1619 1659
f 1618 1659 1658
f 1619 1620 1660
f 1619 1660 1659
f 1620 1621 1661
f 1620 1661 1660
f 1621 1622 1662
f 1621 1662 1661
f 1622 1623 1663
f 1622 1663 1662
f 1623 1624 1664
f 1623 1664 1663
f 1624 1585 1625
f 1624 1625 1664
f 1625 1626 1666
f 1625 1666 1665
f 1626 1627 1667
f 1626 1667 1666
f 1627 1628 1668
f 1627 1668 1667
f 1628 1629 1669
f 1628 1669 1668
f 1629 1630 1670
f 1629 1670 1669
f 1630 1631 1671
f 1630 1671 1670
f 1631 1632 1672
f 1631 1672 1671
f 1632 1633 1673
f 1632 1673 1672
f 1633 1634 1674
f 1633 1674 1673
f 1634 1635 1675
f 1634 1675 1674
f 1635 1636 1676
f 1635 1676 1675
f 1636 1637 1677
f 1636 1677 1676
f 1637 1638 1678
f 1637 1678 1677
f 1638 1639 1679
f 1638 1679 1678
f 1639 1640 1680
f 1639 1680 1679
f 1640 1641 1681
f 1640 1681 1680
f 1641 1642 1682
f 1641 1682 1681
f 1642 1643 1683
f 1642 1683 1682
f 1643 1644 1684
f 1643 1684 1683
f 1644 1645 1685
f 1644 1685 1684
f 1645 1646 1686
f 1645 1686 1685
f 1646 1647 1687
f 1646 1687 1686
f 1647 1648 1688
f 1647 1688 1687
f 1648 1649 1689
f 1648 1689 1688
f 1649 1650 1690
f 1649 1690 1689
f 1650 1651 1691
f 1650 1691 1690
f 1651 1652 1692
f 1651 1692 1691
f 1652 1653 1693
f 1652 1693 1692
f 1653 1654 1694
f 1653 1694 1693
f 1654 1655 1695
f 1654 1695 1694
f 1655 1656 1696
f 1655 1696 1695
f 1656 1657 1697
f 1656 1697 1696
f 1657 1658 1698
f 1657 1698 1697
f 1658 1659 1699
f 1658 1699 1698
f 1659 1660 1700
f 1659 1700 1699
f 1660 1661 1701
f 1660 1701 1700
f 1661 1662 1702
f 1661 1702 1701
f 1662 1663 1703
f 1662 1703 1702
f 1663 1664 1704
f 1663 1704 1703
f 1664 1625 1665
f 1664 1665 1704
f 1665 1666 1706
f 1665 1706 1705
f 1666 1667 1707
f 1666 1707 1706
f 1667 1668 1708
f 1667 1708 1707
f 1668 1669 1709
f 1668 1709 1708
f 1669 1670 1710
f 1669 1710 1709
f 1670 1671 1711
f 1670 1711 1710
f 1671 1672 1712
f 1671 1712 1711
f 1672 1673 1713
f 1672 1713 1712
f 1673 1674 1714
f 1673 1714 1713
f 1674 1675 1715
f 1674 1715 1714
f 1675 1676 1716
f 1675 1716 1715
f 1676 1677 1717
f 1676 1717 1716
f 1677 1678 1718
f 1677 1718 1717
f 1678 1679 1719
f 1678 1719 1718
f 1679 1680 1720
f 1679 1720 1719
f 1680 1681 1721
f 1680 1721 1720
f 1681 1682 1722
f 1681 1722 1721
f 1682 1683 1723
f 1682 1723 1722
f 1683 1684 1724
f 1683 1724 1723
f 1684 1685 1725
f 1684 1725 1724
f 1685 1686 1726
f 1685 1726 1725
f 1686 1687 1727
f 1686 1727 1726
f 1687 1688 1728
f 1687 1728 1727
f 1688 1689 1729
f 1688 1729 1728
f 1689 1690 1730
f 1689 1730 1729
f 1690 1691 1731
f 1690 1731 1730
f 1691 1692 1732
f 1691 1732 1731
f 1692 1693 1733
f 1692 1733 1732
f 1693 1694 1734
f 1693 1734 1733
f 1694 1695 1735
f 1694 1735 1734
f 1695 1696 1736
f 1695 1736 1735
f 1696 1697 1737
f 1696 1737 1736
f 1697 1698 1738
f 1697 1738 1737
f 1698 1699 1739
f 1698 1739 1738
f 1699 1700 1740
f 1699 1740 1739
f 1700 1701 1741
f 1700 1741 1740
f 1701 1702 1742
f 1701 1742 1741
f 1702 1703 1743
f 1702 1743 1742
f 1703 1704 1744
f 1703 1744 1743
f 1704 1665 1705
f 1704 1705 1744
f 1746 1745 1784
f 1747 1746 1784
f 1748 1747 1784
f 1749 1748 1784
f 1750 1749 1784
f 1751 1750 1784
f 1752 1751 1784
f 1753 1752 1784
f 1754 1753 1784
f 1755 1754 1784
f 1756 1755 1784
f 1757 1756 1784
f 1758 1757 1784
f 1759 1758 1784
f 1760 1759 1784
f 1761 1760 1784
f 1762 1761 1784
f 1763 1762 1784
f 1764 1763 1784
f 1765 1764 1784
f 1766 1765 1784
f 1767 1766 1784
f 1768 1767 1784
f 1769 1768 1784
f 1770 1769 1784
f 1771 1770 1784
f 1772 1771 1784
f 1773 1772 1784
f 1774 1773 1784
f 1775 1774 1784
f 1776 1775 1784
f 1777 1776 1784
f 1778 1777 1784
f 1779 1778 1784
f 1780 1779 1784
f 1781 1780 1784
f 1782 1781 1784
f 1784 1783 1782
f 1824 1785 1786
f 1824 1786 1787
f 1824 1787 1788
f 1824 1788 1789
f 1824 1789 1790
f 1824 1790 1791
f 1824 1791 1792
f 1824 1792 1793
f 1824 1793 1794
f 1824 1794 1795
f 1824 1795 1796
f 1824 1796 1797
f 1824 1797 1798
f 1824 1798 1799
f 1824 1799 1800
f 1824 1800 1801
f 1824 1801 1802
f 1824 1802 1803
f 1824 1803 1804
f 1824 1804 1805
f 1824 1805 1806
f 1824 1806 1807
f 1824 1807 1808
f 1824 1808 1809
f 1824 1809 1810
f 1824 1810 1811
f 1824 1811 1812
f 1824 1812 1813
f 1824 1813 1814
f 1824 1814 1815
f 1824 1815 1816
f 1824 1816 1817
f 1824 1817 1818
f 1824 1818 1819
f 1824 1819 1820
f 1824 1820 1821
f 1824 1821 1822
f 1822 1823 1824
o peacock_rounded_rim
usemtl peacock_base
v 0.500000 0.105000 -1.665000
v 0.498584 0.105000 -1.682990
v 0.494371 0.105000 -1.700537
v 0.487466 0.105000 -1.717209
v 0.478037 0.105000 -1.732595
v 0.466317 0.105000 -1.746317
v 0.452595 0.105000 -1.758037
v 0.437209 0.105000 -1.767466
v 0.420537 0.105000 -1.774371
v 0.402990 0.105000 -1.778584
v -0.385000 0.105000 -1.780000
v -0.402990 0.105000 -1.778584
v -0.420537 0.105000 -1.774371
v -0.437209 0.105000 -1.767466
v -0.452595 0.105000 -1.758037
v -0.466317 0.105000 -1.746317
v -0.478037 0.105000 -1.732595
v -0.487466 0.105000 -1.717209
v -0.494371 0.105000 -1.700537
v -0.498584 0.105000 -1.682990
v -0.500000 0.105000 -0.895000
v -0.498584 0.105000 -0.877010
v -0.494371 0.105000 -0.859463
v -0.487466 0.105000 -0.842791
v -0.478037 0.105000 -0.827405
v -0.466317 0.105000 -0.813683
v -0.452595 0.105000 -0.801963
v -0.437209 0.105000 -0.792534
v -0.420537 0.105000 -0.785629
v -0.402990 0.105000 -0.781416
v 0.385000 0.105000 -0.780000
v 0.402990 0.105000 -0.781416
v 0.420537 0.105000 -0.785629
v 0.437209 0.105000 -0.792534
v 0.452595 0.105000 -0.801963
v 0.466317 0.105000 -0.813683
v 0.478037 0.105000 -0.827405
v 0.487466 0.105000 -0.842791
v 0.494371 0.105000 -0.859463
v 0.498584 0.105000 -0.877010
v 0.500000 0.230000 -1.665000
v 0.498584 0.230000 -1.682990
v 0.494371 0.230000 -1.700537
v 0.487466 0.230000 -1.717209
v 0.478037 0.230000 -1.732595
v 0.466317 0.230000 -1.746317
v 0.452595 0.230000 -1.758037
v 0.437209 0.230000 -1.767466
v 0.420537 0.230000 -1.774371
v 0.402990 0.230000 -1.778584
v -0.385000 0.230000 -1.780000
v -0.402990 0.230000 -1.778584
v -0.420537 0.230000 -1.774371
v -0.437209 0.230000 -1.767466
v -0.452595 0.230000 -1.758037
v -0.466317 0.230000 -1.746317
v -0.478037 0.230000 -1.732595
v -0.487466 0.230000 -1.717209
v -0.494371 0.230000 -1.700537
v -0.498584 0.230000 -1.682990
v -0.500000 0.230000 -0.895000
v -0.498584 0.230000 -0.877010
v -0.494371 0.230000 -0.859463
v -0.487466 0.230000 -0.842791
v -0.478037 0.230000 -0.827405
v -0.466317 0.230000 -0.813683
v -0.452595 0.230000 -0.801963
v -0.437209 0.230000 -0.792534
v -0.420537 0.230000 -0.785629
v -0.402990 0.230000 -0.781416
v 0.385000 0.230000 -0.780000
v 0.402990 0.230000 -0.781416
v 0.420537 0.230000 -0.785629
v 0.437209 0.230000 -0.792534
v 0.452595 0.230000 -0.801963
v 0.466317 0.230000 -0.813683
v 0.478037 0.230000 -0.827405
v 0.487466 0.230000 -0.842791
v 0.494371 0.230000 -0.859463
v 0.498584 0.230000 -0.877010
v 0.495500 0.245000 -1.665500
v 0.494146 0.245000 -1.682708
v 0.490116 0.245000 -1.699492
v 0.483511 0.245000 -1.715439
v 0.474492 0.245000 -1.730156
v 0.463282 0.245000 -1.743282
v 0.450156 0.245000 -1.754492
v 0.435439 0.245000 -1.763511
v 0.419492 0.245000 -1.770116
v 0.402708 0.245000 -1.774146
v -0.385500 0.245000 -1.775500
v -0.402708 0.245000 -1.774146
v -0.419492 0.245000 -1.770116
v -0.435439 0.245000 -1.763511
v -0.450156 0.245000 -1.754492
v -0.463282 0.245000 -1.743282
v -0.474492 0.245000 -1.730156
v -0.483511 0.245000 -1.715439
v -0.490116 0.245000 -1.699492
v -0.494146 0.245000 -1.682708
v -0.495500 0.245000 -0.894500
v -0.494146 0.245000 -0.877292
v -0.490116 0.245000 -0.860508
v -0.483511 0.245000 -0.844561
v -0.474492 0.245000 -0.829844
v -0.463282 0.245000 -0.816718
v -0.450156 0.245000 -0.805508
v -0.435439 0.245000 -0.796489
v -0.419492 0.245000 -0.789884
v -0.402708 0.245000 -0.785854
v 0.385500 0.245000 -0.784500
v 0.402708 0.245000 -0.785854
v 0.419492 0.245000 -0.789884
v 0.435439 0.245000 -0.796489
v 0.450156 0.245000 -0.805508
v 0.463282 0.245000 -0.816718
v 0.474492 0.245000 -0.829844
v 0.483511 0.245000 -0.844561
v 0.490116 0.245000 -0.860508
v 0.494146 0.245000 -0.877292
v 0.485000 0.253000 -1.662000
v 0.483732 0.253000 -1.678113
v 0.479959 0.253000 -1.693829
v 0.473774 0.253000 -1.708761
v 0.465329 0.253000 -1.722542
v 0.454832 0.253000 -1.734832
v 0.442542 0.253000 -1.745329
v 0.428761 0.253000 -1.753774
v 0.413829 0.253000 -1.759959
v 0.398113 0.253000 -1.763732
v -0.382000 0.253000 -1.765000
v -0.398113 0.253000 -1.763732
v -0.413829 0.253000 -1.759959
v -0.428761 0.253000 -1.753774
v -0.442542 0.253000 -1.745329
v -0.454832 0.253000 -1.734832
v -0.465329 0.253000 -1.722542
v -0.473774 0.253000 -1.708761
v -0.479959 0.253000 -1.693829
v -0.483732 0.253000 -1.678113
v -0.485000 0.253000 -0.898000
v -0.483732 0.253000 -0.881887
v -0.479959 0.253000 -0.866171
v -0.473774 0.253000 -0.851239
v -0.465329 0.253000 -0.837458
v -0.454832 0.253000 -0.825168
v -0.442542 0.253000 -0.814671
v -0.428761 0.253000 -0.806226
v -0.413829 0.253000 -0.800041
v -0.398113 0.253000 -0.796268
v 0.382000 0.253000 -0.795000
v 0.398113 0.253000 -0.796268
v 0.413829 0.253000 -0.800041
v 0.428761 0.253000 -0.806226
v 0.442542 0.253000 -0.814671
v 0.454832 0.253000 -0.825168
v 0.465329 0.253000 -0.837458
v 0.473774 0.253000 -0.851239
v 0.479959 0.253000 -0.866171
v 0.483732 0.253000 -0.881887
v 0.419000 0.253000 -1.609000
v 0.417892 0.253000 -1.623079
v 0.414595 0.253000 -1.636812
v 0.409191 0.253000 -1.649859
v 0.401812 0.253000 -1.661901
v 0.392640 0.253000 -1.672640
v 0.381901 0.253000 -1.681812
v 0.369859 0.253000 -1.689191
v 0.356812 0.253000 -1.694595
v 0.343079 0.253000 -1.697892
v -0.329000 0.253000 -1.699000
v -0.343079 0.253000 -1.697892
v -0.356812 0.253000 -1.694595
v -0.369859 0.253000 -1.689191
v -0.381901 0.253000 -1.681812
v -0.392640 0.253000 -1.672640
v -0.401812 0.253000 -1.661901
v -0.409191 0.253000 -1.649859
v -0.414595 0.253000 -1.636812
v -0.417892 0.253000 -1.623079
v -0.419000 0.253000 -0.951000
v -0.417892 0.253000 -0.936921
v -0.414595 0.253000 -0.923188
v -0.409191 0.253000 -0.910141
v -0.401812 0.253000 -0.898099
v -0.392640 0.253000 -0.887360
v -0.381901 0.253000 -0.878188
v -0.369859 0.253000 -0.870809
v -0.356812 0.253000 -0.865405
v -0.343079 0.253000 -0.862108
v 0.329000 0.253000 -0.861000
v 0.343079 0.253000 -0.862108
v 0.356812 0.253000 -0.865405
v 0.369859 0.253000 -0.870809
v 0.381901 0.253000 -0.878188
v 0.392640 0.253000 -0.887360
v 0.401812 0.253000 -0.898099
v 0.409191 0.253000 -0.910141
v 0.414595 0.253000 -0.923188
v 0.417892 0.253000 -0.936921
v 0.410500 0.246000 -1.606500
v 0.409466 0.246000 -1.619640
v 0.406389 0.246000 -1.632457
v 0.401345 0.246000 -1.644635
v 0.394457 0.246000 -1.655874
v 0.385897 0.246000 -1.665897
v 0.375874 0.246000 -1.674457
v 0.364635 0.246000 -1.681345
v 0.352457 0.246000 -1.686389
v 0.339640 0.246000 -1.689466
v -0.326500 0.246000 -1.690500
v -0.339640 0.246000 -1.689466
v -0.352457 0.246000 -1.686389
v -0.364635 0.246000 -1.681345
v -0.375874 0.246000 -1.674457
v -0.385897 0.246000 -1.665897
v -0.394457 0.246000 -1.655874
v -0.401345 0.246000 -1.644635
v -0.406389 0.246000 -1.632457
v -0.409466 0.246000 -1.619640
v -0.410500 0.246000 -0.953500
v -0.409466 0.246000 -0.940360
v -0.406389 0.246000 -0.927543
v -0.401345 0.246000 -0.915365
v -0.394457 0.246000 -0.904126
v -0.385897 0.246000 -0.894103
v -0.375874 0.246000 -0.885543
v -0.364635 0.246000 -0.878655
v -0.352457 0.246000 -0.873611
v -0.339640 0.246000 -0.870534
v 0.326500 0.246000 -0.869500
v 0.339640 0.246000 -0.870534
v 0.352457 0.246000 -0.873611
v 0.364635 0.246000 -0.878655
v 0.375874 0.246000 -0.885543
v 0.385897 0.246000 -0.894103
v 0.394457 0.246000 -0.904126
v 0.401345 0.246000 -0.915365
v 0.406389 0.246000 -0.927543
v 0.409466 0.246000 -0.940360
v 0.406000 0.232000 -1.606000
v 0.405015 0.232000 -1.618515
v 0.402085 0.232000 -1.630721
v 0.397281 0.232000 -1.642319
v 0.390721 0.232000 -1.653023
v 0.382569 0.232000 -1.662569
v 0.373023 0.232000 -1.670721
v 0.362319 0.232000 -1.677281
v 0.350721 0.232000 -1.682085
v 0.338515 0.232000 -1.685015
v -0.326000 0.232000 -1.686000
v -0.338515 0.232000 -1.685015
v -0.350721 0.232000 -1.682085
v -0.362319 0.232000 -1.677281
v -0.373023 0.232000 -1.670721
v -0.382569 0.232000 -1.662569
v -0.390721 0.232000 -1.653023
v -0.397281 0.232000 -1.642319
v -0.402085 0.232000 -1.630721
v -0.405015 0.232000 -1.618515
v -0.406000 0.232000 -0.954000
v -0.405015 0.232000 -0.941485
v -0.402085 0.232000 -0.929279
v -0.397281 0.232000 -0.917681
v -0.390721 0.232000 -0.906977
v -0.382569 0.232000 -0.897431
v -0.373023 0.232000 -0.889279
v -0.362319 0.232000 -0.882719
v -0.350721 0.232000 -0.877915
v -0.338515 0.232000 -0.874985
v 0.326000 0.232000 -0.874000
v 0.338515 0.232000 -0.874985
v 0.350721 0.232000 -0.877915
v 0.362319 0.232000 -0.882719
v 0.373023 0.232000 -0.889279
v 0.382569 0.232000 -0.897431
v 0.390721 0.232000 -0.906977
v 0.397281 0.232000 -0.917681
v 0.402085 0.232000 -0.929279
v 0.405015 0.232000 -0.941485
v 0.406000 0.156000 -1.606000
v 0.405015 0.156000 -1.618515
v 0.402085 0.156000 -1.630721
v 0.397281 0.156000 -1.642319
v 0.390721 0.156000 -1.653023
v 0.382569 0.156000 -1.662569
v 0.373023 0.156000 -1.670721
v 0.362319 0.156000 -1.677281
v 0.350721 0.156000 -1.682085
v 0.338515 0.156000 -1.685015
v -0.326000 0.156000 -1.686000
v -0.338515 0.156000 -1.685015
v -0.350721 0.156000 -1.682085
v -0.362319 0.156000 -1.677281
v -0.373023 0.156000 -1.670721
v -0.382569 0.156000 -1.662569
v -0.390721 0.156000 -1.653023
v -0.397281 0.156000 -1.642319
v -0.402085 0.156000 -1.630721
v -0.405015 0.156000 -1.618515
v -0.406000 0.156000 -0.954000
v -0.405015 0.156000 -0.941485
v -0.402085 0.156000 -0.929279
v -0.397281 0.156000 -0.917681
v -0.390721 0.156000 -0.906977
v -0.382569 0.156000 -0.897431
v -0.373023 0.156000 -0.889279
v -0.362319 0.156000 -0.882719
v -0.350721 0.156000 -0.877915
v -0.338515 0.156000 -0.874985
v 0.326000 0.156000 -0.874000
v 0.338515 0.156000 -0.874985
v 0.350721 0.156000 -0.877915
v 0.362319 0.156000 -0.882719
v 0.373023 0.156000 -0.889279
v 0.382569 0.156000 -0.897431
v 0.390721 0.156000 -0.906977
v 0.397281 0.156000 -0.917681
v 0.402085 0.156000 -0.929279
v 0.405015 0.156000 -0.941485
v 0.417500 0.146000 -1.612500
v 0.416454 0.146000 -1.625797
v 0.413340 0.146000 -1.638766
v 0.408236 0.146000 -1.651089
v 0.401266 0.146000 -1.662462
v 0.392604 0.146000 -1.672604
v 0.382462 0.146000 -1.681266
v 0.371089 0.146000 -1.688236
v 0.358766 0.146000 -1.693340
v 0.345797 0.146000 -1.696454
v -0.332500 0.146000 -1.697500
v -0.345797 0.146000 -1.696454
v -0.358766 0.146000 -1.693340
v -0.371089 0.146000 -1.688236
v -0.382462 0.146000 -1.681266
v -0.392604 0.146000 -1.672604
v -0.401266 0.146000 -1.662462
v -0.408236 0.146000 -1.651089
v -0.413340 0.146000 -1.638766
v -0.416454 0.146000 -1.625797
v -0.417500 0.146000 -0.947500
v -0.416454 0.146000 -0.934203
v -0.413340 0.146000 -0.921234
v -0.408236 0.146000 -0.908911
v -0.401266 0.146000 -0.897538
v -0.392604 0.146000 -0.887396
v -0.382462 0.146000 -0.878734
v -0.371089 0.146000 -0.871764
v -0.358766 0.146000 -0.866660
v -0.345797 0.146000 -0.863546
v 0.332500 0.146000 -0.862500
v 0.345797 0.146000 -0.863546
v 0.358766 0.146000 -0.866660
v 0.371089 0.146000 -0.871764
v 0.382462 0.146000 -0.878734
v 0.392604 0.146000 -0.887396
v 0.401266 0.146000 -0.897538
v 0.408236 0.146000 -0.908911
v 0.413340 0.146000 -0.921234
v 0.416454 0.146000 -0.934203
v 0.485000 0.146000 -1.662000
v 0.483732 0.146000 -1.678113
v 0.479959 0.146000 -1.693829
v 0.473774 0.146000 -1.708761
v 0.465329 0.146000 -1.722542
v 0.454832 0.146000 -1.734832
v 0.442542 0.146000 -1.745329
v 0.428761 0.146000 -1.753774
v 0.413829 0.146000 -1.759959
v 0.398113 0.146000 -1.763732
v -0.382000 0.146000 -1.765000
v -0.398113 0.146000 -1.763732
v -0.413829 0.146000 -1.759959
v -0.428761 0.146000 -1.753774
v -0.442542 0.146000 -1.745329
v -0.454832 0.146000 -1.734832
v -0.465329 0.146000 -1.722542
v -0.473774 0.146000 -1.708761
v -0.479959 0.146000 -1.693829
v -0.483732 0.146000 -1.678113
v -0.485000 0.146000 -0.898000
v -0.483732 0.146000 -0.881887
v -0.479959 0.146000 -0.866171
v -0.473774 0.146000 -0.851239
v -0.465329 0.146000 -0.837458
v -0.454832 0.146000 -0.825168
v -0.442542 0.146000 -0.814671
v -0.428761 0.146000 -0.806226
v -0.413829 0.146000 -0.800041
v -0.398113 0.146000 -0.796268
v 0.382000 0.146000 -0.795000
v 0.398113 0.146000 -0.796268
v 0.413829 0.146000 -0.800041
v 0.428761 0.146000 -0.806226
v 0.442542 0.146000 -0.814671
v 0.454832 0.146000 -0.825168
v 0.465329 0.146000 -0.837458
v 0.473774 0.146000 -0.851239
v 0.479959 0.146000 -0.866171
v 0.483732 0.146000 -0.881887
f 1825 1826 1866
f 1825 1866 1865
f 1826 1827 1867
f 1826 1867 1866
f 1827 1828 1868
f 1827 1868 1867
f 1828 1829 1869
f 1828 1869 1868
f 1829 1830 1870
f 1829 1870 1869
f 1830 1831 1871
f 1830 1871 1870
f 1831 1832 1872
f 1831 1872 1871
f 1832 1833 1873
f 1832 1873 1872
f 1833 1834 1874
f 1833 1874 1873
f 1834 1835 1875
f 1834 1875 1874
f 1835 1836 1876
f 1835 1876 1875
f 1836 1837 1877
f 1836 1877 1876
f 1837 1838 1878
f 1837 1878 1877
f 1838 1839 1879
f 1838 1879 1878
f 1839 1840 1880
f 1839 1880 1879
f 1840 1841 1881
f 1840 1881 1880
f 1841 1842 1882
f 1841 1882 1881
f 1842 1843 1883
f 1842 1883 1882
f 1843 1844 1884
f 1843 1884 1883
f 1844 1845 1885
f 1844 1885 1884
f 1845 1846 1886
f 1845 1886 1885
f 1846 1847 1887
f 1846 1887 1886
f 1847 1848 1888
f 1847 1888 1887
f 1848 1849 1889
f 1848 1889 1888
f 1849 1850 1890
f 1849 1890 1889
f 1850 1851 1891
f 1850 1891 1890
f 1851 1852 1892
f 1851 1892 1891
f 1852 1853 1893
f 1852 1893 1892
f 1853 1854 1894
f 1853 1894 1893
f 1854 1855 1895
f 1854 1895 1894
f 1855 1856 1896
f 1855 1896 1895
f 1856 1857 1897
f 1856 1897 1896
f 1857 1858 1898
f 1857 1898 1897
f 1858 1859 1899
f 1858 1899 1898
f 1859 1860 1900
f 1859 1900 1899
f 1860 1861 1901
f 1860 1901 1900
f 1861 1862 1902
f 1861 1902 1901
f 1862 1863 1903
f 1862 1903 1902
f 1863 1864 1904
f 1863 1904 1903
f 1864 1825 1865
f 1864 1865 1904
f 1865 1866 1906
f 1865 1906 1905
f 1866 1867 1907
f 1866 1907 1906
f 1867 1868 1908
f 1867 1908 1907
f 1868 1869 1909
f 1868 1909 1908
f 1869 1870 1910
f 1869 1910 1909
f 1870 1871 1911
f 1870 1911 1910
f 1871 1872 1912
f 1871 1912 1911
f 1872 1873 1913
f 1872 1913 1912
f 1873 1874 1914
f 1873 1914 1913
f 1874 1875 1915
f 1874 1915 1914
f 1875 1876 1916
f 1875 1916 1915
f 1876 1877 1917
f 1876 1917 1916
f 1877 1878 1918
f 1877 1918 1917
f 1878 1879 1919
f 1878 1919 1918
f 1879 1880 1920
f 1879 1920 1919
f 1880 1881 1921
f 1880 1921 1920
f 1881 1882 1922
f 1881 1922 1921
f 1882 1883 1923
f 1882 1923 1922
f 1883 1884 1924
f 1883 1924 1923
f 1884 1885 1925
f 1884 1925 1924
f 1885 1886 1926
f 1885 1926 1925
f 1886 1887 1927
f 1886 1927 1926
f 1887 1888 1928
f 1887 1928 1927
f 1888 1889 1929
f 1888 1929 1928
f 1889 1890 1930
f 1889 1930 1929
f 1890 1891 1931
f 1890 1931 1930
f 1891 1892 1932
f 1891 1932 1931
f 1892 1893 1933
f 1892 1933 1932
f 1893 1894 1934
f 1893 1934 1933
f 1894 1895 1935
f 1894 1935 1934
f 1895 1896 1936
f 1895 1936 1935
f 1896 1897 1937
f 1896 1937 1936
f 1897 1898 1938
f 1897 1938 1937
f 1898 1899 1939
f 1898 1939 1938
f 1899 1900 1940
f 1899 1940 1939
f 1900 1901 1941
f 1900 1941 1940
f 1901 1902 1942
f 1901 1942 1941
f 1902 1903 1943
f 1902 1943 1942
f 1903 1904 1944
f 1903 1944 1943
f 1904 1865 1905
f 1904 1905 1944
f 1905 1906 1946
f 1905 1946 1945
f 1906 1907 1947
f 1906 1947 1946
f 1907 1908 1948
f 1907 1948 1947
f 1908 1909 1949
f 1908 1949 1948
f 1909 1910 1950
f 1909 1950 1949
f 1910 1911 1951
f 1910 1951 1950
f 1911 1912 1952
f 1911 1952 1951
f 1912 1913 1953
f 1912 1953 1952
f 1913 1914 1954
f 1913 1954 1953
f 1914 1915 1955
f 1914 1955 1954
f 1915 1916 1956
f 1915 1956 1955
f 1916 1917 1957
f 1916 1957 1956
f 1917 1918 1958
f 1917 1958 1957
f 1918 1919 1959
f 1918 1959 1958
f 1919 1920 1960
f 1919 1960 1959
f 1920 1921 1961
f 1920 1961 1960
f 1921 1922 1962
f 1921 1962 1961
f 1922 1923 1963
f 1922 1963 1962
f 1923 1924 1964
f 1923 1964 1963
f 1924 1925 1965
f 1924 1965 1964
f 1925 1926 1966
f 1925 1966 1965
f 1926 1927 1967
f 1926 1967 1966
f 1927 1928 1968
f 1927 1968 1967
f 1928 1929 1969
f 1928 1969 1968
f 1929 1930 1970
f 1929 1970 1969
f 1930 1931 1971
f 1930 1971 1970
f 1931 1932 1972
f 1931 1972 1971
f 1932 1933 1973
f 1932 1973 1972
f 1933 1934 1974
f 1933 1974 1973
f 1934 1935 1975
f 1934 1975 1974
f 1935 1936 1976
f 1935 1976 1975
f 1936 1937 1977
f 1936 1977 1976
f 1937 1938 1978
f 1937 1978 1977
f 1938 1939 1979
f 1938 1979 1978
f 1939 1940 1980
f 1939 1980 1979
f 1940 1941 1981
f 1940 1981 1980
f 1941 1942 1982
f 1941 1982 1981
f 1942 1943 1983
f 1942 1983 1982
f 1943 1944 1984
f 1943 1984 1983
f 1944 1905 1945
f 1944 1945 1984
f 1945 1946 1986
f 1945 1986 1985
f 1946 1947 1987
f 1946 1987 1986
f 1947 1948 1988
f 1947 1988 1987
f 1948 1949 1989
f 1948 1989 1988
f 1949 1950 1990
f 1949 1990 1989
f 1950 1951 1991
f 1950 1991 1990
f 1951 1952 1992
f 1951 1992 1991
f 1952 1953 1993
f 1952 1993 1992
f 1953 1954 1994
f 1953 1994 1993
f 1954 1955 1995
f 1954 1995 1994
f 1955 1956 1996
f 1955 1996 1995
f 1956 1957 1997
f 1956 1997 1996
f 1957 1958 1998
f 1957 1998 1997
f 1958 1959 1999
f 1958 1999 1998
f 1959 1960 2000
f 1959 2000 1999
f 1960 1961 2001
f 1960 2001 2000
f 1961 1962 2002
f 1961 2002 2001
f 1962 1963 2003
f 1962 2003 2002
f 1963 1964 2004
f 1963 2004 2003
f 1964 1965 2005
f 1964 2005 2004
f 1965 1966 2006
f 1965 2006 2005
f 1966 1967 2007
f 1966 2007 2006
f 1967 1968 2008
f 1967 2008 2007
f 1968 1969 2009
f 1968 2009 2008
f 1969 1970 2010
f 1969 2010 2009
f 1970 1971 2011
f 1970 2011 2010
f 1971 1972 2012
f 1971 2012 2011
f 1972 1973 2013
f 1972 2013 2012
f 1973 1974 2014
f 1973 2014 2013
f 1974 1975 2015
f 1974 2015 2014
f 1975 1976 2016
f 1975 2016 2015
f 1976 1977 2017
f 1976 2017 2016
f 1977 1978 2018
f 1977 2018 2017
f 1978 1979 2019
f 1978 2019 2018
f 1979 1980 2020
f 1979 2020 2019
f 1980 1981 2021
f 1980 2021 2020
f 1981 1982 2022
f 1981 2022 2021
f 1982 1983 2023
f 1982 2023 2022
f 1983 1984 2024
f 1983 2024 2023
f 1984 1945 1985
f 1984 1985 2024
f 1985 1986 2026
f 1985 2026 2025
f 1986 1987 2027
f 1986 2027 2026
f 1987 1988 2028
f 1987 2028 2027
f 1988 1989 2029
f 1988 2029 2028
f 1989 1990 2030
f 1989 2030 2029
f 1990 1991 2031
f 1990 2031 2030
f 1991 1992 2032
f 1991 2032 2031
f 1992 1993 2033
f 1992 2033 2032
f 1993 1994 2034
f 1993 2034 2033
f 1994 1995 2035
f 1994 2035 2034
f 1995 1996 2036
f 1995 2036 2035
f 1996 1997 2037
f 1996 2037 2036
f 1997 1998 2038
f 1997 2038 2037
f 1998 1999 2039
f 1998 2039 2038
f 1999 2000 2040
f 1999 2040 2039
f 2000 2001 2041
f 2000 2041 2040
f 2001 2002 2042
f 2001 2042 2041
f 2002 2003 2043
f 2002 2043 2042
f 2003 2004 2044
f 2003 2044 2043
f 2004 2005 2045
f 2004 2045 2044
f 2005 2006 2046
f 2005 2046 2045
f 2006 2007 2047
f 2006 2047 2046
f 2007 2008 2048
f 2007 2048 2047
f 2008 2009 2049
f 2008 2049 2048
f 2009 2010 2050
f 2009 2050 2049
f 2010 2011 2051
f 2010 2051 2050
f 2011 2012 2052
f 2011 2052 2051
f 2012 2013 2053
f 2012 2053 2052
f 2013 2014 2054
f 2013 2054 2053
f 2014 2015 2055
f 2014 2055 2054
f 2015 2016 2056
f 2015 2056 2055
f 2016 2017 2057
f 2016 2057 2056
f 2017 2018 2058
f 2017 2058 2057
f 2018 2019 2059
f 2018 2059 2058
f 2019 2020 2060
f 2019 2060 2059
f 2020 2021 2061
f 2020 2061 2060
f 2021 2022 2062
f 2021 2062 2061
f 2022 2023 2063
f 2022 2063 2062
f 2023 2024 2064
f 2023 2064 2063
f 2024 1985 2025
f 2024 2025 2064
f 2025 2026 2066
f 2025 2066 2065
f 2026 2027 2067
f 2026 2067 2066
f 2027 2028 2068
f 2027 2068 2067
f 2028 2029 2069
f 2028 2069 2068
f 2029 2030 2070
f 2029 2070 2069
f 2030 2031 2071
f 2030 2071 2070
f 2031 2032 2072
f 2031 2072 2071
f 2032 2033 2073
f 2032 2073 2072
f 2033 2034 2074
f 2033 2074 2073
f 2034 2035 2075
f 2034 2075 2074
f 2035 2036 2076
f 2035 2076 2075
f 2036 2037 2077
f 2036 2077 2076
f 2037 2038 2078
f 2037 2078 2077
f 2038 2039 2079
f 2038 2079 2078
f 2039 2040 2080
f 2039 2080 2079
f 2040 2041 2081
f 2040 2081 2080
f 2041 2042 2082
f 2041 2082 2081
f 2042 2043 2083
f 2042 2083 2082
f 2043 2044 2084
f 2043 2084 2083
f 2044 2045 2085
f 2044 2085 2084
f 2045 2046 2086
f 2045 2086 2085
f 2046 2047 2087
f 2046 2087 2086
f 2047 2048 2088
f 2047 2088 2087
f 2048 2049 2089
f 2048 2089 2088
f 2049 2050 2090
f 2049 2090 2089
f 2050 2051 2091
f 2050 2091 2090
f 2051 2052 2092
f 2051 2092 2091
f 2052 2053 2093
f 2052 2093 2092
f 2053 2054 2094
f 2053 2094 2093
f 2054 2055 2095
f 2054 2095 2094
f 2055 2056 2096
f 2055 2096 2095
f 2056 2057 2097
f 2056 2097 2096
f 2057 2058 2098
f 2057 2098 2097
f 2058 2059 2099
f 2058 2099 2098
f 2059 2060 2100
f 2059 2100 2099
f 2060 2061 2101
f 2060 2101 2100
f 2061 2062 2102
f 2061 2102 2101
f 2062 2063 2103
f 2062 2103 2102
f 2063 2064 2104
f 2063 2104 2103
f 2064 2025 2065
f 2064 2065 2104
f 2065 2066 2106
f 2065 2106 2105
f 2066 2067 2107
f 2066 2107 2106
f 2067 2068 2108
f 2067 2108 2107
f 2068 2069 2109
f 2068 2109 2108
f 2069 2070 2110
f 2069 2110 2109
f 2070 2071 2111
f 2070 2111 2110
f 2071 2072 2112
f 2071 2112 2111
f 2072 2073 2113
f 2072 2113 2112
f 2073 2074 2114
f 2073 2114 2113
f 2074 2075 2115
f 2074 2115 2114
f 2075 2076 2116
f 2075 2116 2115
f 2076 2077 2117
f 2076 2117 2116
f 2077 2078 2118
f 2077 2118 2117
f 2078 2079 2119
f 2078 2119 2118
f 2079 2080 2120
f 2079 2120 2119
f 2080 2081 2121
f 2080 2121 2120
f 2081 2082 2122
f 2081 2122 2121
f 2082 2083 2123
f 2082 2123 2122
f 2083 2084 2124
f 2083 2124 2123
f 2084 2085 2125
f 2084 2125 2124
f 2085 2086 2126
f 2085 2126 2125
f 2086 2087 2127
f 2086 2127 2126
f 2087 2088 2128
f 2087 2128 2127
f 2088 2089 2129
f 2088 2129 2128
f 2089 2090 2130
f 2089 2130 2129
f 2090 2091 2131
f 2090 2131 2130
f 2091 2092 2132
f 2091 2132 2131
f 2092 2093 2133
f 2092 2133 2132
f 2093 2094 2134
f 2093 2134 2133
f 2094 2095 2135
f 2094 2135 2134
f 2095 2096 2136
f 2095 2136 2135
f 2096 2097 2137
f 2096 2137 2136
f 2097 2098 2138
f 2097 2138 2137
f 2098 2099 2139
f 2098 2139 2138
f 2099 2100 2140
f 2099 2140 2139
f 2100 2101 2141
f 2100 2141 2140
f 2101 2102 2142
f 2101 2142 2141
f 2102 2103 2143
f 2102 2143 2142
f 2103 2104 2144
f 2103 2144 2143
f 2104 2065 2105
f 2104 2105 2144
f 2105 2106 2146
f 2105 2146 2145
f 2106 2107 2147
f 2106 2147 2146
f 2107 2108 2148
f 2107 2148 2147
f 2108 2109 2149
f 2108 2149 2148
f 2109 2110 2150
f 2109 2150 2149
f 2110 2111 2151
f 2110 2151 2150
f 2111 2112 2152
f 2111 2152 2151
f 2112 2113 2153
f 2112 2153 2152
f 2113 2114 2154
f 2113 2154 2153
f 2114 2115 2155
f 2114 2155 2154
f 2115 2116 2156
f 2115 2156 2155
f 2116 2117 2157
f 2116 2157 2156
f 2117 2118 2158
f 2117 2158 2157
f 2118 2119 2159
f 2118 2159 2158
f 2119 2120 2160
f 2119 2160 2159
f 2120 2121 2161
f 2120 2161 2160
f 2121 2122 2162
f 2121 2162 2161
f 2122 2123 2163
f 2122 2163 2162
f 2123 2124 2164
f 2123 2164 2163
f 2124 2125 2165
f 2124 2165 2164
f 2125 2126 2166
f 2125 2166 2165
f 2126 2127 2167
f 2126 2167 2166
f 2127 2128 2168
f 2127 2168 2167
f 2128 2129 2169
f 2128 2169 2168
f 2129 2130 2170
f 2129 2170 2169
f 2130 2131 2171
f 2130 2171 2170
f 2131 2132 2172
f 2131 2172 2171
f 2132 2133 2173
f 2132 2173 2172
f 2133 2134 2174
f 2133 2174 2173
f 2134 2135 2175
f 2134 2175 2174
f 2135 2136 2176
f 2135 2176 2175
f 2136 2137 2177
f 2136 2177 2176
f 2137 2138 2178
f 2137 2178 2177
f 2138 2139 2179
f 2138 2179 2178
f 2139 2140 2180
f 2139 2180 2179
f 2140 2141 2181
f 2140 2181 2180
f 2141 2142 2182
f 2141 2182 2181
f 2142 2143 2183
f 2142 2183 2182
f 2143 2144 2184
f 2143 2184 2183
f 2144 2105 2145
f 2144 2145 2184
f 2145 2146 2186
f 2145 2186 2185
f 2146 2147 2187
f 2146 2187 2186
f 2147 2148 2188
f 2147 2188 2187
f 2148 2149 2189
f 2148 2189 2188
f 2149 2150 2190
f 2149 2190 2189
f 2150 2151 2191
f 2150 2191 2190
f 2151 2152 2192
f 2151 2192 2191
f 2152 2153 2193
f 2152 2193 2192
f 2153 2154 2194
f 2153 2194 2193
f 2154 2155 2195
f 2154 2195 2194
f 2155 2156 2196
f 2155 2196 2195
f 2156 2157 2197
f 2156 2197 2196
f 2157 2158 2198
f 2157 2198 2197
f 2158 2159 2199
f 2158 2199 2198
f 2159 2160 2200
f 2159 2200 2199
f 2160 2161 2201
f 2160 2201 2200
f 2161 2162 2202
f 2161 2202 2201
f 2162 2163 2203
f 2162 2203 2202
f 2163 2164 2204
f 2163 2204 2203
f 2164 2165 2205
f 2164 2205 2204
f 2165 2166 2206
f 2165 2206 2205
f 2166 2167 2207
f 2166 2207 2206
f 2167 2168 2208
f 2167 2208 2207
f 2168 2169 2209
f 2168 2209 2208
f 2169 2170 2210
f 2169 2210 2209
f 2170 2171 2211
f 2170 2211 2210
f 2171 2172 2212
f 2171 2212 2211
f 2172 2173 2213
f 2172 2213 2212
f 2173 2174 2214
f 2173 2214 2213
f 2174 2175 2215
f 2174 2215 2214
f 2175 2176 2216
f 2175 2216 2215
f 2176 2177 2217
f 2176 2217 2216
f 2177 2178 2218
f 2177 2218 2217
f 2178 2179 2219
f 2178 2219 2218
f 2179 2180 2220
f 2179 2220 2219
f 2180 2181 2221
f 2180 2221 2220
f 2181 2182 2222
f 2181 2222 2221
f 2182 2183 2223
f 2182 2223 2222
f 2183 2184 2224
f 2183 2224 2223
f 2184 2145 2185
f 2184 2185 2224
f 2185 2186 1826
f 2185 1826 1825
f 2186 2187 1827
f 2186 1827 1826
f 2187 2188 1828
f 2187 1828 1827
f 2188 2189 1829
f 2188 1829 1828
f 2189 2190 1830
f 2189 1830 1829
f 2190 2191 1831
f 2190 1831 1830
f 2191 2192 1832
f 2191 1832 1831
f 2192 2193 1833
f 2192 1833 1832
f 2193 2194 1834
f 2193 1834 1833
f 2194 2195 1835
f 2194 1835 1834
f 2195 2196 1836
f 2195 1836 1835
f 2196 2197 1837
f 2196 1837 1836
f 2197 2198 1838
f 2197 1838 1837
f 2198 2199 1839
f 2198 1839 1838
f 2199 2200 1840
f 2199 1840 1839
f 2200 2201 1841
f 2200 1841 1840
f 2201 2202 1842
f 2201 1842 1841
f 2202 2203 1843
f 2202 1843 1842
f 2203 2204 1844
f 2203 1844 1843
f 2204 2205 1845
f 2204 1845 1844
f 2205 2206 1846
f 2205 1846 1845
f 2206 2207 1847
f 2206 1847 1846
f 2207 2208 1848
f 2207 1848 1847
f 2208 2209 1849
f 2208 1849 1848
f 2209 2210 1850
f 2209 1850 1849
f 2210 2211 1851
f 2210 1851 1850
f 2211 2212 1852
f 2211 1852 1851
f 2212 2213 1853
f 2212 1853 1852
f 2213 2214 1854
f 2213 1854 1853
f 2214 2215 1855
f 2214 1855 1854
f 2215 2216 1856
f 2215 1856 1855
f 2216 2217 1857
f 2216 1857 1856
f 2217 2218 1858
f 2217 1858 1857
f 2218 2219 1859
f 2218 1859 1858
f 2219 2220 1860
f 2219 1860 1859
f 2220 2221 1861
f 2220 1861 1860
f 2221 2222 1862
f 2221 1862 1861
f 2222 2223 1863
f 2222 1863 1862
f 2223 2224 1864
f 2223 1864 1863
f 2224 2185 1825
f 2224 1825 1864
o peacock_fan
usemtl peacock_relief
v 0.228209 0.164000 -1.168000
v 0.261601 0.164000 -1.183745
v 0.292902 0.164000 -1.205764
v 0.319367 0.164000 -1.232164
v 0.339240 0.164000 -1.261397
v 0.350910 0.164000 -1.291859
v 0.353029 0.164000 -1.322066
v 0.344335 0.164000 -1.351082
v 0.322930 0.164000 -1.378365
v 0.278912 0.164000 -1.407789
v 0.303186 0.164000 -1.444208
v 0.311401 0.164000 -1.472929
v 0.309869 0.164000 -1.500006
v 0.299643 0.164000 -1.524054
v 0.281542 0.164000 -1.543635
v 0.256236 0.164000 -1.557162
v 0.224332 0.164000 -1.562856
v 0.186504 0.164000 -1.558752
v 0.135687 0.164000 -1.539862
v 0.116306 0.164000 -1.584398
v 0.095104 0.164000 -1.611591
v 0.070388 0.164000 -1.629460
v 0.043677 0.164000 -1.638296
v 0.016323 0.164000 -1.638296
v -0.010388 0.164000 -1.629460
v -0.035104 0.164000 -1.611591
v -0.056306 0.164000 -1.584398
v -0.076676 0.164000 -1.537589
v -0.109393 0.164000 -1.561797
v -0.135929 0.164000 -1.571306
v -0.163467 0.164000 -1.573056
v -0.190032 0.164000 -1.567285
v -0.213664 0.164000 -1.554292
v -0.232546 0.164000 -1.534344
v -0.244946 0.164000 -1.507475
v -0.248934 0.164000 -1.473469
v -0.241093 0.164000 -1.425042
v -0.277026 0.164000 -1.410086
v -0.300944 0.164000 -1.392919
v -0.318636 0.164000 -1.371376
v -0.329409 0.164000 -1.345847
v -0.332463 0.164000 -1.316489
v -0.326725 0.164000 -1.283415
v -0.310949 0.164000 -1.246933
v -0.283921 0.164000 -1.207551
v -0.246553 0.164000 -1.168000
v 0.229475 0.166344 -1.162344
v 0.264455 0.166344 -1.178838
v 0.296553 0.166344 -1.201417
v 0.323742 0.166344 -1.228539
v 0.344287 0.166344 -1.258761
v 0.356493 0.166344 -1.290622
v 0.358743 0.166344 -1.322700
v 0.349446 0.166344 -1.353731
v 0.326823 0.166344 -1.382566
v 0.286751 0.166344 -1.409352
v 0.308382 0.166344 -1.441805
v 0.317102 0.166344 -1.472294
v 0.315461 0.166344 -1.501311
v 0.304463 0.166344 -1.527172
v 0.285049 0.166344 -1.548174
v 0.258111 0.166344 -1.562573
v 0.224528 0.166344 -1.568566
v 0.185193 0.166344 -1.564299
v 0.138736 0.166344 -1.547030
v 0.121206 0.166344 -1.587311
v 0.099070 0.166344 -1.615703
v 0.072994 0.166344 -1.634555
v 0.044588 0.166344 -1.643952
v 0.015412 0.166344 -1.643952
v -0.012994 0.166344 -1.634555
v -0.039070 0.166344 -1.615703
v -0.061206 0.166344 -1.587311
v -0.079026 0.166344 -1.546364
v -0.106699 0.166344 -1.566840
v -0.134773 0.166344 -1.576900
v -0.163896 0.166344 -1.578751
v -0.192036 0.166344 -1.572638
v -0.217164 0.166344 -1.558822
v -0.237292 0.166344 -1.537557
v -0.250459 0.166344 -1.509027
v -0.254643 0.166344 -1.473344
v -0.247390 0.166344 -1.428547
v -0.279798 0.166344 -1.415058
v -0.304844 0.166344 -1.397081
v -0.323528 0.166344 -1.374331
v -0.334947 0.166344 -1.347270
v -0.338170 0.166344 -1.316295
v -0.332183 0.166344 -1.281786
v -0.315922 0.166344 -1.244184
v -0.288335 0.166344 -1.203987
v -0.248990 0.166344 -1.162344
v 0.230000 0.172000 -1.160000
v 0.265638 0.172000 -1.176804
v 0.298066 0.172000 -1.199616
v 0.325556 0.172000 -1.227037
v 0.346379 0.172000 -1.257668
v 0.358807 0.172000 -1.290110
v 0.361111 0.172000 -1.322963
v 0.351564 0.172000 -1.354829
v 0.328436 0.172000 -1.384307
v 0.290000 0.172000 -1.410000
v 0.310535 0.172000 -1.440809
v 0.319465 0.172000 -1.472030
v 0.317778 0.172000 -1.501852
v 0.306461 0.172000 -1.528464
v 0.286502 0.172000 -1.550055
v 0.258889 0.172000 -1.564815
v 0.224609 0.172000 -1.570933
v 0.184650 0.172000 -1.566598
v 0.140000 0.172000 -1.550000
v 0.123237 0.172000 -1.588519
v 0.100713 0.172000 -1.617407
v 0.074074 0.172000 -1.636667
v 0.044966 0.172000 -1.646296
v 0.015034 0.172000 -1.646296
v -0.014074 0.172000 -1.636667
v -0.040713 0.172000 -1.617407
v -0.063237 0.172000 -1.588519
v -0.080000 0.172000 -1.550000
v -0.105583 0.172000 -1.568930
v -0.134294 0.172000 -1.579218
v -0.164074 0.172000 -1.581111
v -0.192867 0.172000 -1.574856
v -0.218615 0.172000 -1.560700
v -0.239259 0.172000 -1.538889
v -0.252743 0.172000 -1.509671
v -0.257010 0.172000 -1.473292
v -0.250000 0.172000 -1.430000
v -0.280947 0.172000 -1.417119
v -0.306461 0.172000 -1.398807
v -0.325556 0.172000 -1.375556
v -0.337243 0.172000 -1.347860
v -0.340535 0.172000 -1.316214
v -0.334444 0.172000 -1.281111
v -0.317984 0.172000 -1.243045
v -0.290165 0.172000 -1.202510
v -0.250000 0.172000 -1.160000
v 0.230000 0.196000 -1.160000
v 0.265638 0.196000 -1.176804
v 0.298066 0.196000 -1.199616
v 0.325556 0.196000 -1.227037
v 0.346379 0.196000 -1.257668
v 0.358807 0.196000 -1.290110
v 0.361111 0.196000 -1.322963
v 0.351564 0.196000 -1.354829
v 0.328436 0.196000 -1.384307
v 0.290000 0.196000 -1.410000
v 0.310535 0.196000 -1.440809
v 0.319465 0.196000 -1.472030
v 0.317778 0.196000 -1.501852
v 0.306461 0.196000 -1.528464
v 0.286502 0.196000 -1.550055
v 0.258889 0.196000 -1.564815
v 0.224609 0.196000 -1.570933
v 0.184650 0.196000 -1.566598
v 0.140000 0.196000 -1.550000
v 0.123237 0.196000 -1.588519
v 0.100713 0.196000 -1.617407
v 0.074074 0.196000 -1.636667
v 0.044966 0.196000 -1.646296
v 0.015034 0.196000 -1.646296
v -0.014074 0.196000 -1.636667
v -0.040713 0.196000 -1.617407
v -0.063237 0.196000 -1.588519
v -0.080000 0.196000 -1.550000
v -0.105583 0.196000 -1.568930
v -0.134294 0.196000 -1.579218
v -0.164074 0.196000 -1.581111
v -0.192867 0.196000 -1.574856
v -0.218615 0.196000 -1.560700
v -0.239259 0.196000 -1.538889
v -0.252743 0.196000 -1.509671
v -0.257010 0.196000 -1.473292
v -0.250000 0.196000 -1.430000
v -0.280947 0.196000 -1.417119
v -0.306461 0.196000 -1.398807
v -0.325556 0.196000 -1.375556
v -0.337243 0.196000 -1.347860
v -0.340535 0.196000 -1.316214
v -0.334444 0.196000 -1.281111
v -0.317984 0.196000 -1.243045
v -0.290165 0.196000 -1.202510
v -0.250000 0.196000 -1.160000
v 0.229475 0.201656 -1.162344
v 0.264455 0.201656 -1.178838
v 0.296553 0.201656 -1.201417
v 0.323742 0.201656 -1.228539
v 0.344287 0.201656 -1.258761
v 0.356493 0.201656 -1.290622
v 0.358743 0.201656 -1.322700
v 0.349446 0.201656 -1.353731
v 0.326823 0.201656 -1.382566
v 0.286751 0.201656 -1.409352
v 0.308382 0.201656 -1.441805
v 0.317102 0.201656 -1.472294
v 0.315461 0.201656 -1.501311
v 0.304463 0.201656 -1.527172
v 0.285049 0.201656 -1.548174
v 0.258111 0.201656 -1.562573
v 0.224528 0.201656 -1.568566
v 0.185193 0.201656 -1.564299
v 0.138736 0.201656 -1.547030
v 0.121206 0.201656 -1.587311
v 0.099070 0.201656 -1.615703
v 0.072994 0.201656 -1.634555
v 0.044588 0.201656 -1.643952
v 0.015412 0.201656 -1.643952
v -0.012994 0.201656 -1.634555
v -0.039070 0.201656 -1.615703
v -0.061206 0.201656 -1.587311
v -0.079026 0.201656 -1.546364
v -0.106699 0.201656 -1.566840
v -0.134773 0.201656 -1.576900
v -0.163896 0.201656 -1.578751
v -0.192036 0.201656 -1.572638
v -0.217164 0.201656 -1.558822
v -0.237292 0.201656 -1.537557
v -0.250459 0.201656 -1.509027
v -0.254643 0.201656 -1.473344
v -0.247390 0.201656 -1.428547
v -0.279798 0.201656 -1.415058
v -0.304844 0.201656 -1.397081
v -0.323528 0.201656 -1.374331
v -0.334947 0.201656 -1.347270
v -0.338170 0.201656 -1.316295
v -0.332183 0.201656 -1.281786
v -0.315922 0.201656 -1.244184
v -0.288335 0.201656 -1.203987
v -0.248990 0.201656 -1.162344
v 0.228209 0.204000 -1.168000
v 0.261601 0.204000 -1.183745
v 0.292902 0.204000 -1.205764
v 0.319367 0.204000 -1.232164
v 0.339240 0.204000 -1.261397
v 0.350910 0.204000 -1.291859
v 0.353029 0.204000 -1.322066
v 0.344335 0.204000 -1.351082
v 0.322930 0.204000 -1.378365
v 0.278912 0.204000 -1.407789
v 0.303186 0.204000 -1.444208
v 0.311401 0.204000 -1.472929
v 0.309869 0.204000 -1.500006
v 0.299643 0.204000 -1.524054
v 0.281542 0.204000 -1.543635
v 0.256236 0.204000 -1.557162
v 0.224332 0.204000 -1.562856
v 0.186504 0.204000 -1.558752
v 0.135687 0.204000 -1.539862
v 0.116306 0.204000 -1.584398
v 0.095104 0.204000 -1.611591
v 0.070388 0.204000 -1.629460
v 0.043677 0.204000 -1.638296
v 0.016323 0.204000 -1.638296
v -0.010388 0.204000 -1.629460
v -0.035104 0.204000 -1.611591
v -0.056306 0.204000 -1.584398
v -0.076676 0.204000 -1.537589
v -0.109393 0.204000 -1.561797
v -0.135929 0.204000 -1.571306
v -0.163467 0.204000 -1.573056
v -0.190032 0.204000 -1.567285
v -0.213664 0.204000 -1.554292
v -0.232546 0.204000 -1.534344
v -0.244946 0.204000 -1.507475
v -0.248934 0.204000 -1.473469
v -0.241093 0.204000 -1.425042
v -0.277026 0.204000 -1.410086
v -0.300944 0.204000 -1.392919
v -0.318636 0.204000 -1.371376
v -0.329409 0.204000 -1.345847
v -0.332463 0.204000 -1.316489
v -0.326725 0.204000 -1.283415
v -0.310949 0.204000 -1.246933
v -0.283921 0.204000 -1.207551
v -0.246553 0.204000 -1.168000
v 0.228209 0.164000 -1.168000
v 0.261601 0.164000 -1.183745
v 0.292902 0.164000 -1.205764
v 0.319367 0.164000 -1.232164
v 0.339240 0.164000 -1.261397
v 0.350910 0.164000 -1.291859
v 0.353029 0.164000 -1.322066
v 0.344335 0.164000 -1.351082
v 0.322930 0.164000 -1.378365
v 0.278912 0.164000 -1.407789
v 0.303186 0.164000 -1.444208
v 0.311401 0.164000 -1.472929
v 0.309869 0.164000 -1.500006
v 0.299643 0.164000 -1.524054
v 0.281542 0.164000 -1.543635
v 0.256236 0.164000 -1.557162
v 0.224332 0.164000 -1.562856
v 0.186504 0.164000 -1.558752
v 0.135687 0.164000 -1.539862
v 0.116306 0.164000 -1.584398
v 0.095104 0.164000 -1.611591
v 0.070388 0.164000 -1.629460
v 0.043677 0.164000 -1.638296
v 0.016323 0.164000 -1.638296
v -0.010388 0.164000 -1.629460
v -0.035104 0.164000 -1.611591
v -0.056306 0.164000 -1.584398
v -0.076676 0.164000 -1.537589
v -0.109393 0.164000 -1.561797
v -0.135929 0.164000 -1.571306
v -0.163467 0.164000 -1.573056
v -0.190032 0.164000 -1.567285
v -0.213664 0.164000 -1.554292
v -0.232546 0.164000 -1.534344
v -0.244946 0.164000 -1.507475
v -0.248934 0.164000 -1.473469
v -0.241093 0.164000 -1.425042
v -0.277026 0.164000 -1.410086
v -0.300944 0.164000 -1.392919
v -0.318636 0.164000 -1.371376
v -0.329409 0.164000 -1.345847
v -0.332463 0.164000 -1.316489
v -0.326725 0.164000 -1.283415
v -0.310949 0.164000 -1.246933
v -0.283921 0.164000 -1.207551
v -0.246553 0.164000 -1.168000
v 0.228209 0.204000 -1.168000
v 0.261601 0.204000 -1.183745
v 0.292902 0.204000 -1.205764
v 0.319367 0.204000 -1.232164
v 0.339240 0.204000 -1.261397
v 0.350910 0.204000 -1.291859
v 0.353029 0.204000 -1.322066
v 0.344335 0.204000 -1.351082
v 0.322930 0.204000 -1.378365
v 0.278912 0.204000 -1.407789
v 0.303186 0.204000 -1.444208
v 0.311401 0.204000 -1.472929
v 0.309869 0.204000 -1.500006
v 0.299643 0.204000 -1.524054
v 0.281542 0.204000 -1.543635
v 0.256236 0.204000 -1.557162
v 0.224332 0.204000 -1.562856
v 0.186504 0.204000 -1.558752
v 0.135687 0.204000 -1.539862
v 0.116306 0.204000 -1.584398
v 0.095104 0.204000 -1.611591
v 0.070388 0.204000 -1.629460
v 0.043677 0.204000 -1.638296
v 0.016323 0.204000 -1.638296
v -0.010388 0.204000 -1.629460
v -0.035104 0.204000 -1.611591
v -0.056306 0.204000 -1.584398
v -0.076676 0.204000 -1.537589
v -0.109393 0.204000 -1.561797
v -0.135929 0.204000 -1.571306
v -0.163467 0.204000 -1.573056
v -0.190032 0.204000 -1.567285
v -0.213664 0.204000 -1.554292
v -0.232546 0.204000 -1.534344
v -0.244946 0.204000 -1.507475
v -0.248934 0.204000 -1.473469
v -0.241093 0.204000 -1.425042
v -0.277026 0.204000 -1.410086
v -0.300944 0.204000 -1.392919
v -0.318636 0.204000 -1.371376
v -0.329409 0.204000 -1.345847
v -0.332463 0.204000 -1.316489
v -0.326725 0.204000 -1.283415
v -0.310949 0.204000 -1.246933
v -0.283921 0.204000 -1.207551
v -0.246553 0.204000 -1.168000
f 2225 2226 2272
f 2225 2272 2271
f 2226 2227 2273
f 2226 2273 2272
f 2227 2228 2274
f 2227 2274 2273
f 2228 2229 2275
f 2228 2275 2274
f 2229 2230 2276
f 2229 2276 2275
f 2230 2231 2277
f 2230 2277 2276
f 2231 2232 2278
f 2231 2278 2277
f 2232 2233 2279
f 2232 2279 2278
f 2233 2234 2280
f 2233 2280 2279
f 2234 2235 2281
f 2234 2281 2280
f 2235 2236 2282
f 2235 2282 2281
f 2236 2237 2283
f 2236 2283 2282
f 2237 2238 2284
f 2237 2284 2283
f 2238 2239 2285
f 2238 2285 2284
f 2239 2240 2286
f 2239 2286 2285
f 2240 2241 2287
f 2240 2287 2286
f 2241 2242 2288
f 2241 2288 2287
f 2242 2243 2289
f 2242 2289 2288
f 2243 2244 2290
f 2243 2290 2289
f 2244 2245 2291
f 2244 2291 2290
f 2245 2246 2292
f 2245 2292 2291
f 2246 2247 2293
f 2246 2293 2292
f 2247 2248 2294
f 2247 2294 2293
f 2248 2249 2295
f 2248 2295 2294
f 2249 2250 2296
f 2249 2296 2295
f 2250 2251 2297
f 2250 2297 2296
f 2251 2252 2298
f 2251 2298 2297
f 2252 2253 2299
f 2252 2299 2298
f 2253 2254 2300
f 2253 2300 2299
f 2254 2255 2301
f 2254 2301 2300
f 2255 2256 2302
f 2255 2302 2301
f 2256 2257 2303
f 2256 2303 2302
f 2257 2258 2304
f 2257 2304 2303
f 2258 2259 2305
f 2258 2305 2304
f 2259 2260 2306
f 2259 2306 2305
f 2260 2261 2307
f 2260 2307 2306
f 2261 2262 2308
f 2261 2308 2307
f 2262 2263 2309
f 2262 2309 2308
f 2263 2264 2310
f 2263 2310 2309
f 2264 2265 2311
f 2264 2311 2310
f 2265 2266 2312
f 2265 2312 2311
f 2266 2267 2313
f 2266 2313 2312
f 2267 2268 2314
f 2267 2314 2313
f 2268 2269 2315
f 2268 2315 2314
f 2269 2270 2316
f 2269 2316 2315
f 2270 2225 2271
f 2270 2271 2316
f 2271 2272 2318
f 2271 2318 2317
f 2272 2273 2319
f 2272 2319 2318
f 2273 2274 2320
f 2273 2320 2319
f 2274 2275 2321
f 2274 2321 2320
f 2275 2276 2322
f 2275 2322 2321
f 2276 2277 2323
f 2276 2323 2322
f 2277 2278 2324
f 2277 2324 2323
f 2278 2279 2325
f 2278 2325 2324
f 2279 2280 2326
f 2279 2326 2325
f 2280 2281 2327
f 2280 2327 2326
f 2281 2282 2328
f 2281 2328 2327
f 2282 2283 2329
f 2282 2329 2328
f 2283 2284 2330
f 2283 2330 2329
f 2284 2285 2331
f 2284 2331 2330
f 2285 2286 2332
f 2285 2332 2331
f 2286 2287 2333
f 2286 2333 2332
f 2287 2288 2334
f 2287 2334 2333
f 2288 2289 2335
f 2288 2335 2334
f 2289 2290 2336
f 2289 2336 2335
f 2290 2291 2337
f 2290 2337 2336
f 2291 2292 2338
f 2291 2338 2337
f 2292 2293 2339
f 2292 2339 2338
f 2293 2294 2340
f 2293 2340 2339
f 2294 2295 2341
f 2294 2341 2340
f 2295 2296 2342
f 2295 2342 2341
f 2296 2297 2343
f 2296 2343 2342
f 2297 2298 2344
f 2297 2344 2343
f 2298 2299 2345
f 2298 2345 2344
f 2299 2300 2346
f 2299 2346 2345
f 2300 2301 2347
f 2300 2347 2346
f 2301 2302 2348
f 2301 2348 2347
f 2302 2303 2349
f 2302 2349 2348
f 2303 2304 2350
f 2303 2350 2349
f 2304 2305 2351
f 2304 2351 2350
f 2305 2306 2352
f 2305 2352 2351
f 2306 2307 2353
f 2306 2353 2352
f 2307 2308 2354
f 2307 2354 2353
f 2308 2309 2355
f 2308 2355 2354
f 2309 2310 2356
f 2309 2356 2355
f 2310 2311 2357
f 2310 2357 2356
f 2311 2312 2358
f 2311 2358 2357
f 2312 2313 2359
f 2312 2359 2358
f 2313 2314 2360
f 2313 2360 2359
f 2314 2315 2361
f 2314 2361 2360
f 2315 2316 2362
f 2315 2362 2361
f 2316 2271 2317
f 2316 2317 2362
f 2317 2318 2364
f 2317 2364 2363
f 2318 2319 2365
f 2318 2365 2364
f 2319 2320 2366
f 2319 2366 2365
f 2320 2321 2367
f 2320 2367 2366
f 2321 2322 2368
f 2321 2368 2367
f 2322 2323 2369
f 2322 2369 2368
f 2323 2324 2370
f 2323 2370 2369
f 2324 2325 2371
f 2324 2371 2370
f 2325 2326 2372
f 2325 2372 2371
f 2326 2327 2373
f 2326 2373 2372
f 2327 2328 2374
f 2327 2374 2373
f 2328 2329 2375
f 2328 2375 2374
f 2329 2330 2376
f 2329 2376 2375
f 2330 2331 2377
f 2330 2377 2376
f 2331 2332 2378
f 2331 2378 2377
f 2332 2333 2379
f 2332 2379 2378
f 2333 2334 2380
f 2333 2380 2379
f 2334 2335 2381
f 2334 2381 2380
f 2335 2336 2382
f 2335 2382 2381
f 2336 2337 2383
f 2336 2383 2382
f 2337 2338 2384
f 2337 2384 2383
f 2338 2339 2385
f 2338 2385 2384
f 2339 2340 2386
f 2339 2386 2385
f 2340 2341 2387
f 2340 2387 2386
f 2341 2342 2388
f 2341 2388 2387
f 2342 2343 2389
f 2342 2389 2388
f 2343 2344 2390
f 2343 2390 2389
f 2344 2345 2391
f 2344 2391 2390
f 2345 2346 2392
f 2345 2392 2391
f 2346 2347 2393
f 2346 2393 2392
f 2347 2348 2394
f 2347 2394 2393
f 2348 2349 2395
f 2348 2395 2394
f 2349 2350 2396
f 2349 2396 2395
f 2350 2351 2397
f 2350 2397 2396
f 2351 2352 2398
f 2351 2398 2397
f 2352 2353 2399
f 2352 2399 2398
f 2353 2354 2400
f 2353 2400 2399
f 2354 2355 2401
f 2354 2401 2400
f 2355 2356 2402
f 2355 2402 2401
f 2356 2357 2403
f 2356 2403 2402
f 2357 2358 2404
f 2357 2404 2403
f 2358 2359 2405
f 2358 2405 2404
f 2359 2360 2406
f 2359 2406 2405
f 2360 2361 2407
f 2360 2407 2406
f 2361 2362 2408
f 2361 2408 2407
f 2362 2317 2363
f 2362 2363 2408
f 2363 2364 2410
f 2363 2410 2409
f 2364 2365 2411
f 2364 2411 2410
f 2365 2366 2412
f 2365 2412 2411
f 2366 2367 2413
f 2366 2413 2412
f 2367 2368 2414
f 2367 2414 2413
f 2368 2369 2415
f 2368 2415 2414
f 2369 2370 2416
f 2369 2416 2415
f 2370 2371 2417
f 2370 2417 2416
f 2371 2372 2418
f 2371 2418 2417
f 2372 2373 2419
f 2372 2419 2418
f 2373 2374 2420
f 2373 2420 2419
f 2374 2375 2421
f 2374 2421 2420
f 2375 2376 2422
f 2375 2422 2421
f 2376 2377 2423
f 2376 2423 2422
f 2377 2378 2424
f 2377 2424 2423
f 2378 2379 2425
f 2378 2425 2424
f 2379 2380 2426
f 2379 2426 2425
f 2380 2381 2427
f 2380 2427 2426
f 2381 2382 2428
f 2381 2428 2427
f 2382 2383 2429
f 2382 2429 2428
f 2383 2384 2430
f 2383 2430 2429
f 2384 2385 2431
f 2384 2431 2430
f 2385 2386 2432
f 2385 2432 2431
f 2386 2387 2433
f 2386 2433 2432
f 2387 2388 2434
f 2387 2434 2433
f 2388 2389 2435
f 2388 2435 2434
f 2389 2390 2436
f 2389 2436 2435
f 2390 2391 2437
f 2390 2437 2436
f 2391 2392 2438
f 2391 2438 2437
f 2392 2393 2439
f 2392 2439 2438
f 2393 2394 2440
f 2393 2440 2439
f 2394 2395 2441
f 2394 2441 2440
f 2395 2396 2442
f 2395 2442 2441
f 2396 2397 2443
f 2396 2443 2442
f 2397 2398 2444
f 2397 2444 2443
f 2398 2399 2445
f 2398 2445 2444
f 2399 2400 2446
f 2399 2446 2445
f 2400 2401 2447
f 2400 2447 2446
f 2401 2402 2448
f 2401 2448 2447
f 2402 2403 2449
f 2402 2449 2448
f 2403 2404 2450
f 2403 2450 2449
f 2404 2405 2451
f 2404 2451 2450
f 2405 2406 2452
f 2405 2452 2451
f 2406 2407 2453
f 2406 2453 2452
f 2407 2408 2454
f 2407 2454 2453
f 2408 2363 2409
f 2408 2409 2454
f 2409 2410 2456
f 2409 2456 2455
f 2410 2411 2457
f 2410 2457 2456
f 2411 2412 2458
f 2411 2458 2457
f 2412 2413 2459
f 2412 2459 2458
f 2413 2414 2460
f 2413 2460 2459
f 2414 2415 2461
f 2414 2461 2460
f 2415 2416 2462
f 2415 2462 2461
f 2416 2417 2463
f 2416 2463 2462
f 2417 2418 2464
f 2417 2464 2463
f 2418 2419 2465
f 2418 2465 2464
f 2419 2420 2466
f 2419 2466 2465
f 2420 2421 2467
f 2420 2467 2466
f 2421 2422 2468
f 2421 2468 2467
f 2422 2423 2469
f 2422 2469 2468
f 2423 2424 2470
f 2423 2470 2469
f 2424 2425 2471
f 2424 2471 2470
f 2425 2426 2472
f 2425 2472 2471
f 2426 2427 2473
f 2426 2473 2472
f 2427 2428 2474
f 2427 2474 2473
f 2428 2429 2475
f 2428 2475 2474
f 2429 2430 2476
f 2429 2476 2475
f 2430 2431 2477
f 2430 2477 2476
f 2431 2432 2478
f 2431 2478 2477
f 2432 2433 2479
f 2432 2479 2478
f 2433 2434 2480
f 2433 2480 2479
f 2434 2435 2481
f 2434 2481 2480
f 2435 2436 2482
f 2435 2482 2481
f 2436 2437 2483
f 2436 2483 2482
f 2437 2438 2484
f 2437 2484 2483
f 2438 2439 2485
f 2438 2485 2484
f 2439 2440 2486
f 2439 2486 2485
f 2440 2441 2487
f 2440 2487 2486
f 2441 2442 2488
f 2441 2488 2487
f 2442 2443 2489
f 2442 2489 2488
f 2443 2444 2490
f 2443 2490 2489
f 2444 2445 2491
f 2444 2491 2490
f 2445 2446 2492
f 2445 2492 2491
f 2446 2447 2493
f 2446 2493 2492
f 2447 2448 2494
f 2447 2494 2493
f 2448 2449 2495
f 2448 2495 2494
f 2449 2450 2496
f 2449 2496 2495
f 2450 2451 2497
f 2450 2497 2496
f 2451 2452 2498
f 2451 2498 2497
f 2452 2453 2499
f 2452 2499 2498
f 2453 2454 2500
f 2453 2500 2499
f 2454 2409 2455
f 2454 2455 2500
f 2502 2501 2546
f 2503 2502 2546
f 2504 2503 2546
f 2505 2504 2546
f 2506 2505 2546
f 2507 2506 2546
f 2508 2507 2546
f 2509 2508 2546
f 2510 2509 2546
f 2511 2510 2546
f 2512 2511 2546
f 2513 2512 2546
f 2514 2513 2546
f 2515 2514 2546
f 2516 2515 2546
f 2517 2516 2546
f 2518 2517 2546
f 2519 2518 2546
f 2520 2519 2546
f 2521 2520 2546
f 2522 2521 2546
f 2523 2522 2546
f 2524 2523 2546
f 2525 2524 2546
f 2526 2525 2546
f 2528 2527 2526
f 2528 2526 2546
f 2529 2528 2546
f 2530 2529 2546
f 2531 2530 2546
f 2532 2531 2546
f 2533 2532 2546
f 2534 2533 2546
f 2536 2535 2534
f 2537 2536 2534
f 2537 2534 2546
f 2538 2537 2546
f 2539 2538 2546
f 2540 2539 2546
f 2541 2540 2546
f 2542 2541 2546
f 2543 2542 2546
f 2544 2543 2546
f 2546 2545 2544
f 2592 2547 2548
f 2592 2548 2549
f 2592 2549 2550
f 2592 2550 2551
f 2592 2551 2552
f 2592 2552 2553
f 2592 2553 2554
f 2592 2554 2555
f 2592 2555 2556
f 2592 2556 2557
f 2592 2557 2558
f 2592 2558 2559
f 2592 2559 2560
f 2592 2560 2561
f 2592 2561 2562
f 2592 2562 2563
f 2592 2563 2564
f 2592 2564 2565
f 2592 2565 2566
f 2592 2566 2567
f 2592 2567 2568
f 2592 2568 2569
f 2592 2569 2570
f 2592 2570 2571
f 2592 2571 2572
f 2572 2573 2574
f 2592 2572 2574
f 2592 2574 2575
f 2592 2575 2576
f 2592 2576 2577
f 2592 2577 2578
f 2592 2578 2579
f 2592 2579 2580
f 2580 2581 2582
f 2580 2582 2583
f 2592 2580 2583
f 2592 2583 2584
f 2592 2584 2585
f 2592 2585 2586
f 2592 2586 2587
f 2592 2587 2588
f 2592 2588 2589
f 2592 2589 2590
f 2590 2591 2592
o peacock_body
usemtl peacock_relief
v -0.049328 0.200000 -1.003203
v -0.025321 0.200000 -0.994985
v 0.000957 0.200000 -0.991738
v 0.028158 0.200000 -0.993621
v 0.054924 0.200000 -1.000723
v 0.079934 0.200000 -1.013083
v 0.101939 0.200000 -1.030725
v 0.119770 0.200000 -1.053732
v 0.132462 0.200000 -1.082729
v 0.140490 0.200000 -1.110421
v 0.140610 0.200000 -1.136183
v 0.134772 0.200000 -1.161038
v 0.124655 0.200000 -1.185129
v 0.112071 0.200000 -1.208420
v 0.098944 0.200000 -1.230906
v 0.087241 0.200000 -1.252726
v 0.079032 0.200000 -1.274249
v 0.076957 0.200000 -1.295031
v 0.078975 0.200000 -1.313784
v 0.081668 0.200000 -1.330613
v 0.085521 0.200000 -1.345995
v 0.091029 0.200000 -1.359690
v 0.098817 0.200000 -1.371330
v 0.109444 0.200000 -1.380164
v 0.122906 0.200000 -1.385214
v 0.138784 0.200000 -1.386056
v 0.154591 0.200000 -1.383203
v 0.199801 0.200000 -1.396120
v 0.150567 0.200000 -1.415057
v 0.155301 0.200000 -1.434554
v 0.153292 0.200000 -1.446944
v 0.146682 0.200000 -1.459879
v 0.135925 0.200000 -1.471881
v 0.121752 0.200000 -1.481550
v 0.104954 0.200000 -1.487665
v 0.086208 0.200000 -1.489136
v 0.065984 0.200000 -1.484839
v 0.044410 0.200000 -1.473286
v 0.026052 0.200000 -1.458722
v 0.013500 0.200000 -1.440601
v 0.005082 0.200000 -1.419139
v -0.000235 0.200000 -1.395207
v -0.003561 0.200000 -1.369890
v -0.006124 0.200000 -1.344289
v -0.009241 0.200000 -1.319434
v -0.014352 0.200000 -1.296256
v -0.023563 0.200000 -1.274705
v -0.055170 0.200000 -1.253172
v -0.083127 0.200000 -1.229489
v -0.107550 0.200000 -1.202854
v -0.126357 0.200000 -1.174062
v -0.137631 0.200000 -1.143932
v -0.139703 0.200000 -1.113062
v -0.130826 0.200000 -1.081506
v -0.108614 0.200000 -1.049187
v -0.070239 0.200000 -1.016454
v -0.051791 0.202344 -0.998068
v -0.026597 0.202344 -0.989443
v 0.000804 0.202344 -0.986058
v 0.029087 0.202344 -0.988016
v 0.056922 0.202344 -0.995402
v 0.082992 0.202344 -1.008285
v 0.105999 0.202344 -1.026731
v 0.124670 0.202344 -1.050822
v 0.137791 0.202344 -1.080800
v 0.146142 0.202344 -1.109604
v 0.146269 0.202344 -1.136826
v 0.140170 0.202344 -1.162792
v 0.129763 0.202344 -1.187574
v 0.117003 0.202344 -1.211191
v 0.103880 0.202344 -1.233670
v 0.092397 0.202344 -1.255081
v 0.084585 0.202344 -1.275561
v 0.082643 0.202344 -1.295009
v 0.084583 0.202344 -1.313034
v 0.087215 0.202344 -1.329476
v 0.090913 0.202344 -1.344244
v 0.096058 0.202344 -1.357034
v 0.103062 0.202344 -1.367505
v 0.112325 0.202344 -1.375204
v 0.124076 0.202344 -1.379612
v 0.138427 0.202344 -1.380373
v 0.154880 0.202344 -1.377404
v 0.217617 0.202344 -1.395328
v 0.157236 0.202344 -1.418552
v 0.161067 0.202344 -1.434331
v 0.158733 0.202344 -1.448726
v 0.151385 0.202344 -1.463107
v 0.139679 0.202344 -1.476166
v 0.124354 0.202344 -1.486622
v 0.106165 0.202344 -1.493244
v 0.085834 0.202344 -1.494838
v 0.064023 0.202344 -1.490204
v 0.041292 0.202344 -1.478033
v 0.021880 0.202344 -1.462632
v 0.008475 0.202344 -1.443279
v -0.000344 0.202344 -1.420795
v -0.005810 0.202344 -1.396190
v -0.009180 0.202344 -1.370540
v -0.011745 0.202344 -1.344923
v -0.014821 0.202344 -1.320397
v -0.019761 0.202344 -1.297991
v -0.028114 0.202344 -1.278449
v -0.058599 0.202344 -1.257679
v -0.087055 0.202344 -1.233574
v -0.112031 0.202344 -1.206335
v -0.131435 0.202344 -1.176631
v -0.143219 0.202344 -1.145138
v -0.145412 0.202344 -1.112468
v -0.136017 0.202344 -1.079074
v -0.112853 0.202344 -1.045369
v -0.073605 0.202344 -1.011891
v -0.052812 0.208000 -0.995940
v -0.027126 0.208000 -0.987147
v 0.000741 0.208000 -0.983704
v 0.029472 0.208000 -0.985693
v 0.057750 0.208000 -0.993196
v 0.084259 0.208000 -1.006296
v 0.107682 0.208000 -1.025075
v 0.126701 0.208000 -1.049616
v 0.140000 0.208000 -1.080000
v 0.148484 0.208000 -1.109266
v 0.148615 0.208000 -1.137092
v 0.142407 0.208000 -1.163519
v 0.131879 0.208000 -1.188587
v 0.119047 0.208000 -1.212339
v 0.105926 0.208000 -1.234815
v 0.094534 0.208000 -1.256056
v 0.086886 0.208000 -1.276104
v 0.085000 0.208000 -1.295000
v 0.086907 0.208000 -1.312723
v 0.089513 0.208000 -1.329005
v 0.093148 0.208000 -1.343519
v 0.098141 0.208000 -1.355933
v 0.104822 0.208000 -1.365919
v 0.113519 0.208000 -1.373148
v 0.124561 0.208000 -1.377291
v 0.138278 0.208000 -1.378018
v 0.155000 0.208000 -1.375000
v 0.225000 0.208000 -1.395000
v 0.160000 0.208000 -1.420000
v 0.163457 0.208000 -1.434239
v 0.160988 0.208000 -1.449465
v 0.153333 0.208000 -1.464444
v 0.141235 0.208000 -1.477942
v 0.125432 0.208000 -1.488724
v 0.106667 0.208000 -1.495556
v 0.085679 0.208000 -1.497202
v 0.063210 0.208000 -1.492428
v 0.040000 0.208000 -1.480000
v 0.020151 0.208000 -1.464252
v 0.006392 0.208000 -1.444390
v -0.002593 0.208000 -1.421481
v -0.008121 0.208000 -1.396598
v -0.011509 0.208000 -1.370809
v -0.014074 0.208000 -1.345185
v -0.017133 0.208000 -1.320796
v -0.022003 0.208000 -1.298711
v -0.030000 0.208000 -1.280000
v -0.060021 0.208000 -1.259547
v -0.088683 0.208000 -1.235267
v -0.113889 0.208000 -1.207778
v -0.133539 0.208000 -1.177695
v -0.145535 0.208000 -1.145638
v -0.147778 0.208000 -1.112222
v -0.138169 0.208000 -1.078066
v -0.114609 0.208000 -1.043786
v -0.075000 0.208000 -1.010000
v -0.052812 0.237000 -0.995940
v -0.027126 0.237000 -0.987147
v 0.000741 0.237000 -0.983704
v 0.029472 0.237000 -0.985693
v 0.057750 0.237000 -0.993196
v 0.084259 0.237000 -1.006296
v 0.107682 0.237000 -1.025075
v 0.126701 0.237000 -1.049616
v 0.140000 0.237000 -1.080000
v 0.148484 0.237000 -1.109266
v 0.148615 0.237000 -1.137092
v 0.142407 0.237000 -1.163519
v 0.131879 0.237000 -1.188587
v 0.119047 0.237000 -1.212339
v 0.105926 0.237000 -1.234815
v 0.094534 0.237000 -1.256056
v 0.086886 0.237000 -1.276104
v 0.085000 0.237000 -1.295000
v 0.086907 0.237000 -1.312723
v 0.089513 0.237000 -1.329005
v 0.093148 0.237000 -1.343519
v 0.098141 0.237000 -1.355933
v 0.104822 0.237000 -1.365919
v 0.113519 0.237000 -1.373148
v 0.124561 0.237000 -1.377291
v 0.138278 0.237000 -1.378018
v 0.155000 0.237000 -1.375000
v 0.225000 0.237000 -1.395000
v 0.160000 0.237000 -1.420000
v 0.163457 0.237000 -1.434239
v 0.160988 0.237000 -1.449465
v 0.153333 0.237000 -1.464444
v 0.141235 0.237000 -1.477942
v 0.125432 0.237000 -1.488724
v 0.106667 0.237000 -1.495556
v 0.085679 0.237000 -1.497202
v 0.063210 0.237000 -1.492428
v 0.040000 0.237000 -1.480000
v 0.020151 0.237000 -1.464252
v 0.006392 0.237000 -1.444390
v -0.002593 0.237000 -1.421481
v -0.008121 0.237000 -1.396598
v -0.011509 0.237000 -1.370809
v -0.014074 0.237000 -1.345185
v -0.017133 0.237000 -1.320796
v -0.022003 0.237000 -1.298711
v -0.030000 0.237000 -1.280000
v -0.060021 0.237000 -1.259547
v -0.088683 0.237000 -1.235267
v -0.113889 0.237000 -1.207778
v -0.133539 0.237000 -1.177695
v -0.145535 0.237000 -1.145638
v -0.147778 0.237000 -1.112222
v -0.138169 0.237000 -1.078066
v -0.114609 0.237000 -1.043786
v -0.075000 0.237000 -1.010000
v -0.051791 0.242656 -0.998068
v -0.026597 0.242656 -0.989443
v 0.000804 0.242656 -0.986058
v 0.029087 0.242656 -0.988016
v 0.056922 0.242656 -0.995402
v 0.082992 0.242656 -1.008285
v 0.105999 0.242656 -1.026731
v 0.124670 0.242656 -1.050822
v 0.137791 0.242656 -1.080800
v 0.146142 0.242656 -1.109604
v 0.146269 0.242656 -1.136826
v 0.140170 0.242656 -1.162792
v 0.129763 0.242656 -1.187574
v 0.117003 0.242656 -1.211191
v 0.103880 0.242656 -1.233670
v 0.092397 0.242656 -1.255081
v 0.084585 0.242656 -1.275561
v 0.082643 0.242656 -1.295009
v 0.084583 0.242656 -1.313034
v 0.087215 0.242656 -1.329476
v 0.090913 0.242656 -1.344244
v 0.096058 0.242656 -1.357034
v 0.103062 0.242656 -1.367505
v 0.112325 0.242656 -1.375204
v 0.124076 0.242656 -1.379612
v 0.138427 0.242656 -1.380373
v 0.154880 0.242656 -1.377404
v 0.217617 0.242656 -1.395328
v 0.157236 0.242656 -1.418552
v 0.161067 0.242656 -1.434331
v 0.158733 0.242656 -1.448726
v 0.151385 0.242656 -1.463107
v 0.139679 0.242656 -1.476166
v 0.124354 0.242656 -1.486622
v 0.106165 0.242656 -1.493244
v 0.085834 0.242656 -1.494838
v 0.064023 0.242656 -1.490204
v 0.041292 0.242656 -1.478033
v 0.021880 0.242656 -1.462632
v 0.008475 0.242656 -1.443279
v -0.000344 0.242656 -1.420795
v -0.005810 0.242656 -1.396190
v -0.009180 0.242656 -1.370540
v -0.011745 0.242656 -1.344923
v -0.014821 0.242656 -1.320397
v -0.019761 0.242656 -1.297991
v -0.028114 0.242656 -1.278449
v -0.058599 0.242656 -1.257679
v -0.087055 0.242656 -1.233574
v -0.112031 0.242656 -1.206335
v -0.131435 0.242656 -1.176631
v -0.143219 0.242656 -1.145138
v -0.145412 0.242656 -1.112468
v -0.136017 0.242656 -1.079074
v -0.112853 0.242656 -1.045369
v -0.073605 0.242656 -1.011891
v -0.049328 0.245000 -1.003203
v -0.025321 0.245000 -0.994985
v 0.000957 0.245000 -0.991738
v 0.028158 0.245000 -0.993621
v 0.054924 0.245000 -1.000723
v 0.079934 0.245000 -1.013083
v 0.101939 0.245000 -1.030725
v 0.119770 0.245000 -1.053732
v 0.132462 0.245000 -1.082729
v 0.140490 0.245000 -1.110421
v 0.140610 0.245000 -1.136183
v 0.134772 0.245000 -1.161038
v 0.124655 0.245000 -1.185129
v 0.112071 0.245000 -1.208420
v 0.098944 0.245000 -1.230906
v 0.087241 0.245000 -1.252726
v 0.079032 0.245000 -1.274249
v 0.076957 0.245000 -1.295031
v 0.078975 0.245000 -1.313784
v 0.081668 0.245000 -1.330613
v 0.085521 0.245000 -1.345995
v 0.091029 0.245000 -1.359690
v 0.098817 0.245000 -1.371330
v 0.109444 0.245000 -1.380164
v 0.122906 0.245000 -1.385214
v 0.138784 0.245000 -1.386056
v 0.154591 0.245000 -1.383203
v 0.199801 0.245000 -1.396120
v 0.150567 0.245000 -1.415057
v 0.155301 0.245000 -1.434554
v 0.153292 0.245000 -1.446944
v 0.146682 0.245000 -1.459879
v 0.135925 0.245000 -1.471881
v 0.121752 0.245000 -1.481550
v 0.104954 0.245000 -1.487665
v 0.086208 0.245000 -1.489136
v 0.065984 0.245000 -1.484839
v 0.044410 0.245000 -1.473286
v 0.026052 0.245000 -1.458722
v 0.013500 0.245000 -1.440601
v 0.005082 0.245000 -1.419139
v -0.000235 0.245000 -1.395207
v -0.003561 0.245000 -1.369890
v -0.006124 0.245000 -1.344289
v -0.009241 0.245000 -1.319434
v -0.014352 0.245000 -1.296256
v -0.023563 0.245000 -1.274705
v -0.055170 0.245000 -1.253172
v -0.083127 0.245000 -1.229489
v -0.107550 0.245000 -1.202854
v -0.126357 0.245000 -1.174062
v -0.137631 0.245000 -1.143932
v -0.139703 0.245000 -1.113062
v -0.130826 0.245000 -1.081506
v -0.108614 0.245000 -1.049187
v -0.070239 0.245000 -1.016454
v -0.049328 0.200000 -1.003203
v -0.025321 0.200000 -0.994985
v 0.000957 0.200000 -0.991738
v 0.028158 0.200000 -0.993621
v 0.054924 0.200000 -1.000723
v 0.079934 0.200000 -1.013083
v 0.101939 0.200000 -1.030725
v 0.119770 0.200000 -1.053732
v 0.132462 0.200000 -1.082729
v 0.140490 0.200000 -1.110421
v 0.140610 0.200000 -1.136183
v 0.134772 0.200000 -1.161038
v 0.124655 0.200000 -1.185129
v 0.112071 0.200000 -1.208420
v 0.098944 0.200000 -1.230906
v 0.087241 0.200000 -1.252726
v 0.079032 0.200000 -1.274249
v 0.076957 0.200000 -1.295031
v 0.078975 0.200000 -1.313784
v 0.081668 0.200000 -1.330613
v 0.085521 0.200000 -1.345995
v 0.091029 0.200000 -1.359690
v 0.098817 0.200000 -1.371330
v 0.109444 0.200000 -1.380164
v 0.122906 0.200000 -1.385214
v 0.138784 0.200000 -1.386056
v 0.154591 0.200000 -1.383203
v 0.199801 0.200000 -1.396120
v 0.150567 0.200000 -1.415057
v 0.155301 0.200000 -1.434554
v 0.153292 0.200000 -1.446944
v 0.146682 0.200000 -1.459879
v 0.135925 0.200000 -1.471881
v 0.121752 0.200000 -1.481550
v 0.104954 0.200000 -1.487665
v 0.086208 0.200000 -1.489136
v 0.065984 0.200000 -1.484839
v 0.044410 0.200000 -1.473286
v 0.026052 0.200000 -1.458722
v 0.013500 0.200000 -1.440601
v 0.005082 0.200000 -1.419139
v -0.000235 0.200000 -1.395207
v -0.003561 0.200000 -1.369890
v -0.006124 0.200000 -1.344289
v -0.009241 0.200000 -1.319434
v -0.014352 0.200000 -1.296256
v -0.023563 0.200000 -1.274705
v -0.055170 0.200000 -1.253172
v -0.083127 0.200000 -1.229489
v -0.107550 0.200000 -1.202854
v -0.126357 0.200000 -1.174062
v -0.137631 0.200000 -1.143932
v -0.139703 0.200000 -1.113062
v -0.130826 0.200000 -1.081506
v -0.108614 0.200000 -1.049187
v -0.070239 0.200000 -1.016454
v -0.049328 0.245000 -1.003203
v -0.025321 0.245000 -0.994985
v 0.000957 0.245000 -0.991738
v 0.028158 0.245000 -0.993621
v 0.054924 0.245000 -1.000723
v 0.079934 0.245000 -1.013083
v 0.101939 0.245000 -1.030725
v 0.119770 0.245000 -1.053732
v 0.132462 0.245000 -1.082729
v 0.140490 0.245000 -1.110421
v 0.140610 0.245000 -1.136183
v 0.134772 0.245000 -1.161038
v 0.124655 0.245000 -1.185129
v 0.112071 0.245000 -1.208420
v 0.098944 0.245000 -1.230906
v 0.087241 0.245000 -1.252726
v 0.079032 0.245000 -1.274249
v 0.076957 0.245000 -1.295031
v 0.078975 0.245000 -1.313784
v 0.081668 0.245000 -1.330613
v 0.085521 0.245000 -1.345995
v 0.091029 0.245000 -1.359690
v 0.098817 0.245000 -1.371330
v 0.109444 0.245000 -1.380164
v 0.122906 0.245000 -1.385214
v 0.138784 0.245000 -1.386056
v 0.154591 0.245000 -1.383203
v 0.199801 0.245000 -1.396120
v 0.150567 0.245000 -1.415057
v 0.155301 0.245000 -1.434554
v 0.153292 0.245000 -1.446944
v 0.146682 0.245000 -1.459879
v 0.135925 0.245000 -1.471881
v 0.121752 0.245000 -1.481550
v 0.104954 0.245000 -1.487665
v 0.086208 0.245000 -1.489136
v 0.065984 0.245000 -1.484839
v 0.044410 0.245000 -1.473286
v 0.026052 0.245000 -1.458722
v 0.013500 0.245000 -1.440601
v 0.005082 0.245000 -1.419139
v -0.000235 0.245000 -1.395207
v -0.003561 0.245000 -1.369890
v -0.006124 0.245000 -1.344289
v -0.009241 0.245000 -1.319434
v -0.014352 0.245000 -1.296256
v -0.023563 0.245000 -1.274705
v -0.055170 0.245000 -1.253172
v -0.083127 0.245000 -1.229489
v -0.107550 0.245000 -1.202854
v -0.126357 0.245000 -1.174062
v -0.137631 0.245000 -1.143932
v -0.139703 0.245000 -1.113062
v -0.130826 0.245000 -1.081506
v -0.108614 0.245000 -1.049187
v -0.070239 0.245000 -1.016454
f 2593 2594 2650
f 2593 2650 2649
f 2594 2595 2651
f 2594 2651 2650
f 2595 2596 2652
f 2595 2652 2651
f 2596 2597 2653
f 2596 2653 2652
f 2597 2598 2654
f 2597 2654 2653
f 2598 2599 2655
f 2598 2655 2654
f 2599 2600 2656
f 2599 2656 2655
f 2600 2601 2657
f 2600 2657 2656
f 2601 2602 2658
f 2601 2658 2657
f 2602 2603 2659
f 2602 2659 2658
f 2603 2604 2660
f 2603 2660 2659
f 2604 2605 2661
f 2604 2661 2660
f 2605 2606 2662
f 2605 2662 2661
f 2606 2607 2663
f 2606 2663 2662
f 2607 2608 2664
f 2607 2664 2663
f 2608 2609 2665
f 2608 2665 2664
f 2609 2610 2666
f 2609 2666 2665
f 2610 2611 2667
f 2610 2667 2666
f 2611 2612 2668
f 2611 2668 2667
f 2612 2613 2669
f 2612 2669 2668
f 2613 2614 2670
f 2613 2670 2669
f 2614 2615 2671
f 2614 2671 2670
f 2615 2616 2672
f 2615 2672 2671
f 2616 2617 2673
f 2616 2673 2672
f 2617 2618 2674
f 2617 2674 2673
f 2618 2619 2675
f 2618 2675 2674
f 2619 2620 2676
f 2619 2676 2675
f 2620 2621 2677
f 2620 2677 2676
f 2621 2622 2678
f 2621 2678 2677
f 2622 2623 2679
f 2622 2679 2678
f 2623 2624 2680
f 2623 2680 2679
f 2624 2625 2681
f 2624 2681 2680
f 2625 2626 2682
f 2625 2682 2681
f 2626 2627 2683
f 2626 2683 2682
f 2627 2628 2684
f 2627 2684 2683
f 2628 2629 2685
f 2628 2685 2684
f 2629 2630 2686
f 2629 2686 2685
f 2630 2631 2687
f 2630 2687 2686
f 2631 2632 2688
f 2631 2688 2687
f 2632 2633 2689
f 2632 2689 2688
f 2633 2634 2690
f 2633 2690 2689
f 2634 2635 2691
f 2634 2691 2690
f 2635 2636 2692
f 2635 2692 2691
f 2636 2637 2693
f 2636 2693 2692
f 2637 2638 2694
f 2637 2694 2693
f 2638 2639 2695
f 2638 2695 2694
f 2639 2640 2696
f 2639 2696 2695
f 2640 2641 2697
f 2640 2697 2696
f 2641 2642 2698
f 2641 2698 2697
f 2642 2643 2699
f 2642 2699 2698
f 2643 2644 2700
f 2643 2700 2699
f 2644 2645 2701
f 2644 2701 2700
f 2645 2646 2702
f 2645 2702 2701
f 2646 2647 2703
f 2646 2703 2702
f 2647 2648 2704
f 2647 2704 2703
f 2648 2593 2649
f 2648 2649 2704
f 2649 2650 2706
f 2649 2706 2705
f 2650 2651 2707
f 2650 2707 2706
f 2651 2652 2708
f 2651 2708 2707
f 2652 2653 2709
f 2652 2709 2708
f 2653 2654 2710
f 2653 2710 2709
f 2654 2655 2711
f 2654 2711 2710
f 2655 2656 2712
f 2655 2712 2711
f 2656 2657 2713
f 2656 2713 2712
f 2657 2658 2714
f 2657 2714 2713
f 2658 2659 2715
f 2658 2715 2714
f 2659 2660 2716
f 2659 2716 2715
f 2660 2661 2717
f 2660 2717 2716
f 2661 2662 2718
f 2661 2718 2717
f 2662 2663 2719
f 2662 2719 2718
f 2663 2664 2720
f 2663 2720 2719
f 2664 2665 2721
f 2664 2721 2720
f 2665 2666 2722
f 2665 2722 2721
f 2666 2667 2723
f 2666 2723 2722
f 2667 2668 2724
f 2667 2724 2723
f 2668 2669 2725
f 2668 2725 2724
f 2669 2670 2726
f 2669 2726 2725
f 2670 2671 2727
f 2670 2727 2726
f 2671 2672 2728
f 2671 2728 2727
f 2672 2673 2729
f 2672 2729 2728
f 2673 2674 2730
f 2673 2730 2729
f 2674 2675 2731
f 2674 2731 2730
f 2675 2676 2732
f 2675 2732 2731
f 2676 2677 2733
f 2676 2733 2732
f 2677 2678 2734
f 2677 2734 2733
f 2678 2679 2735
f 2678 2735 2734
f 2679 2680 2736
f 2679 2736 2735
f 2680 2681 2737
f 2680 2737 2736
f 2681 2682 2738
f 2681 2738 2737
f 2682 2683 2739
f 2682 2739 2738
f 2683 2684 2740
f 2683 2740 2739
f 2684 2685 2741
f 2684 2741 2740
f 2685 2686 2742
f 2685 2742 2741
f 2686 2687 2743
f 2686 2743 2742
f 2687 2688 2744
f 2687 2744 2743
f 2688 2689 2745
f 2688 2745 2744
f 2689 2690 2746
f 2689 2746 2745
f 2690 2691 2747
f 2690 2747 2746
f 2691 2692 2748
f 2691 2748 2747
f 2692 2693 2749
f 2692 2749 2748
f 2693 2694 2750
f 2693 2750 2749
f 2694 2695 2751
f 2694 2751 2750
f 2695 2696 2752
f 2695 2752 2751
f 2696 2697 2753
f 2696 2753 2752
f 2697 2698 2754
f 2697 2754 2753
f 2698 2699 2755
f 2698 2755 2754
f 2699 2700 2756
f 2699 2756 2755
f 2700 2701 2757
f 2700 2757 2756
f 2701 2702 2758
f 2701 2758 2757
f 2702 2703 2759
f 2702 2759 2758
f 2703 2704 2760
f 2703 2760 2759
f 2704 2649 2705
f 2704 2705 2760
f 2705 2706 2762
f 2705 2762 2761
f 2706 2707 2763
f 2706 2763 2762
f 2707 2708 2764
f 2707 2764 2763
f 2708 2709 2765
f 2708 2765 2764
f 2709 2710 2766
f 2709 2766 2765
f 2710 2711 2767
f 2710 2767 2766
f 2711 2712 2768
f 2711 2768 2767
f 2712 2713 2769
f 2712 2769 2768
f 2713 2714 2770
f 2713 2770 2769
f 2714 2715 2771
f 2714 2771 2770
f 2715 2716 2772
f 2715 2772 2771
f 2716 2717 2773
f 2716 2773 2772
f 2717 2718 2774
f 2717 2774 2773
f 2718 2719 2775
f 2718 2775 2774
f 2719 2720 2776
f 2719 2776 2775
f 2720 2721 2777
f 2720 2777 2776
f 2721 2722 2778
f 2721 2778 2777
f 2722 2723 2779
f 2722 2779 2778
f 2723 2724 2780
f 2723 2780 2779
f 2724 2725 2781
f 2724 2781 2780
f 2725 2726 2782
f 2725 2782 2781
f 2726 2727 2783
f 2726 2783 2782
f 2727 2728 2784
f 2727 2784 2783
f 2728 2729 2785
f 2728 2785 2784
f 2729 2730 2786
f 2729 2786 2785
f 2730 2731 2787
f 2730 2787 2786
f 2731 2732 2788
f 2731 2788 2787
f 2732 2733 2789
f 2732 2789 2788
f 2733 2734 2790
f 2733 2790 2789
f 2734 2735 2791
f 2734 2791 2790
f 2735 2736 2792
f 2735 2792 2791
f 2736 2737 2793
f 2736 2793 2792
f 2737 2738 2794
f 2737 2794 2793
f 2738 2739 2795
f 2738 2795 2794
f 2739 2740 2796
f 2739 2796 2795
f 2740 2741 2797
f 2740 2797 2796
f 2741 2742 2798
f 2741 2798 2797
f 2742 2743 2799
f 2742 2799 2798
f 2743 2744 2800
f 2743 2800 2799
f 2744 2745 2801
f 2744 2801 2800
f 2745 2746 2802
f 2745 2802 2801
f 2746 2747 2803
f 2746 2803 2802
f 2747 2748 2804
f 2747 2804 2803
f 2748 2749 2805
f 2748 2805 2804
f 2749 2750 2806
f 2749 2806 2805
f 2750 2751 2807
f 2750 2807 2806
f 2751 2752 2808
f 2751 2808 2807
f 2752 2753 2809
f 2752 2809 2808
f 2753 2754 2810
f 2753 2810 2809
f 2754 2755 2811
f 2754 2811 2810
f 2755 2756 2812
f 2755 2812 2811
f 2756 2757 2813
f 2756 2813 2812
f 2757 2758 2814
f 2757 2814 2813
f 2758 2759 2815
f 2758 2815 2814
f 2759 2760 2816
f 2759 2816 2815
f 2760 2705 2761
f 2760 2761 2816
f 2761 2762 2818
f 2761 2818 2817
f 2762 2763 2819
f 2762 2819 2818
f 2763 2764 2820
f 2763 2820 2819
f 2764 2765 2821
f 2764 2821 2820
f 2765 2766 2822
f 2765 2822 2821
f 2766 2767 2823
f 2766 2823 2822
f 2767 2768 2824
f 2767 2824 2823
f 2768 2769 2825
f 2768 2825 2824
f 2769 2770 2826
f 2769 2826 2825
f 2770 2771 2827
f 2770 2827 2826
f 2771 2772 2828
f 2771 2828 2827
f 2772 2773 2829
f 2772 2829 2828
f 2773 2774 2830
f 2773 2830 2829
f 2774 2775 2831
f 2774 2831 2830
f 2775 2776 2832
f 2775 2832 2831
f 2776 2777 2833
f 2776 2833 2832
f 2777 2778 2834
f 2777 2834 2833
f 2778 2779 2835
f 2778 2835 2834
f 2779 2780 2836
f 2779 2836 2835
f 2780 2781 2837
f 2780 2837 2836
f 2781 2782 2838
f 2781 2838 2837
f 2782 2783 2839
f 2782 2839 2838
f 2783 2784 2840
f 2783 2840 2839
f 2784 2785 2841
f 2784 2841 2840
f 2785 2786 2842
f 2785 2842 2841
f 2786 2787 2843
f 2786 2843 2842
f 2787 2788 2844
f 2787 2844 2843
f 2788 2789 2845
f 2788 2845 2844
f 2789 2790 2846
f 2789 2846 2845
f 2790 2791 2847
f 2790 2847 2846
f 2791 2792 2848
f 2791 2848 2847
f 2792 2793 2849
f 2792 2849 2848
f 2793 2794 2850
f 2793 2850 2849
f 2794 2795 2851
f 2794 2851 2850
f 2795 2796 2852
f 2795 2852 2851
f 2796 2797 2853
f 2796 2853 2852
f 2797 2798 2854
f 2797 2854 2853
f 2798 2799 2855
f 2798 2855 2854
f 2799 2800 2856
f 2799 2856 2855
f 2800 2801 2857
f 2800 2857 2856
f 2801 2802 2858
f 2801 2858 2857
f 2802 2803 2859
f 2802 2859 2858
f 2803 2804 2860
f 2803 2860 2859
f 2804 2805 2861
f 2804 2861 2860
f 2805 2806 2862
f 2805 2862 2861
f 2806 2807 2863
f 2806 2863 2862
f 2807 2808 2864
f 2807 2864 2863
f 2808 2809 2865
f 2808 2865 2864
f 2809 2810 2866
f 2809 2866 2865
f 2810 2811 2867
f 2810 2867 2866
f 2811 2812 2868
f 2811 2868 2867
f 2812 2813 2869
f 2812 2869 2868
f 2813 2814 2870
f 2813 2870 2869
f 2814 2815 2871
f 2814 2871 2870
f 2815 2816 2872
f 2815 2872 2871
f 2816 2761 2817
f 2816 2817 2872
f 2817 2818 2874
f 2817 2874 2873
f 2818 2819 2875
f 2818 2875 2874
f 2819 2820 2876
f 2819 2876 2875
f 2820 2821 2877
f 2820 2877 2876
f 2821 2822 2878
f 2821 2878 2877
f 2822 2823 2879
f 2822 2879 2878
f 2823 2824 2880
f 2823 2880 2879
f 2824 2825 2881
f 2824 2881 2880
f 2825 2826 2882
f 2825 2882 2881
f 2826 2827 2883
f 2826 2883 2882
f 2827 2828 2884
f 2827 2884 2883
f 2828 2829 2885
f 2828 2885 2884
f 2829 2830 2886
f 2829 2886 2885
f 2830 2831 2887
f 2830 2887 2886
f 2831 2832 2888
f 2831 2888 2887
f 2832 2833 2889
f 2832 2889 2888
f 2833 2834 2890
f 2833 2890 2889
f 2834 2835 2891
f 2834 2891 2890
f 2835 2836 2892
f 2835 2892 2891
f 2836 2837 2893
f 2836 2893 2892
f 2837 2838 2894
f 2837 2894 2893
f 2838 2839 2895
f 2838 2895 2894
f 2839 2840 2896
f 2839 2896 2895
f 2840 2841 2897
f 2840 2897 2896
f 2841 2842 2898
f 2841 2898 2897
f 2842 2843 2899
f 2842 2899 2898
f 2843 2844 2900
f 2843 2900 2899
f 2844 2845 2901
f 2844 2901 2900
f 2845 2846 2902
f 2845 2902 2901
f 2846 2847 2903
f 2846 2903 2902
f 2847 2848 2904
f 2847 2904 2903
f 2848 2849 2905
f 2848 2905 2904
f 2849 2850 2906
f 2849 2906 2905
f 2850 2851 2907
f 2850 2907 2906
f 2851 2852 2908
f 2851 2908 2907
f 2852 2853 2909
f 2852 2909 2908
f 2853 2854 2910
f 2853 2910 2909
f 2854 2855 2911
f 2854 2911 2910
f 2855 2856 2912
f 2855 2912 2911
f 2856 2857 2913
f 2856 2913 2912
f 2857 2858 2914
f 2857 2914 2913
f 2858 2859 2915
f 2858 2915 2914
f 2859 2860 2916
f 2859 2916 2915
f 2860 2861 2917
f 2860 2917 2916
f 2861 2862 2918
f 2861 2918 2917
f 2862 2863 2919
f 2862 2919 2918
f 2863 2864 2920
f 2863 2920 2919
f 2864 2865 2921
f 2864 2921 2920
f 2865 2866 2922
f 2865 2922 2921
f 2866 2867 2923
f 2866 2923 2922
f 2867 2868 2924
f 2867 2924 2923
f 2868 2869 2925
f 2868 2925 2924
f 2869 2870 2926
f 2869 2926 2925
f 2870 2871 2927
f 2870 2927 2926
f 2871 2872 2928
f 2871 2928 2927
f 2872 2817 2873
f 2872 2873 2928
f 2930 2929 2984
f 2931 2930 2984
f 2932 2931 2984
f 2933 2932 2984
f 2934 2933 2984
f 2935 2934 2984
f 2936 2935 2984
f 2937 2936 2984
f 2938 2937 2984
f 2939 2938 2984
f 2940 2939 2984
f 2941 2940 2984
f 2942 2941 2984
f 2943 2942 2984
f 2944 2943 2984
f 2945 2944 2984
f 2946 2945 2984
f 2947 2946 2984
f 2948 2947 2984
f 2949 2948 2984
f 2950 2949 2984
f 2956 2955 2954
f 2956 2954 2953
f 2957 2956 2953
f 2957 2953 2952
f 2957 2952 2951
f 2958 2957 2951
f 2959 2958 2951
f 2960 2959 2951
f 2960 2951 2950
f 2961 2960 2950
f 2961 2950 2984
f 2962 2961 2984
f 2963 2962 2984
f 2964 2963 2984
f 2965 2964 2984
f 2966 2965 2984
f 2967 2966 2984
f 2969 2968 2967
f 2970 2969 2967
f 2971 2970 2967
f 2972 2971 2967
f 2973 2972 2967
f 2973 2967 2984
f 2974 2973 2984
f 2975 2974 2984
f 2976 2975 2984
f 2977 2976 2984
f 2978 2977 2984
f 2979 2978 2984
f 2980 2979 2984
f 2981 2980 2984
f 2982 2981 2984
f 2984 2983 2982
f 3040 2985 2986
f 3040 2986 2987
f 3040 2987 2988
f 3040 2988 2989
f 3040 2989 2990
f 3040 2990 2991
f 3040 2991 2992
f 3040 2992 2993
f 3040 2993 2994
f 3040 2994 2995
f 3040 2995 2996
f 3040 2996 2997
f 3040 2997 2998
f 3040 2998 2999
f 3040 2999 3000
f 3040 3000 3001
f 3040 3001 3002
f 3040 3002 3003
f 3040 3003 3004
f 3040 3004 3005
f 3040 3005 3006
f 3010 3011 3012
f 3009 3010 3012
f 3009 3012 3013
f 3008 3009 3013
f 3007 3008 3013
f 3007 3013 3014
f 3007 3014 3015
f 3007 3015 3016
f 3006 3007 3016
f 3006 3016 3017
f 3040 3006 3017
f 3040 3017 3018
f 3040 3018 3019
f 3040 3019 3020
f 3040 3020 3021
f 3040 3021 3022
f 3040 3022 3023
f 3023 3024 3025
f 3023 3025 3026
f 3023 3026 3027
f 3023 3027 3028
f 3023 3028 3029
f 3040 3023 3029
f 3040 3029 3030
f 3040 3030 3031
f 3040 3031 3032
f 3040 3032 3033
f 3040 3033 3034
f 3040 3034 3035
f 3040 3035 3036
f 3040 3036 3037
f 3040 3037 3038
f 3038 3039 3040
o boar_base
usemtl boar_base
v 1.759999 0.000000 -1.664309
v 1.758775 0.000000 -1.679853
v 1.755297 0.000000 -1.694339
v 1.749596 0.000000 -1.708104
v 1.741812 0.000000 -1.720807
v 1.732136 0.000000 -1.732136
v 1.720807 0.000000 -1.741812
v 1.708104 0.000000 -1.749596
v 1.694339 0.000000 -1.755297
v 1.680531 0.000000 -1.758613
v 0.895691 0.000000 -1.759999
v 0.880147 0.000000 -1.758775
v 0.865661 0.000000 -1.755297
v 0.851896 0.000000 -1.749596
v 0.839193 0.000000 -1.741812
v 0.827864 0.000000 -1.732136
v 0.818188 0.000000 -1.720807
v 0.810404 0.000000 -1.708104
v 0.804703 0.000000 -1.694339
v 0.801387 0.000000 -1.680531
v 0.800001 0.000000 -0.895691
v 0.801225 0.000000 -0.880147
v 0.804703 0.000000 -0.865661
v 0.810404 0.000000 -0.851896
v 0.818188 0.000000 -0.839193
v 0.827864 0.000000 -0.827864
v 0.839193 0.000000 -0.818188
v 0.851896 0.000000 -0.810404
v 0.865661 0.000000 -0.804703
v 0.879469 0.000000 -0.801387
v 1.664309 0.000000 -0.800001
v 1.679853 0.000000 -0.801225
v 1.694339 0.000000 -0.804703
v 1.708104 0.000000 -0.810404
v 1.720807 0.000000 -0.818188
v 1.732136 0.000000 -0.827864
v 1.741812 0.000000 -0.839193
v 1.749596 0.000000 -0.851896
v 1.755297 0.000000 -0.865661
v 1.758613 0.000000 -0.879469
v 1.772726 0.005274 -1.664797
v 1.771384 0.005274 -1.681850
v 1.767438 0.005274 -1.698284
v 1.760970 0.005274 -1.713899
v 1.752139 0.005274 -1.728310
v 1.741162 0.005274 -1.741162
v 1.728310 0.005274 -1.752139
v 1.713899 0.005274 -1.760970
v 1.698284 0.005274 -1.767438
v 1.682048 0.005274 -1.771336
v 0.895203 0.005274 -1.772726
v 0.878150 0.005274 -1.771384
v 0.861716 0.005274 -1.767438
v 0.846101 0.005274 -1.760970
v 0.831690 0.005274 -1.752139
v 0.818838 0.005274 -1.741162
v 0.807861 0.005274 -1.728310
v 0.799030 0.005274 -1.713899
v 0.792562 0.005274 -1.698284
v 0.788664 0.005274 -1.682048
v 0.787274 0.005274 -0.895203
v 0.788616 0.005274 -0.878150
v 0.792562 0.005274 -0.861716
v 0.799030 0.005274 -0.846101
v 0.807861 0.005274 -0.831690
v 0.818838 0.005274 -0.818838
v 0.831690 0.005274 -0.807861
v 0.846101 0.005274 -0.799030
v 0.861716 0.005274 -0.792562
v 0.877952 0.005274 -0.788664
v 1.664797 0.005274 -0.787274
v 1.681850 0.005274 -0.788616
v 1.698284 0.005274 -0.792562
v 1.713899 0.005274 -0.799030
v 1.728310 0.005274 -0.807861
v 1.741162 0.005274 -0.818838
v 1.752139 0.005274 -0.831690
v 1.760970 0.005274 -0.846101
v 1.767438 0.005274 -0.861716
v 1.771336 0.005274 -0.877952
v 1.778000 0.018000 -1.665000
v 1.776609 0.018000 -1.682677
v 1.772469 0.018000 -1.699919
v 1.765684 0.018000 -1.716301
v 1.756419 0.018000 -1.731420
v 1.744903 0.018000 -1.744903
v 1.731420 0.018000 -1.756419
v 1.716301 0.018000 -1.765684
v 1.699919 0.018000 -1.772469
v 1.682677 0.018000 -1.776609
v 0.895000 0.018000 -1.778000
v 0.877323 0.018000 -1.776609
v 0.860081 0.018000 -1.772469
v 0.843699 0.018000 -1.765684
v 0.828580 0.018000 -1.756419
v 0.815097 0.018000 -1.744903
v 0.803581 0.018000 -1.731420
v 0.794316 0.018000 -1.716301
v 0.787531 0.018000 -1.699919
v 0.783391 0.018000 -1.682677
v 0.782000 0.018000 -0.895000
v 0.783391 0.018000 -0.877323
v 0.787531 0.018000 -0.860081
v 0.794316 0.018000 -0.843699
v 0.803581 0.018000 -0.828580
v 0.815097 0.018000 -0.815097
v 0.828580 0.018000 -0.803581
v 0.843699 0.018000 -0.794316
v 0.860081 0.018000 -0.787531
v 0.877323 0.018000 -0.783391
v 1.665000 0.018000 -0.782000
v 1.682677 0.018000 -0.783391
v 1.699919 0.018000 -0.787531
v 1.716301 0.018000 -0.794316
v 1.731420 0.018000 -0.803581
v 1.744903 0.018000 -0.815097
v 1.756419 0.018000 -0.828580
v 1.765684 0.018000 -0.843699
v 1.772469 0.018000 -0.860081
v 1.776609 0.018000 -0.877323
v 1.778000 0.137000 -1.665000
v 1.776609 0.137000 -1.682677
v 1.772469 0.137000 -1.699919
v 1.765684 0.137000 -1.716301
v 1.756419 0.137000 -1.731420
v 1.744903 0.137000 -1.744903
v 1.731420 0.137000 -1.756419
v 1.716301 0.137000 -1.765684
v 1.699919 0.137000 -1.772469
v 1.682677 0.137000 -1.776609
v 0.895000 0.137000 -1.778000
v 0.877323 0.137000 -1.776609
v 0.860081 0.137000 -1.772469
v 0.843699 0.137000 -1.765684
v 0.828580 0.137000 -1.756419
v 0.815097 0.137000 -1.744903
v 0.803581 0.137000 -1.731420
v 0.794316 0.137000 -1.716301
v 0.787531 0.137000 -1.699919
v 0.783391 0.137000 -1.682677
v 0.782000 0.137000 -0.895000
v 0.783391 0.137000 -0.877323
v 0.787531 0.137000 -0.860081
v 0.794316 0.137000 -0.843699
v 0.803581 0.137000 -0.828580
v 0.815097 0.137000 -0.815097
v 0.828580 0.137000 -0.803581
v 0.843699 0.137000 -0.794316
v 0.860081 0.137000 -0.787531
v 0.877323 0.137000 -0.783391
v 1.665000 0.137000 -0.782000
v 1.682677 0.137000 -0.783391
v 1.699919 0.137000 -0.787531
v 1.716301 0.137000 -0.794316
v 1.731420 0.137000 -0.803581
v 1.744903 0.137000 -0.815097
v 1.756419 0.137000 -0.828580
v 1.765684 0.137000 -0.843699
v 1.772469 0.137000 -0.860081
v 1.776609 0.137000 -0.877323
v 1.772726 0.149726 -1.664797
v 1.771384 0.149726 -1.681850
v 1.767438 0.149726 -1.698284
v 1.760970 0.149726 -1.713899
v 1.752139 0.149726 -1.728310
v 1.741162 0.149726 -1.741162
v 1.728310 0.149726 -1.752139
v 1.713899 0.149726 -1.760970
v 1.698284 0.149726 -1.767438
v 1.682048 0.149726 -1.771336
v 0.895203 0.149726 -1.772726
v 0.878150 0.149726 -1.771384
v 0.861716 0.149726 -1.767438
v 0.846101 0.149726 -1.760970
v 0.831690 0.149726 -1.752139
v 0.818838 0.149726 -1.741162
v 0.807861 0.149726 -1.728310
v 0.799030 0.149726 -1.713899
v 0.792562 0.149726 -1.698284
v 0.788664 0.149726 -1.682048
v 0.787274 0.149726 -0.895203
v 0.788616 0.149726 -0.878150
v 0.792562 0.149726 -0.861716
v 0.799030 0.149726 -0.846101
v 0.807861 0.149726 -0.831690
v 0.818838 0.149726 -0.818838
v 0.831690 0.149726 -0.807861
v 0.846101 0.149726 -0.799030
v 0.861716 0.149726 -0.792562
v 0.877952 0.149726 -0.788664
v 1.664797 0.149726 -0.787274
v 1.681850 0.149726 -0.788616
v 1.698284 0.149726 -0.792562
v 1.713899 0.149726 -0.799030
v 1.728310 0.149726 -0.807861
v 1.741162 0.149726 -0.818838
v 1.752139 0.149726 -0.831690
v 1.760970 0.149726 -0.846101
v 1.767438 0.149726 -0.861716
v 1.771336 0.149726 -0.877952
v 1.759999 0.155000 -1.664309
v 1.758775 0.155000 -1.679853
v 1.755297 0.155000 -1.694339
v 1.749596 0.155000 -1.708104
v 1.741812 0.155000 -1.720807
v 1.732136 0.155000 -1.732136
v 1.720807 0.155000 -1.741812
v 1.708104 0.155000 -1.749596
v 1.694339 0.155000 -1.755297
v 1.680531 0.155000 -1.758613
v 0.895691 0.155000 -1.759999
v 0.880147 0.155000 -1.758775
v 0.865661 0.155000 -1.755297
v 0.851896 0.155000 -1.749596
v 0.839193 0.155000 -1.741812
v 0.827864 0.155000 -1.732136
v 0.818188 0.155000 -1.720807
v 0.810404 0.155000 -1.708104
v 0.804703 0.155000 -1.694339
v 0.801387 0.155000 -1.680531
v 0.800001 0.155000 -0.895691
v 0.801225 0.155000 -0.880147
v 0.804703 0.155000 -0.865661
v 0.810404 0.155000 -0.851896
v 0.818188 0.155000 -0.839193
v 0.827864 0.155000 -0.827864
v 0.839193 0.155000 -0.818188
v 0.851896 0.155000 -0.810404
v 0.865661 0.155000 -0.804703
v 0.879469 0.155000 -0.801387
v 1.664309 0.155000 -0.800001
v 1.679853 0.155000 -0.801225
v 1.694339 0.155000 -0.804703
v 1.708104 0.155000 -0.810404
v 1.720807 0.155000 -0.818188
v 1.732136 0.155000 -0.827864
v 1.741812 0.155000 -0.839193
v 1.749596 0.155000 -0.851896
v 1.755297 0.155000 -0.865661
v 1.758613 0.155000 -0.879469
v 1.759999 0.000000 -1.664309
v 1.758775 0.000000 -1.679853
v 1.755297 0.000000 -1.694339
v 1.749596 0.000000 -1.708104
v 1.741812 0.000000 -1.720807
v 1.732136 0.000000 -1.732136
v 1.720807 0.000000 -1.741812
v 1.708104 0.000000 -1.749596
v 1.694339 0.000000 -1.755297
v 1.680531 0.000000 -1.758613
v 0.895691 0.000000 -1.759999
v 0.880147 0.000000 -1.758775
v 0.865661 0.000000 -1.755297
v 0.851896 0.000000 -1.749596
v 0.839193 0.000000 -1.741812
v 0.827864 0.000000 -1.732136
v 0.818188 0.000000 -1.720807
v 0.810404 0.000000 -1.708104
v 0.804703 0.000000 -1.694339
v 0.801387 0.000000 -1.680531
v 0.800001 0.000000 -0.895691
v 0.801225 0.000000 -0.880147
v 0.804703 0.000000 -0.865661
v 0.810404 0.000000 -0.851896
v 0.818188 0.000000 -0.839193
v 0.827864 0.000000 -0.827864
v 0.839193 0.000000 -0.818188
v 0.851896 0.000000 -0.810404
v 0.865661 0.000000 -0.804703
v 0.879469 0.000000 -0.801387
v 1.664309 0.000000 -0.800001
v 1.679853 0.000000 -0.801225
v 1.694339 0.000000 -0.804703
v 1.708104 0.000000 -0.810404
v 1.720807 0.000000 -0.818188
v 1.732136 0.000000 -0.827864
v 1.741812 0.000000 -0.839193
v 1.749596 0.000000 -0.851896
v 1.755297 0.000000 -0.865661
v 1.758613 0.000000 -0.879469
v 1.759999 0.155000 -1.664309
v 1.758775 0.155000 -1.679853
v 1.755297 0.155000 -1.694339
v 1.749596 0.155000 -1.708104
v 1.741812 0.155000 -1.720807
v 1.732136 0.155000 -1.732136
v 1.720807 0.155000 -1.741812
v 1.708104 0.155000 -1.749596
v 1.694339 0.155000 -1.755297
v 1.680531 0.155000 -1.758613
v 0.895691 0.155000 -1.759999
v 0.880147 0.155000 -1.758775
v 0.865661 0.155000 -1.755297
v 0.851896 0.155000 -1.749596
v 0.839193 0.155000 -1.741812
v 0.827864 0.155000 -1.732136
v 0.818188 0.155000 -1.720807
v 0.810404 0.155000 -1.708104
v 0.804703 0.155000 -1.694339
v 0.801387 0.155000 -1.680531
v 0.800001 0.155000 -0.895691
v 0.801225 0.155000 -0.880147
v 0.804703 0.155000 -0.865661
v 0.810404 0.155000 -0.851896
v 0.818188 0.155000 -0.839193
v 0.827864 0.155000 -0.827864
v 0.839193 0.155000 -0.818188
v 0.851896 0.155000 -0.810404
v 0.865661 0.155000 -0.804703
v 0.879469 0.155000 -0.801387
v 1.664309 0.155000 -0.800001
v 1.679853 0.155000 -0.801225
v 1.694339 0.155000 -0.804703
v 1.708104 0.155000 -0.810404
v 1.720807 0.155000 -0.818188
v 1.732136 0.155000 -0.827864
v 1.741812 0.155000 -0.839193
v 1.749596 0.155000 -0.851896
v 1.755297 0.155000 -0.865661
v 1.758613 0.155000 -0.879469
f 3041 3042 3082
f 3041 3082 3081
f 3042 3043 3083
f 3042 3083 3082
f 3043 3044 3084
f 3043 3084 3083
f 3044 3045 3085
f 3044 3085 3084
f 3045 3046 3086
f 3045 3086 3085
f 3046 3047 3087
f 3046 3087 3086
f 3047 3048 3088
f 3047 3088 3087
f 3048 3049 3089
f 3048 3089 3088
f 3049 3050 3090
f 3049 3090 3089
f 3050 3051 3091
f 3050 3091 3090
f 3051 3052 3092
f 3051 3092 3091
f 3052 3053 3093
f 3052 3093 3092
f 3053 3054 3094
f 3053 3094 3093
f 3054 3055 3095
f 3054 3095 3094
f 3055 3056 3096
f 3055 3096 3095
f 3056 3057 3097
f 3056 3097 3096
f 3057 3058 3098
f 3057 3098 3097
f 3058 3059 3099
f 3058 3099 3098
f 3059 3060 3100
f 3059 3100 3099
f 3060 3061 3101
f 3060 3101 3100
f 3061 3062 3102
f 3061 3102 3101
f 3062 3063 3103
f 3062 3103 3102
f 3063 3064 3104
f 3063 3104 3103
f 3064 3065 3105
f 3064 3105 3104
f 3065 3066 3106
f 3065 3106 3105
f 3066 3067 3107
f 3066 3107 3106
f 3067 3068 3108
f 3067 3108 3107
f 3068 3069 3109
f 3068 3109 3108
f 3069 3070 3110
f 3069 3110 3109
f 3070 3071 3111
f 3070 3111 3110
f 3071 3072 3112
f 3071 3112 3111
f 3072 3073 3113
f 3072 3113 3112
f 3073 3074 3114
f 3073 3114 3113
f 3074 3075 3115
f 3074 3115 3114
f 3075 3076 3116
f 3075 3116 3115
f 3076 3077 3117
f 3076 3117 3116
f 3077 3078 3118
f 3077 3118 3117
f 3078 3079 3119
f 3078 3119 3118
f 3079 3080 3120
f 3079 3120 3119
f 3080 3041 3081
f 3080 3081 3120
f 3081 3082 3122
f 3081 3122 3121
f 3082 3083 3123
f 3082 3123 3122
f 3083 3084 3124
f 3083 3124 3123
f 3084 3085 3125
f 3084 3125 3124
f 3085 3086 3126
f 3085 3126 3125
f 3086 3087 3127
f 3086 3127 3126
f 3087 3088 3128
f 3087 3128 3127
f 3088 3089 3129
f 3088 3129 3128
f 3089 3090 3130
f 3089 3130 3129
f 3090 3091 3131
f 3090 3131 3130
f 3091 3092 3132
f 3091 3132 3131
f 3092 3093 3133
f 3092 3133 3132
f 3093 3094 3134
f 3093 3134 3133
f 3094 3095 3135
f 3094 3135 3134
f 3095 3096 3136
f 3095 3136 3135
f 3096 3097 3137
f 3096 3137 3136
f 3097 3098 3138
f 3097 3138 3137
f 3098 3099 3139
f 3098 3139 3138
f 3099 3100 3140
f 3099 3140 3139
f 3100 3101 3141
f 3100 3141 3140
f 3101 3102 3142
f 3101 3142 3141
f 3102 3103 3143
f 3102 3143 3142
f 3103 3104 3144
f 3103 3144 3143
f 3104 3105 3145
f 3104 3145 3144
f 3105 3106 3146
f 3105 3146 3145
f 3106 3107 3147
f 3106 3147 3146
f 3107 3108 3148
f 3107 3148 3147
f 3108 3109 3149
f 3108 3149 3148
f 3109 3110 3150
f 3109 3150 3149
f 3110 3111 3151
f 3110 3151 3150
f 3111 3112 3152
f 3111 3152 3151
f 3112 3113 3153
f 3112 3153 3152
f 3113 3114 3154
f 3113 3154 3153
f 3114 3115 3155
f 3114 3155 3154
f 3115 3116 3156
f 3115 3156 3155
f 3116 3117 3157
f 3116 3157 3156
f 3117 3118 3158
f 3117 3158 3157
f 3118 3119 3159
f 3118 3159 3158
f 3119 3120 3160
f 3119 3160 3159
f 3120 3081 3121
f 3120 3121 3160
f 3121 3122 3162
f 3121 3162 3161
f 3122 3123 3163
f 3122 3163 3162
f 3123 3124 3164
f 3123 3164 3163
f 3124 3125 3165
f 3124 3165 3164
f 3125 3126 3166
f 3125 3166 3165
f 3126 3127 3167
f 3126 3167 3166
f 3127 3128 3168
f 3127 3168 3167
f 3128 3129 3169
f 3128 3169 3168
f 3129 3130 3170
f 3129 3170 3169
f 3130 3131 3171
f 3130 3171 3170
f 3131 3132 3172
f 3131 3172 3171
f 3132 3133 3173
f 3132 3173 3172
f 3133 3134 3174
f 3133 3174 3173
f 3134 3135 3175
f 3134 3175 3174
f 3135 3136 3176
f 3135 3176 3175
f 3136 3137 3177
f 3136 3177 3176
f 3137 3138 3178
f 3137 3178 3177
f 3138 3139 3179
f 3138 3179 3178
f 3139 3140 3180
f 3139 3180 3179
f 3140 3141 3181
f 3140 3181 3180
f 3141 3142 3182
f 3141 3182 3181
f 3142 3143 3183
f 3142 3183 3182
f 3143 3144 3184
f 3143 3184 3183
f 3144 3145 3185
f 3144 3185 3184
f 3145 3146 3186
f 3145 3186 3185
f 3146 3147 3187
f 3146 3187 3186
f 3147 3148 3188
f 3147 3188 3187
f 3148 3149 3189
f 3148 3189 3188
f 3149 3150 3190
f 3149 3190 3189
f 3150 3151 3191
f 3150 3191 3190
f 3151 3152 3192
f 3151 3192 3191
f 3152 3153 3193
f 3152 3193 3192
f 3153 3154 3194
f 3153 3194 3193
f 3154 3155 3195
f 3154 3195 3194
f 3155 3156 3196
f 3155 3196 3195
f 3156 3157 3197
f 3156 3197 3196
f 3157 3158 3198
f 3157 3198 3197
f 3158 3159 3199
f 3158 3199 3198
f 3159 3160 3200
f 3159 3200 3199
f 3160 3121 3161
f 3160 3161 3200
f 3161 3162 3202
f 3161 3202 3201
f 3162 3163 3203
f 3162 3203 3202
f 3163 3164 3204
f 3163 3204 3203
f 3164 3165 3205
f 3164 3205 3204
f 3165 3166 3206
f 3165 3206 3205
f 3166 3167 3207
f 3166 3207 3206
f 3167 3168 3208
f 3167 3208 3207
f 3168 3169 3209
f 3168 3209 3208
f 3169 3170 3210
f 3169 3210 3209
f 3170 3171 3211
f 3170 3211 3210
f 3171 3172 3212
f 3171 3212 3211
f 3172 3173 3213
f 3172 3213 3212
f 3173 3174 3214
f 3173 3214 3213
f 3174 3175 3215
f 3174 3215 3214
f 3175 3176 3216
f 3175 3216 3215
f 3176 3177 3217
f 3176 3217 3216
f 3177 3178 3218
f 3177 3218 3217
f 3178 3179 3219
f 3178 3219 3218
f 3179 3180 3220
f 3179 3220 3219
f 3180 3181 3221
f 3180 3221 3220
f 3181 3182 3222
f 3181 3222 3221
f 3182 3183 3223
f 3182 3223 3222
f 3183 3184 3224
f 3183 3224 3223
f 3184 3185 3225
f 3184 3225 3224
f 3185 3186 3226
f 3185 3226 3225
f 3186 3187 3227
f 3186 3227 3226
f 3187 3188 3228
f 3187 3228 3227
f 3188 3189 3229
f 3188 3229 3228
f 3189 3190 3230
f 3189 3230 3229
f 3190 3191 3231
f 3190 3231 3230
f 3191 3192 3232
f 3191 3232 3231
f 3192 3193 3233
f 3192 3233 3232
f 3193 3194 3234
f 3193 3234 3233
f 3194 3195 3235
f 3194 3235 3234
f 3195 3196 3236
f 3195 3236 3235
f 3196 3197 3237
f 3196 3237 3236
f 3197 3198 3238
f 3197 3238 3237
f 3198 3199 3239
f 3198 3239 3238
f 3199 3200 3240
f 3199 3240 3239
f 3200 3161 3201
f 3200 3201 3240
f 3201 3202 3242
f 3201 3242 3241
f 3202 3203 3243
f 3202 3243 3242
f 3203 3204 3244
f 3203 3244 3243
f 3204 3205 3245
f 3204 3245 3244
f 3205 3206 3246
f 3205 3246 3245
f 3206 3207 3247
f 3206 3247 3246
f 3207 3208 3248
f 3207 3248 3247
f 3208 3209 3249
f 3208 3249 3248
f 3209 3210 3250
f 3209 3250 3249
f 3210 3211 3251
f 3210 3251 3250
f 3211 3212 3252
f 3211 3252 3251
f 3212 3213 3253
f 3212 3253 3252
f 3213 3214 3254
f 3213 3254 3253
f 3214 3215 3255
f 3214 3255 3254
f 3215 3216 3256
f 3215 3256 3255
f 3216 3217 3257
f 3216 3257 3256
f 3217 3218 3258
f 3217 3258 3257
f 3218 3219 3259
f 3218 3259 3258
f 3219 3220 3260
f 3219 3260 3259
f 3220 3221 3261
f 3220 3261 3260
f 3221 3222 3262
f 3221 3262 3261
f 3222 3223 3263
f 3222 3263 3262
f 3223 3224 3264
f 3223 3264 3263
f 3224 3225 3265
f 3224 3265 3264
f 3225 3226 3266
f 3225 3266 3265
f 3226 3227 3267
f 3226 3267 3266
f 3227 3228 3268
f 3227 3268 3267
f 3228 3229 3269
f 3228 3269 3268
f 3229 3230 3270
f 3229 3270 3269
f 3230 3231 3271
f 3230 3271 3270
f 3231 3232 3272
f 3231 3272 3271
f 3232 3233 3273
f 3232 3273 3272
f 3233 3234 3274
f 3233 3274 3273
f 3234 3235 3275
f 3234 3275 3274
f 3235 3236 3276
f 3235 3276 3275
f 3236 3237 3277
f 3236 3277 3276
f 3237 3238 3278
f 3237 3278 3277
f 3238 3239 3279
f 3238 3279 3278
f 3239 3240 3280
f 3239 3280 3279
f 3240 3201 3241
f 3240 3241 3280
f 3282 3281 3320
f 3283 3282 3320
f 3284 3283 3320
f 3285 3284 3320
f 3286 3285 3320
f 3287 3286 3320
f 3288 3287 3320
f 3289 3288 3320
f 3290 3289 3320
f 3291 3290 3320
f 3292 3291 3320
f 3293 3292 3320
f 3294 3293 3320
f 3295 3294 3320
f 3296 3295 3320
f 3297 3296 3320
f 3298 3297 3320
f 3299 3298 3320
f 3300 3299 3320
f 3301 3300 3320
f 3302 3301 3320
f 3303 3302 3320
f 3304 3303 3320
f 3305 3304 3320
f 3306 3305 3320
f 3307 3306 3320
f 3308 3307 3320
f 3309 3308 3320
f 3310 3309 3320
f 3311 3310 3320
f 3312 3311 3320
f 3313 3312 3320
f 3314 3313 3320
f 3315 3314 3320
f 3316 3315 3320
f 3317 3316 3320
f 3318 3317 3320
f 3320 3319 3318
f 3360 3321 3322
f 3360 3322 3323
f 3360 3323 3324
f 3360 3324 3325
f 3360 3325 3326
f 3360 3326 3327
f 3360 3327 3328
f 3360 3328 3329
f 3360 3329 3330
f 3360 3330 3331
f 3360 3331 3332
f 3360 3332 3333
f 3360 3333 3334
f 3360 3334 3335
f 3360 3335 3336
f 3360 3336 3337
f 3360 3337 3338
f 3360 3338 3339
f 3360 3339 3340
f 3360 3340 3341
f 3360 3341 3342
f 3360 3342 3343
f 3360 3343 3344
f 3360 3344 3345
f 3360 3345 3346
f 3360 3346 3347
f 3360 3347 3348
f 3360 3348 3349
f 3360 3349 3350
f 3360 3350 3351
f 3360 3351 3352
f 3360 3352 3353
f 3360 3353 3354
f 3360 3354 3355
f 3360 3355 3356
f 3360 3356 3357
f 3360 3357 3358
f 3358 3359 3360
o boar_recess
usemtl boar_recess
v 1.694000 0.144000 -1.609769
v 1.692947 0.144000 -1.623138
v 1.689871 0.144000 -1.635952
v 1.684828 0.144000 -1.648127
v 1.677942 0.144000 -1.659363
v 1.669384 0.144000 -1.669384
v 1.659363 0.144000 -1.677942
v 1.648127 0.144000 -1.684828
v 1.635952 0.144000 -1.689871
v 1.623364 0.144000 -1.692893
v 0.950231 0.144000 -1.694000
v 0.936862 0.144000 -1.692947
v 0.924048 0.144000 -1.689871
v 0.911873 0.144000 -1.684828
v 0.900637 0.144000 -1.677942
v 0.890616 0.144000 -1.669384
v 0.882058 0.144000 -1.659363
v 0.875172 0.144000 -1.648127
v 0.870129 0.144000 -1.635952
v 0.867107 0.144000 -1.623364
v 0.866000 0.144000 -0.950231
v 0.867053 0.144000 -0.936862
v 0.870129 0.144000 -0.924048
v 0.875172 0.144000 -0.911873
v 0.882058 0.144000 -0.900637
v 0.890616 0.144000 -0.890616
v 0.900637 0.144000 -0.882058
v 0.911873 0.144000 -0.875172
v 0.924048 0.144000 -0.870129
v 0.936636 0.144000 -0.867107
v 1.609769 0.144000 -0.866000
v 1.623138 0.144000 -0.867053
v 1.635952 0.144000 -0.870129
v 1.648127 0.144000 -0.875172
v 1.659363 0.144000 -0.882058
v 1.669384 0.144000 -0.890616
v 1.677942 0.144000 -0.900637
v 1.684828 0.144000 -0.911873
v 1.689871 0.144000 -0.924048
v 1.692893 0.144000 -0.936636
v 1.698242 0.145758 -1.609932
v 1.697150 0.145758 -1.623803
v 1.693918 0.145758 -1.637267
v 1.688619 0.145758 -1.650059
v 1.681385 0.145758 -1.661864
v 1.672393 0.145758 -1.672393
v 1.661864 0.145758 -1.681385
v 1.650059 0.145758 -1.688619
v 1.637267 0.145758 -1.693918
v 1.623870 0.145758 -1.697134
v 0.950068 0.145758 -1.698242
v 0.936197 0.145758 -1.697150
v 0.922733 0.145758 -1.693918
v 0.909941 0.145758 -1.688619
v 0.898136 0.145758 -1.681385
v 0.887607 0.145758 -1.672393
v 0.878615 0.145758 -1.661864
v 0.871381 0.145758 -1.650059
v 0.866082 0.145758 -1.637267
v 0.862866 0.145758 -1.623870
v 0.861758 0.145758 -0.950068
v 0.862850 0.145758 -0.936197
v 0.866082 0.145758 -0.922733
v 0.871381 0.145758 -0.909941
v 0.878615 0.145758 -0.898136
v 0.887607 0.145758 -0.887607
v 0.898136 0.145758 -0.878615
v 0.909941 0.145758 -0.871381
v 0.922733 0.145758 -0.866082
v 0.936130 0.145758 -0.862866
v 1.609932 0.145758 -0.861758
v 1.623803 0.145758 -0.862850
v 1.637267 0.145758 -0.866082
v 1.650059 0.145758 -0.871381
v 1.661864 0.145758 -0.878615
v 1.672393 0.145758 -0.887607
v 1.681385 0.145758 -0.898136
v 1.688619 0.145758 -0.909941
v 1.693918 0.145758 -0.922733
v 1.697134 0.145758 -0.936130
v 1.700000 0.150000 -1.610000
v 1.698892 0.150000 -1.624079
v 1.695595 0.150000 -1.637812
v 1.690191 0.150000 -1.650859
v 1.682812 0.150000 -1.662901
v 1.673640 0.150000 -1.673640
v 1.662901 0.150000 -1.682812
v 1.650859 0.150000 -1.690191
v 1.637812 0.150000 -1.695595
v 1.624079 0.150000 -1.698892
v 0.950000 0.150000 -1.700000
v 0.935921 0.150000 -1.698892
v 0.922188 0.150000 -1.695595
v 0.909141 0.150000 -1.690191
v 0.897099 0.150000 -1.682812
v 0.886360 0.150000 -1.673640
v 0.877188 0.150000 -1.662901
v 0.869809 0.150000 -1.650859
v 0.864405 0.150000 -1.637812
v 0.861108 0.150000 -1.624079
v 0.860000 0.150000 -0.950000
v 0.861108 0.150000 -0.935921
v 0.864405 0.150000 -0.922188
v 0.869809 0.150000 -0.909141
v 0.877188 0.150000 -0.897099
v 0.886360 0.150000 -0.886360
v 0.897099 0.150000 -0.877188
v 0.909141 0.150000 -0.869809
v 0.922188 0.150000 -0.864405
v 0.935921 0.150000 -0.861108
v 1.610000 0.150000 -0.860000
v 1.624079 0.150000 -0.861108
v 1.637812 0.150000 -0.864405
v 1.650859 0.150000 -0.869809
v 1.662901 0.150000 -0.877188
v 1.673640 0.150000 -0.886360
v 1.682812 0.150000 -0.897099
v 1.690191 0.150000 -0.909141
v 1.695595 0.150000 -0.922188
v 1.698892 0.150000 -0.935921
v 1.700000 0.159000 -1.610000
v 1.698892 0.159000 -1.624079
v 1.695595 0.159000 -1.637812
v 1.690191 0.159000 -1.650859
v 1.682812 0.159000 -1.662901
v 1.673640 0.159000 -1.673640
v 1.662901 0.159000 -1.682812
v 1.650859 0.159000 -1.690191
v 1.637812 0.159000 -1.695595
v 1.624079 0.159000 -1.698892
v 0.950000 0.159000 -1.700000
v 0.935921 0.159000 -1.698892
v 0.922188 0.159000 -1.695595
v 0.909141 0.159000 -1.690191
v 0.897099 0.159000 -1.682812
v 0.886360 0.159000 -1.673640
v 0.877188 0.159000 -1.662901
v 0.869809 0.159000 -1.650859
v 0.864405 0.159000 -1.637812
v 0.861108 0.159000 -1.624079
v 0.860000 0.159000 -0.950000
v 0.861108 0.159000 -0.935921
v 0.864405 0.159000 -0.922188
v 0.869809 0.159000 -0.909141
v 0.877188 0.159000 -0.897099
v 0.886360 0.159000 -0.886360
v 0.897099 0.159000 -0.877188
v 0.909141 0.159000 -0.869809
v 0.922188 0.159000 -0.864405
v 0.935921 0.159000 -0.861108
v 1.610000 0.159000 -0.860000
v 1.624079 0.159000 -0.861108
v 1.637812 0.159000 -0.864405
v 1.650859 0.159000 -0.869809
v 1.662901 0.159000 -0.877188
v 1.673640 0.159000 -0.886360
v 1.682812 0.159000 -0.897099
v 1.690191 0.159000 -0.909141
v 1.695595 0.159000 -0.922188
v 1.698892 0.159000 -0.935921
v 1.698242 0.163242 -1.609932
v 1.697150 0.163242 -1.623803
v 1.693918 0.163242 -1.637267
v 1.688619 0.163242 -1.650059
v 1.681385 0.163242 -1.661864
v 1.672393 0.163242 -1.672393
v 1.661864 0.163242 -1.681385
v 1.650059 0.163242 -1.688619
v 1.637267 0.163242 -1.693918
v 1.623870 0.163242 -1.697134
v 0.950068 0.163242 -1.698242
v 0.936197 0.163242 -1.697150
v 0.922733 0.163242 -1.693918
v 0.909941 0.163242 -1.688619
v 0.898136 0.163242 -1.681385
v 0.887607 0.163242 -1.672393
v 0.878615 0.163242 -1.661864
v 0.871381 0.163242 -1.650059
v 0.866082 0.163242 -1.637267
v 0.862866 0.163242 -1.623870
v 0.861758 0.163242 -0.950068
v 0.862850 0.163242 -0.936197
v 0.866082 0.163242 -0.922733
v 0.871381 0.163242 -0.909941
v 0.878615 0.163242 -0.898136
v 0.887607 0.163242 -0.887607
v 0.898136 0.163242 -0.878615
v 0.909941 0.163242 -0.871381
v 0.922733 0.163242 -0.866082
v 0.936130 0.163242 -0.862866
v 1.609932 0.163242 -0.861758
v 1.623803 0.163242 -0.862850
v 1.637267 0.163242 -0.866082
v 1.650059 0.163242 -0.871381
v 1.661864 0.163242 -0.878615
v 1.672393 0.163242 -0.887607
v 1.681385 0.163242 -0.898136
v 1.688619 0.163242 -0.909941
v 1.693918 0.163242 -0.922733
v 1.697134 0.163242 -0.936130
v 1.694000 0.165000 -1.609769
v 1.692947 0.165000 -1.623138
v 1.689871 0.165000 -1.635952
v 1.684828 0.165000 -1.648127
v 1.677942 0.165000 -1.659363
v 1.669384 0.165000 -1.669384
v 1.659363 0.165000 -1.677942
v 1.648127 0.165000 -1.684828
v 1.635952 0.165000 -1.689871
v 1.623364 0.165000 -1.692893
v 0.950231 0.165000 -1.694000
v 0.936862 0.165000 -1.692947
v 0.924048 0.165000 -1.689871
v 0.911873 0.165000 -1.684828
v 0.900637 0.165000 -1.677942
v 0.890616 0.165000 -1.669384
v 0.882058 0.165000 -1.659363
v 0.875172 0.165000 -1.648127
v 0.870129 0.165000 -1.635952
v 0.867107 0.165000 -1.623364
v 0.866000 0.165000 -0.950231
v 0.867053 0.165000 -0.936862
v 0.870129 0.165000 -0.924048
v 0.875172 0.165000 -0.911873
v 0.882058 0.165000 -0.900637
v 0.890616 0.165000 -0.890616
v 0.900637 0.165000 -0.882058
v 0.911873 0.165000 -0.875172
v 0.924048 0.165000 -0.870129
v 0.936636 0.165000 -0.867107
v 1.609769 0.165000 -0.866000
v 1.623138 0.165000 -0.867053
v 1.635952 0.165000 -0.870129
v 1.648127 0.165000 -0.875172
v 1.659363 0.165000 -0.882058
v 1.669384 0.165000 -0.890616
v 1.677942 0.165000 -0.900637
v 1.684828 0.165000 -0.911873
v 1.689871 0.165000 -0.924048
v 1.692893 0.165000 -0.936636
v 1.694000 0.144000 -1.609769
v 1.692947 0.144000 -1.623138
v 1.689871 0.144000 -1.635952
v 1.684828 0.144000 -1.648127
v 1.677942 0.144000 -1.659363
v 1.669384 0.144000 -1.669384
v 1.659363 0.144000 -1.677942
v 1.648127 0.144000 -1.684828
v 1.635952 0.144000 -1.689871
v 1.623364 0.144000 -1.692893
v 0.950231 0.144000 -1.694000
v 0.936862 0.144000 -1.692947
v 0.924048 0.144000 -1.689871
v 0.911873 0.144000 -1.684828
v 0.900637 0.144000 -1.677942
v 0.890616 0.144000 -1.669384
v 0.882058 0.144000 -1.659363
v 0.875172 0.144000 -1.648127
v 0.870129 0.144000 -1.635952
v 0.867107 0.144000 -1.623364
v 0.866000 0.144000 -0.950231
v 0.867053 0.144000 -0.936862
v 0.870129 0.144000 -0.924048
v 0.875172 0.144000 -0.911873
v 0.882058 0.144000 -0.900637
v 0.890616 0.144000 -0.890616
v 0.900637 0.144000 -0.882058
v 0.911873 0.144000 -0.875172
v 0.924048 0.144000 -0.870129
v 0.936636 0.144000 -0.867107
v 1.609769 0.144000 -0.866000
v 1.623138 0.144000 -0.867053
v 1.635952 0.144000 -0.870129
v 1.648127 0.144000 -0.875172
v 1.659363 0.144000 -0.882058
v 1.669384 0.144000 -0.890616
v 1.677942 0.144000 -0.900637
v 1.684828 0.144000 -0.911873
v 1.689871 0.144000 -0.924048
v 1.692893 0.144000 -0.936636
v 1.694000 0.165000 -1.609769
v 1.692947 0.165000 -1.623138
v 1.689871 0.165000 -1.635952
v 1.684828 0.165000 -1.648127
v 1.677942 0.165000 -1.659363
v 1.669384 0.165000 -1.669384
v 1.659363 0.165000 -1.677942
v 1.648127 0.165000 -1.684828
v 1.635952 0.165000 -1.689871
v 1.623364 0.165000 -1.692893
v 0.950231 0.165000 -1.694000
v 0.936862 0.165000 -1.692947
v 0.924048 0.165000 -1.689871
v 0.911873 0.165000 -1.684828
v 0.900637 0.165000 -1.677942
v 0.890616 0.165000 -1.669384
v 0.882058 0.165000 -1.659363
v 0.875172 0.165000 -1.648127
v 0.870129 0.165000 -1.635952
v 0.867107 0.165000 -1.623364
v 0.866000 0.165000 -0.950231
v 0.867053 0.165000 -0.936862
v 0.870129 0.165000 -0.924048
v 0.875172 0.165000 -0.911873
v 0.882058 0.165000 -0.900637
v 0.890616 0.165000 -0.890616
v 0.900637 0.165000 -0.882058
v 0.911873 0.165000 -0.875172
v 0.924048 0.165000 -0.870129
v 0.936636 0.165000 -0.867107
v 1.609769 0.165000 -0.866000
v 1.623138 0.165000 -0.867053
v 1.635952 0.165000 -0.870129
v 1.648127 0.165000 -0.875172
v 1.659363 0.165000 -0.882058
v 1.669384 0.165000 -0.890616
v 1.677942 0.165000 -0.900637
v 1.684828 0.165000 -0.911873
v 1.689871 0.165000 -0.924048
v 1.692893 0.165000 -0.936636
f 3361 3362 3402
f 3361 3402 3401
f 3362 3363 3403
f 3362 3403 3402
f 3363 3364 3404
f 3363 3404 3403
f 3364 3365 3405
f 3364 3405 3404
f 3365 3366 3406
f 3365 3406 3405
f 3366 3367 3407
f 3366 3407 3406
f 3367 3368 3408
f 3367 3408 3407
f 3368 3369 3409
f 3368 3409 3408
f 3369 3370 3410
f 3369 3410 3409
f 3370 3371 3411
f 3370 3411 3410
f 3371 3372 3412
f 3371 3412 3411
f 3372 3373 3413
f 3372 3413 3412
f 3373 3374 3414
f 3373 3414 3413
f 3374 3375 3415
f 3374 3415 3414
f 3375 3376 3416
f 3375 3416 3415
f 3376 3377 3417
f 3376 3417 3416
f 3377 3378 3418
f 3377 3418 3417
f 3378 3379 3419
f 3378 3419 3418
f 3379 3380 3420
f 3379 3420 3419
f 3380 3381 3421
f 3380 3421 3420
f 3381 3382 3422
f 3381 3422 3421
f 3382 3383 3423
f 3382 3423 3422
f 3383 3384 3424
f 3383 3424 3423
f 3384 3385 3425
f 3384 3425 3424
f 3385 3386 3426
f 3385 3426 3425
f 3386 3387 3427
f 3386 3427 3426
f 3387 3388 3428
f 3387 3428 3427
f 3388 3389 3429
f 3388 3429 3428
f 3389 3390 3430
f 3389 3430 3429
f 3390 3391 3431
f 3390 3431 3430
f 3391 3392 3432
f 3391 3432 3431
f 3392 3393 3433
f 3392 3433 3432
f 3393 3394 3434
f 3393 3434 3433
f 3394 3395 3435
f 3394 3435 3434
f 3395 3396 3436
f 3395 3436 3435
f 3396 3397 3437
f 3396 3437 3436
f 3397 3398 3438
f 3397 3438 3437
f 3398 3399 3439
f 3398 3439 3438
f 3399 3400 3440
f 3399 3440 3439
f 3400 3361 3401
f 3400 3401 3440
f 3401 3402 3442
f 3401 3442 3441
f 3402 3403 3443
f 3402 3443 3442
f 3403 3404 3444
f 3403 3444 3443
f 3404 3405 3445
f 3404 3445 3444
f 3405 3406 3446
f 3405 3446 3445
f 3406 3407 3447
f 3406 3447 3446
f 3407 3408 3448
f 3407 3448 3447
f 3408 3409 3449
f 3408 3449 3448
f 3409 3410 3450
f 3409 3450 3449
f 3410 3411 3451
f 3410 3451 3450
f 3411 3412 3452
f 3411 3452 3451
f 3412 3413 3453
f 3412 3453 3452
f 3413 3414 3454
f 3413 3454 3453
f 3414 3415 3455
f 3414 3455 3454
f 3415 3416 3456
f 3415 3456 3455
f 3416 3417 3457
f 3416 3457 3456
f 3417 3418 3458
f 3417 3458 3457
f 3418 3419 3459
f 3418 3459 3458
f 3419 3420 3460
f 3419 3460 3459
f 3420 3421 3461
f 3420 3461 3460
f 3421 3422 3462
f 3421 3462 3461
f 3422 3423 3463
f 3422 3463 3462
f 3423 3424 3464
f 3423 3464 3463
f 3424 3425 3465
f 3424 3465 3464
f 3425 3426 3466
f 3425 3466 3465
f 3426 3427 3467
f 3426 3467 3466
f 3427 3428 3468
f 3427 3468 3467
f 3428 3429 3469
f 3428 3469 3468
f 3429 3430 3470
f 3429 3470 3469
f 3430 3431 3471
f 3430 3471 3470
f 3431 3432 3472
f 3431 3472 3471
f 3432 3433 3473
f 3432 3473 3472
f 3433 3434 3474
f 3433 3474 3473
f 3434 3435 3475
f 3434 3475 3474
f 3435 3436 3476
f 3435 3476 3475
f 3436 3437 3477
f 3436 3477 3476
f 3437 3438 3478
f 3437 3478 3477
f 3438 3439 3479
f 3438 3479 3478
f 3439 3440 3480
f 3439 3480 3479
f 3440 3401 3441
f 3440 3441 3480
f 3441 3442 3482
f 3441 3482 3481
f 3442 3443 3483
f 3442 3483 3482
f 3443 3444 3484
f 3443 3484 3483
f 3444 3445 3485
f 3444 3485 3484
f 3445 3446 3486
f 3445 3486 3485
f 3446 3447 3487
f 3446 3487 3486
f 3447 3448 3488
f 3447 3488 3487
f 3448 3449 3489
f 3448 3489 3488
f 3449 3450 3490
f 3449 3490 3489
f 3450 3451 3491
f 3450 3491 3490
f 3451 3452 3492
f 3451 3492 3491
f 3452 3453 3493
f 3452 3493 3492
f 3453 3454 3494
f 3453 3494 3493
f 3454 3455 3495
f 3454 3495 3494
f 3455 3456 3496
f 3455 3496 3495
f 3456 3457 3497
f 3456 3497 3496
f 3457 3458 3498
f 3457 3498 3497
f 3458 3459 3499
f 3458 3499 3498
f 3459 3460 3500
f 3459 3500 3499
f 3460 3461 3501
f 3460 3501 3500
f 3461 3462 3502
f 3461 3502 3501
f 3462 3463 3503
f 3462 3503 3502
f 3463 3464 3504
f 3463 3504 3503
f 3464 3465 3505
f 3464 3505 3504
f 3465 3466 3506
f 3465 3506 3505
f 3466 3467 3507
f 3466 3507 3506
f 3467 3468 3508
f 3467 3508 3507
f 3468 3469 3509
f 3468 3509 3508
f 3469 3470 3510
f 3469 3510 3509
f 3470 3471 3511
f 3470 3511 3510
f 3471 3472 3512
f 3471 3512 3511
f 3472 3473 3513
f 3472 3513 3512
f 3473 3474 3514
f 3473 3514 3513
f 3474 3475 3515
f 3474 3515 3514
f 3475 3476 3516
f 3475 3516 3515
f 3476 3477 3517
f 3476 3517 3516
f 3477 3478 3518
f 3477 3518 3517
f 3478 3479 3519
f 3478 3519 3518
f 3479 3480 3520
f 3479 3520 3519
f 3480 3441 3481
f 3480 3481 3520
f 3481 3482 3522
f 3481 3522 3521
f 3482 3483 3523
f 3482 3523 3522
f 3483 3484 3524
f 3483 3524 3523
f 3484 3485 3525
f 3484 3525 3524
f 3485 3486 3526
f 3485 3526 3525
f 3486 3487 3527
f 3486 3527 3526
f 3487 3488 3528
f 3487 3528 3527
f 3488 3489 3529
f 3488 3529 3528
f 3489 3490 3530
f 3489 3530 3529
f 3490 3491 3531
f 3490 3531 3530
f 3491 3492 3532
f 3491 3532 3531
f 3492 3493 3533
f 3492 3533 3532
f 3493 3494 3534
f 3493 3534 3533
f 3494 3495 3535
f 3494 3535 3534
f 3495 3496 3536
f 3495 3536 3535
f 3496 3497 3537
f 3496 3537 3536
f 3497 3498 3538
f 3497 3538 3537
f 3498 3499 3539
f 3498 3539 3538
f 3499 3500 3540
f 3499 3540 3539
f 3500 3501 3541
f 3500 3541 3540
f 3501 3502 3542
f 3501 3542 3541
f 3502 3503 3543
f 3502 3543 3542
f 3503 3504 3544
f 3503 3544 3543
f 3504 3505 3545
f 3504 3545 3544
f 3505 3506 3546
f 3505 3546 3545
f 3506 3507 3547
f 3506 3547 3546
f 3507 3508 3548
f 3507 3548 3547
f 3508 3509 3549
f 3508 3549 3548
f 3509 3510 3550
f 3509 3550 3549
f 3510 3511 3551
f 3510 3551 3550
f 3511 3512 3552
f 3511 3552 3551
f 3512 3513 3553
f 3512 3553 3552
f 3513 3514 3554
f 3513 3554 3553
f 3514 3515 3555
f 3514 3555 3554
f 3515 3516 3556
f 3515 3556 3555
f 3516 3517 3557
f 3516 3557 3556
f 3517 3518 3558
f 3517 3558 3557
f 3518 3519 3559
f 3518 3559 3558
f 3519 3520 3560
f 3519 3560 3559
f 3520 3481 3521
f 3520 3521 3560
f 3521 3522 3562
f 3521 3562 3561
f 3522 3523 3563
f 3522 3563 3562
f 3523 3524 3564
f 3523 3564 3563
f 3524 3525 3565
f 3524 3565 3564
f 3525 3526 3566
f 3525 3566 3565
f 3526 3527 3567
f 3526 3567 3566
f 3527 3528 3568
f 3527 3568 3567
f 3528 3529 3569
f 3528 3569 3568
f 3529 3530 3570
f 3529 3570 3569
f 3530 3531 3571
f 3530 3571 3570
f 3531 3532 3572
f 3531 3572 3571
f 3532 3533 3573
f 3532 3573 3572
f 3533 3534 3574
f 3533 3574 3573
f 3534 3535 3575
f 3534 3575 3574
f 3535 3536 3576
f 3535 3576 3575
f 3536 3537 3577
f 3536 3577 3576
f 3537 3538 3578
f 3537 3578 3577
f 3538 3539 3579
f 3538 3579 3578
f 3539 3540 3580
f 3539 3580 3579
f 3540 3541 3581
f 3540 3581 3580
f 3541 3542 3582
f 3541 3582 3581
f 3542 3543 3583
f 3542 3583 3582
f 3543 3544 3584
f 3543 3584 3583
f 3544 3545 3585
f 3544 3585 3584
f 3545 3546 3586
f 3545 3586 3585
f 3546 3547 3587
f 3546 3587 3586
f 3547 3548 3588
f 3547 3588 3587
f 3548 3549 3589
f 3548 3589 3588
f 3549 3550 3590
f 3549 3590 3589
f 3550 3551 3591
f 3550 3591 3590
f 3551 3552 3592
f 3551 3592 3591
f 3552 3553 3593
f 3552 3593 3592
f 3553 3554 3594
f 3553 3594 3593
f 3554 3555 3595
f 3554 3595 3594
f 3555 3556 3596
f 3555 3596 3595
f 3556 3557 3597
f 3556 3597 3596
f 3557 3558 3598
f 3557 3598 3597
f 3558 3559 3599
f 3558 3599 3598
f 3559 3560 3600
f 3559 3600 3599
f 3560 3521 3561
f 3560 3561 3600
f 3602 3601 3640
f 3603 3602 3640
f 3604 3603 3640
f 3605 3604 3640
f 3606 3605 3640
f 3607 3606 3640
f 3608 3607 3640
f 3609 3608 3640
f 3610 3609 3640
f 3611 3610 3640
f 3612 3611 3640
f 3613 3612 3640
f 3614 3613 3640
f 3615 3614 3640
f 3616 3615 3640
f 3617 3616 3640
f 3618 3617 3640
f 3619 3618 3640
f 3620 3619 3640
f 3621 3620 3640
f 3622 3621 3640
f 3623 3622 3640
f 3624 3623 3640
f 3625 3624 3640
f 3626 3625 3640
f 3627 3626 3640
f 3628 3627 3640
f 3629 3628 3640
f 3630 3629 3640
f 3631 3630 3640
f 3632 3631 3640
f 3633 3632 3640
f 3634 3633 3640
f 3635 3634 3640
f 3636 3635 3640
f 3637 3636 3640
f 3638 3637 3640
f 3640 3639 3638
f 3680 3641 3642
f 3680 3642 3643
f 3680 3643 3644
f 3680 3644 3645
f 3680 3645 3646
f 3680 3646 3647
f 3680 3647 3648
f 3680 3648 3649
f 3680 3649 3650
f 3680 3650 3651
f 3680 3651 3652
f 3680 3652 3653
f 3680 3653 3654
f 3680 3654 3655
f 3680 3655 3656
f 3680 3656 3657
f 3680 3657 3658
f 3680 3658 3659
f 3680 3659 3660
f 3680 3660 3661
f 3680 3661 3662
f 3680 3662 3663
f 3680 3663 3664
f 3680 3664 3665
f 3680 3665 3666
f 3680 3666 3667
f 3680 3667 3668
f 3680 3668 3669
f 3680 3669 3670
f 3680 3670 3671
f 3680 3671 3672
f 3680 3672 3673
f 3680 3673 3674
f 3680 3674 3675
f 3680 3675 3676
f 3680 3676 3677
f 3680 3677 3678
f 3678 3679 3680
o boar_rounded_rim
usemtl boar_base
v 1.780000 0.105000 -1.665000
v 1.778584 0.105000 -1.682990
v 1.774371 0.105000 -1.700537
v 1.767466 0.105000 -1.717209
v 1.758037 0.105000 -1.732595
v 1.746317 0.105000 -1.746317
v 1.732595 0.105000 -1.758037
v 1.717209 0.105000 -1.767466
v 1.700537 0.105000 -1.774371
v 1.682990 0.105000 -1.778584
v 0.895000 0.105000 -1.780000
v 0.877010 0.105000 -1.778584
v 0.859463 0.105000 -1.774371
v 0.842791 0.105000 -1.767466
v 0.827405 0.105000 -1.758037
v 0.813683 0.105000 -1.746317
v 0.801963 0.105000 -1.732595
v 0.792534 0.105000 -1.717209
v 0.785629 0.105000 -1.700537
v 0.781416 0.105000 -1.682990
v 0.780000 0.105000 -0.895000
v 0.781416 0.105000 -0.877010
v 0.785629 0.105000 -0.859463
v 0.792534 0.105000 -0.842791
v 0.801963 0.105000 -0.827405
v 0.813683 0.105000 -0.813683
v 0.827405 0.105000 -0.801963
v 0.842791 0.105000 -0.792534
v 0.859463 0.105000 -0.785629
v 0.877010 0.105000 -0.781416
v 1.665000 0.105000 -0.780000
v 1.682990 0.105000 -0.781416
v 1.700537 0.105000 -0.785629
v 1.717209 0.105000 -0.792534
v 1.732595 0.105000 -0.801963
v 1.746317 0.105000 -0.813683
v 1.758037 0.105000 -0.827405
v 1.767466 0.105000 -0.842791
v 1.774371 0.105000 -0.859463
v 1.778584 0.105000 -0.877010
v 1.780000 0.230000 -1.665000
v 1.778584 0.230000 -1.682990
v 1.774371 0.230000 -1.700537
v 1.767466 0.230000 -1.717209
v 1.758037 0.230000 -1.732595
v 1.746317 0.230000 -1.746317
v 1.732595 0.230000 -1.758037
v 1.717209 0.230000 -1.767466
v 1.700537 0.230000 -1.774371
v 1.682990 0.230000 -1.778584
v 0.895000 0.230000 -1.780000
v 0.877010 0.230000 -1.778584
v 0.859463 0.230000 -1.774371
v 0.842791 0.230000 -1.767466
v 0.827405 0.230000 -1.758037
v 0.813683 0.230000 -1.746317
v 0.801963 0.230000 -1.732595
v 0.792534 0.230000 -1.717209
v 0.785629 0.230000 -1.700537
v 0.781416 0.230000 -1.682990
v 0.780000 0.230000 -0.895000
v 0.781416 0.230000 -0.877010
v 0.785629 0.230000 -0.859463
v 0.792534 0.230000 -0.842791
v 0.801963 0.230000 -0.827405
v 0.813683 0.230000 -0.813683
v 0.827405 0.230000 -0.801963
v 0.842791 0.230000 -0.792534
v 0.859463 0.230000 -0.785629
v 0.877010 0.230000 -0.781416
v 1.665000 0.230000 -0.780000
v 1.682990 0.230000 -0.781416
v 1.700537 0.230000 -0.785629
v 1.717209 0.230000 -0.792534
v 1.732595 0.230000 -0.801963
v 1.746317 0.230000 -0.813683
v 1.758037 0.230000 -0.827405
v 1.767466 0.230000 -0.842791
v 1.774371 0.230000 -0.859463
v 1.778584 0.230000 -0.877010
v 1.775500 0.245000 -1.665500
v 1.774146 0.245000 -1.682708
v 1.770116 0.245000 -1.699492
v 1.763511 0.245000 -1.715439
v 1.754492 0.245000 -1.730156
v 1.743282 0.245000 -1.743282
v 1.730156 0.245000 -1.754492
v 1.715439 0.245000 -1.763511
v 1.699492 0.245000 -1.770116
v 1.682708 0.245000 -1.774146
v 0.894500 0.245000 -1.775500
v 0.877292 0.245000 -1.774146
v 0.860508 0.245000 -1.770116
v 0.844561 0.245000 -1.763511
v 0.829844 0.245000 -1.754492
v 0.816718 0.245000 -1.743282
v 0.805508 0.245000 -1.730156
v 0.796489 0.245000 -1.715439
v 0.789884 0.245000 -1.699492
v 0.785854 0.245000 -1.682708
v 0.784500 0.245000 -0.894500
v 0.785854 0.245000 -0.877292
v 0.789884 0.245000 -0.860508
v 0.796489 0.245000 -0.844561
v 0.805508 0.245000 -0.829844
v 0.816718 0.245000 -0.816718
v 0.829844 0.245000 -0.805508
v 0.844561 0.245000 -0.796489
v 0.860508 0.245000 -0.789884
v 0.877292 0.245000 -0.785854
v 1.665500 0.245000 -0.784500
v 1.682708 0.245000 -0.785854
v 1.699492 0.245000 -0.789884
v 1.715439 0.245000 -0.796489
v 1.730156 0.245000 -0.805508
v 1.743282 0.245000 -0.816718
v 1.754492 0.245000 -0.829844
v 1.763511 0.245000 -0.844561
v 1.770116 0.245000 -0.860508
v 1.774146 0.245000 -0.877292
v 1.765000 0.253000 -1.662000
v 1.763732 0.253000 -1.678113
v 1.759959 0.253000 -1.693829
v 1.753774 0.253000 -1.708761
v 1.745329 0.253000 -1.722542
v 1.734832 0.253000 -1.734832
v 1.722542 0.253000 -1.745329
v 1.708761 0.253000 -1.753774
v 1.693829 0.253000 -1.759959
v 1.678113 0.253000 -1.763732
v 0.898000 0.253000 -1.765000
v 0.881887 0.253000 -1.763732
v 0.866171 0.253000 -1.759959
v 0.851239 0.253000 -1.753774
v 0.837458 0.253000 -1.745329
v 0.825168 0.253000 -1.734832
v 0.814671 0.253000 -1.722542
v 0.806226 0.253000 -1.708761
v 0.800041 0.253000 -1.693829
v 0.796268 0.253000 -1.678113
v 0.795000 0.253000 -0.898000
v 0.796268 0.253000 -0.881887
v 0.800041 0.253000 -0.866171
v 0.806226 0.253000 -0.851239
v 0.814671 0.253000 -0.837458
v 0.825168 0.253000 -0.825168
v 0.837458 0.253000 -0.814671
v 0.851239 0.253000 -0.806226
v 0.866171 0.253000 -0.800041
v 0.881887 0.253000 -0.796268
v 1.662000 0.253000 -0.795000
v 1.678113 0.253000 -0.796268
v 1.693829 0.253000 -0.800041
v 1.708761 0.253000 -0.806226
v 1.722542 0.253000 -0.814671
v 1.734832 0.253000 -0.825168
v 1.745329 0.253000 -0.837458
v 1.753774 0.253000 -0.851239
v 1.759959 0.253000 -0.866171
v 1.763732 0.253000 -0.881887
v 1.699000 0.253000 -1.609000
v 1.697892 0.253000 -1.623079
v 1.694595 0.253000 -1.636812
v 1.689191 0.253000 -1.649859
v 1.681812 0.253000 -1.661901
v 1.672640 0.253000 -1.672640
v 1.661901 0.253000 -1.681812
v 1.649859 0.253000 -1.689191
v 1.636812 0.253000 -1.694595
v 1.623079 0.253000 -1.697892
v 0.951000 0.253000 -1.699000
v 0.936921 0.253000 -1.697892
v 0.923188 0.253000 -1.694595
v 0.910141 0.253000 -1.689191
v 0.898099 0.253000 -1.681812
v 0.887360 0.253000 -1.672640
v 0.878188 0.253000 -1.661901
v 0.870809 0.253000 -1.649859
v 0.865405 0.253000 -1.636812
v 0.862108 0.253000 -1.623079
v 0.861000 0.253000 -0.951000
v 0.862108 0.253000 -0.936921
v 0.865405 0.253000 -0.923188
v 0.870809 0.253000 -0.910141
v 0.878188 0.253000 -0.898099
v 0.887360 0.253000 -0.887360
v 0.898099 0.253000 -0.878188
v 0.910141 0.253000 -0.870809
v 0.923188 0.253000 -0.865405
v 0.936921 0.253000 -0.862108
v 1.609000 0.253000 -0.861000
v 1.623079 0.253000 -0.862108
v 1.636812 0.253000 -0.865405
v 1.649859 0.253000 -0.870809
v 1.661901 0.253000 -0.878188
v 1.672640 0.253000 -0.887360
v 1.681812 0.253000 -0.898099
v 1.689191 0.253000 -0.910141
v 1.694595 0.253000 -0.923188
v 1.697892 0.253000 -0.936921
v 1.690500 0.246000 -1.606500
v 1.689466 0.246000 -1.619640
v 1.686389 0.246000 -1.632457
v 1.681345 0.246000 -1.644635
v 1.674457 0.246000 -1.655874
v 1.665897 0.246000 -1.665897
v 1.655874 0.246000 -1.674457
v 1.644635 0.246000 -1.681345
v 1.632457 0.246000 -1.686389
v 1.619640 0.246000 -1.689466
v 0.953500 0.246000 -1.690500
v 0.940360 0.246000 -1.689466
v 0.927543 0.246000 -1.686389
v 0.915365 0.246000 -1.681345
v 0.904126 0.246000 -1.674457
v 0.894103 0.246000 -1.665897
v 0.885543 0.246000 -1.655874
v 0.878655 0.246000 -1.644635
v 0.873611 0.246000 -1.632457
v 0.870534 0.246000 -1.619640
v 0.869500 0.246000 -0.953500
v 0.870534 0.246000 -0.940360
v 0.873611 0.246000 -0.927543
v 0.878655 0.246000 -0.915365
v 0.885543 0.246000 -0.904126
v 0.894103 0.246000 -0.894103
v 0.904126 0.246000 -0.885543
v 0.915365 0.246000 -0.878655
v 0.927543 0.246000 -0.873611
v 0.940360 0.246000 -0.870534
v 1.606500 0.246000 -0.869500
v 1.619640 0.246000 -0.870534
v 1.632457 0.246000 -0.873611
v 1.644635 0.246000 -0.878655
v 1.655874 0.246000 -0.885543
v 1.665897 0.246000 -0.894103
v 1.674457 0.246000 -0.904126
v 1.681345 0.246000 -0.915365
v 1.686389 0.246000 -0.927543
v 1.689466 0.246000 -0.940360
v 1.686000 0.232000 -1.606000
v 1.685015 0.232000 -1.618515
v 1.682085 0.232000 -1.630721
v 1.677281 0.232000 -1.642319
v 1.670721 0.232000 -1.653023
v 1.662569 0.232000 -1.662569
v 1.653023 0.232000 -1.670721
v 1.642319 0.232000 -1.677281
v 1.630721 0.232000 -1.682085
v 1.618515 0.232000 -1.685015
v 0.954000 0.232000 -1.686000
v 0.941485 0.232000 -1.685015
v 0.929279 0.232000 -1.682085
v 0.917681 0.232000 -1.677281
v 0.906977 0.232000 -1.670721
v 0.897431 0.232000 -1.662569
v 0.889279 0.232000 -1.653023
v 0.882719 0.232000 -1.642319
v 0.877915 0.232000 -1.630721
v 0.874985 0.232000 -1.618515
v 0.874000 0.232000 -0.954000
v 0.874985 0.232000 -0.941485
v 0.877915 0.232000 -0.929279
v 0.882719 0.232000 -0.917681
v 0.889279 0.232000 -0.906977
v 0.897431 0.232000 -0.897431
v 0.906977 0.232000 -0.889279
v 0.917681 0.232000 -0.882719
v 0.929279 0.232000 -0.877915
v 0.941485 0.232000 -0.874985
v 1.606000 0.232000 -0.874000
v 1.618515 0.232000 -0.874985
v 1.630721 0.232000 -0.877915
v 1.642319 0.232000 -0.882719
v 1.653023 0.232000 -0.889279
v 1.662569 0.232000 -0.897431
v 1.670721 0.232000 -0.906977
v 1.677281 0.232000 -0.917681
v 1.682085 0.232000 -0.929279
v 1.685015 0.232000 -0.941485
v 1.686000 0.156000 -1.606000
v 1.685015 0.156000 -1.618515
v 1.682085 0.156000 -1.630721
v 1.677281 0.156000 -1.642319
v 1.670721 0.156000 -1.653023
v 1.662569 0.156000 -1.662569
v 1.653023 0.156000 -1.670721
v 1.642319 0.156000 -1.677281
v 1.630721 0.156000 -1.682085
v 1.618515 0.156000 -1.685015
v 0.954000 0.156000 -1.686000
v 0.941485 0.156000 -1.685015
v 0.929279 0.156000 -1.682085
v 0.917681 0.156000 -1.677281
v 0.906977 0.156000 -1.670721
v 0.897431 0.156000 -1.662569
v 0.889279 0.156000 -1.653023
v 0.882719 0.156000 -1.642319
v 0.877915 0.156000 -1.630721
v 0.874985 0.156000 -1.618515
v 0.874000 0.156000 -0.954000
v 0.874985 0.156000 -0.941485
v 0.877915 0.156000 -0.929279
v 0.882719 0.156000 -0.917681
v 0.889279 0.156000 -0.906977
v 0.897431 0.156000 -0.897431
v 0.906977 0.156000 -0.889279
v 0.917681 0.156000 -0.882719
v 0.929279 0.156000 -0.877915
v 0.941485 0.156000 -0.874985
v 1.606000 0.156000 -0.874000
v 1.618515 0.156000 -0.874985
v 1.630721 0.156000 -0.877915
v 1.642319 0.156000 -0.882719
v 1.653023 0.156000 -0.889279
v 1.662569 0.156000 -0.897431
v 1.670721 0.156000 -0.906977
v 1.677281 0.156000 -0.917681
v 1.682085 0.156000 -0.929279
v 1.685015 0.156000 -0.941485
v 1.697500 0.146000 -1.612500
v 1.696454 0.146000 -1.625797
v 1.693340 0.146000 -1.638766
v 1.688236 0.146000 -1.651089
v 1.681266 0.146000 -1.662462
v 1.672604 0.146000 -1.672604
v 1.662462 0.146000 -1.681266
v 1.651089 0.146000 -1.688236
v 1.638766 0.146000 -1.693340
v 1.625797 0.146000 -1.696454
v 0.947500 0.146000 -1.697500
v 0.934203 0.146000 -1.696454
v 0.921234 0.146000 -1.693340
v 0.908911 0.146000 -1.688236
v 0.897538 0.146000 -1.681266
v 0.887396 0.146000 -1.672604
v 0.878734 0.146000 -1.662462
v 0.871764 0.146000 -1.651089
v 0.866660 0.146000 -1.638766
v 0.863546 0.146000 -1.625797
v 0.862500 0.146000 -0.947500
v 0.863546 0.146000 -0.934203
v 0.866660 0.146000 -0.921234
v 0.871764 0.146000 -0.908911
v 0.878734 0.146000 -0.897538
v 0.887396 0.146000 -0.887396
v 0.897538 0.146000 -0.878734
v 0.908911 0.146000 -0.871764
v 0.921234 0.146000 -0.866660
v 0.934203 0.146000 -0.863546
v 1.612500 0.146000 -0.862500
v 1.625797 0.146000 -0.863546
v 1.638766 0.146000 -0.866660
v 1.651089 0.146000 -0.871764
v 1.662462 0.146000 -0.878734
v 1.672604 0.146000 -0.887396
v 1.681266 0.146000 -0.897538
v 1.688236 0.146000 -0.908911
v 1.693340 0.146000 -0.921234
v 1.696454 0.146000 -0.934203
v 1.765000 0.146000 -1.662000
v 1.763732 0.146000 -1.678113
v 1.759959 0.146000 -1.693829
v 1.753774 0.146000 -1.708761
v 1.745329 0.146000 -1.722542
v 1.734832 0.146000 -1.734832
v 1.722542 0.146000 -1.745329
v 1.708761 0.146000 -1.753774
v 1.693829 0.146000 -1.759959
v 1.678113 0.146000 -1.763732
v 0.898000 0.146000 -1.765000
v 0.881887 0.146000 -1.763732
v 0.866171 0.146000 -1.759959
v 0.851239 0.146000 -1.753774
v 0.837458 0.146000 -1.745329
v 0.825168 0.146000 -1.734832
v 0.814671 0.146000 -1.722542
v 0.806226 0.146000 -1.708761
v 0.800041 0.146000 -1.693829
v 0.796268 0.146000 -1.678113
v 0.795000 0.146000 -0.898000
v 0.796268 0.146000 -0.881887
v 0.800041 0.146000 -0.866171
v 0.806226 0.146000 -0.851239
v 0.814671 0.146000 -0.837458
v 0.825168 0.146000 -0.825168
v 0.837458 0.146000 -0.814671
v 0.851239 0.146000 -0.806226
v 0.866171 0.146000 -0.800041
v 0.881887 0.146000 -0.796268
v 1.662000 0.146000 -0.795000
v 1.678113 0.146000 -0.796268
v 1.693829 0.146000 -0.800041
v 1.708761 0.146000 -0.806226
v 1.722542 0.146000 -0.814671
v 1.734832 0.146000 -0.825168
v 1.745329 0.146000 -0.837458
v 1.753774 0.146000 -0.851239
v 1.759959 0.146000 -0.866171
v 1.763732 0.146000 -0.881887
f 3681 3682 3722
f 3681 3722 3721
f 3682 3683 3723
f 3682 3723 3722
f 3683 3684 3724
f 3683 3724 3723
f 3684 3685 3725
f 3684 3725 3724
f 3685 3686 3726
f 3685 3726 3725
f 3686 3687 3727
f 3686 3727 3726
f 3687 3688 3728
f 3687 3728 3727
f 3688 3689 3729
f 3688 3729 3728
f 3689 3690 3730
f 3689 3730 3729
f 3690 3691 3731
f 3690 3731 3730
f 3691 3692 3732
f 3691 3732 3731
f 3692 3693 3733
f 3692 3733 3732
f 3693 3694 3734
f 3693 3734 3733
f 3694 3695 3735
f 3694 3735 3734
f 3695 3696 3736
f 3695 3736 3735
f 3696 3697 3737
f 3696 3737 3736
f 3697 3698 3738
f 3697 3738 3737
f 3698 3699 3739
f 3698 3739 3738
f 3699 3700 3740
f 3699 3740 3739
f 3700 3701 3741
f 3700 3741 3740
f 3701 3702 3742
f 3701 3742 3741
f 3702 3703 3743
f 3702 3743 3742
f 3703 3704 3744
f 3703 3744 3743
f 3704 3705 3745
f 3704 3745 3744
f 3705 3706 3746
f 3705 3746 3745
f 3706 3707 3747
f 3706 3747 3746
f 3707 3708 3748
f 3707 3748 3747
f 3708 3709 3749
f 3708 3749 3748
f 3709 3710 3750
f 3709 3750 3749
f 3710 3711 3751
f 3710 3751 3750
f 3711 3712 3752
f 3711 3752 3751
f 3712 3713 3753
f 3712 3753 3752
f 3713 3714 3754
f 3713 3754 3753
f 3714 3715 3755
f 3714 3755 3754
f 3715 3716 3756
f 3715 3756 3755
f 3716 3717 3757
f 3716 3757 3756
f 3717 3718 3758
f 3717 3758 3757
f 3718 3719 3759
f 3718 3759 3758
f 3719 3720 3760
f 3719 3760 3759
f 3720 3681 3721
f 3720 3721 3760
f 3721 3722 3762
f 3721 3762 3761
f 3722 3723 3763
f 3722 3763 3762
f 3723 3724 3764
f 3723 3764 3763
f 3724 3725 3765
f 3724 3765 3764
f 3725 3726 3766
f 3725 3766 3765
f 3726 3727 3767
f 3726 3767 3766
f 3727 3728 3768
f 3727 3768 3767
f 3728 3729 3769
f 3728 3769 3768
f 3729 3730 3770
f 3729 3770 3769
f 3730 3731 3771
f 3730 3771 3770
f 3731 3732 3772
f 3731 3772 3771
f 3732 3733 3773
f 3732 3773 3772
f 3733 3734 3774
f 3733 3774 3773
f 3734 3735 3775
f 3734 3775 3774
f 3735 3736 3776
f 3735 3776 3775
f 3736 3737 3777
f 3736 3777 3776
f 3737 3738 3778
f 3737 3778 3777
f 3738 3739 3779
f 3738 3779 3778
f 3739 3740 3780
f 3739 3780 3779
f 3740 3741 3781
f 3740 3781 3780
f 3741 3742 3782
f 3741 3782 3781
f 3742 3743 3783
f 3742 3783 3782
f 3743 3744 3784
f 3743 3784 3783
f 3744 3745 3785
f 3744 3785 3784
f 3745 3746 3786
f 3745 3786 3785
f 3746 3747 3787
f 3746 3787 3786
f 3747 3748 3788
f 3747 3788 3787
f 3748 3749 3789
f 3748 3789 3788
f 3749 3750 3790
f 3749 3790 3789
f 3750 3751 3791
f 3750 3791 3790
f 3751 3752 3792
f 3751 3792 3791
f 3752 3753 3793
f 3752 3793 3792
f 3753 3754 3794
f 3753 3794 3793
f 3754 3755 3795
f 3754 3795 3794
f 3755 3756 3796
f 3755 3796 3795
f 3756 3757 3797
f 3756 3797 3796
f 3757 3758 3798
f 3757 3798 3797
f 3758 3759 3799
f 3758 3799 3798
f 3759 3760 3800
f 3759 3800 3799
f 3760 3721 3761
f 3760 3761 3800
f 3761 3762 3802
f 3761 3802 3801
f 3762 3763 3803
f 3762 3803 3802
f 3763 3764 3804
f 3763 3804 3803
f 3764 3765 3805
f 3764 3805 3804
f 3765 3766 3806
f 3765 3806 3805
f 3766 3767 3807
f 3766 3807 3806
f 3767 3768 3808
f 3767 3808 3807
f 3768 3769 3809
f 3768 3809 3808
f 3769 3770 3810
f 3769 3810 3809
f 3770 3771 3811
f 3770 3811 3810
f 3771 3772 3812
f 3771 3812 3811
f 3772 3773 3813
f 3772 3813 3812
f 3773 3774 3814
f 3773 3814 3813
f 3774 3775 3815
f 3774 3815 3814
f 3775 3776 3816
f 3775 3816 3815
f 3776 3777 3817
f 3776 3817 3816
f 3777 3778 3818
f 3777 3818 3817
f 3778 3779 3819
f 3778 3819 3818
f 3779 3780 3820
f 3779 3820 3819
f 3780 3781 3821
f 3780 3821 3820
f 3781 3782 3822
f 3781 3822 3821
f 3782 3783 3823
f 3782 3823 3822
f 3783 3784 3824
f 3783 3824 3823
f 3784 3785 3825
f 3784 3825 3824
f 3785 3786 3826
f 3785 3826 3825
f 3786 3787 3827
f 3786 3827 3826
f 3787 3788 3828
f 3787 3828 3827
f 3788 3789 3829
f 3788 3829 3828
f 3789 3790 3830
f 3789 3830 3829
f 3790 3791 3831
f 3790 3831 3830
f 3791 3792 3832
f 3791 3832 3831
f 3792 3793 3833
f 3792 3833 3832
f 3793 3794 3834
f 3793 3834 3833
f 3794 3795 3835
f 3794 3835 3834
f 3795 3796 3836
f 3795 3836 3835
f 3796 3797 3837
f 3796 3837 3836
f 3797 3798 3838
f 3797 3838 3837
f 3798 3799 3839
f 3798 3839 3838
f 3799 3800 3840
f 3799 3840 3839
f 3800 3761 3801
f 3800 3801 3840
f 3801 3802 3842
f 3801 3842 3841
f 3802 3803 3843
f 3802 3843 3842
f 3803 3804 3844
f 3803 3844 3843
f 3804 3805 3845
f 3804 3845 3844
f 3805 3806 3846
f 3805 3846 3845
f 3806 3807 3847
f 3806 3847 3846
f 3807 3808 3848
f 3807 3848 3847
f 3808 3809 3849
f 3808 3849 3848
f 3809 3810 3850
f 3809 3850 3849
f 3810 3811 3851
f 3810 3851 3850
f 3811 3812 3852
f 3811 3852 3851
f 3812 3813 3853
f 3812 3853 3852
f 3813 3814 3854
f 3813 3854 3853
f 3814 3815 3855
f 3814 3855 3854
f 3815 3816 3856
f 3815 3856 3855
f 3816 3817 3857
f 3816 3857 3856
f 3817 3818 3858
f 3817 3858 3857
f 3818 3819 3859
f 3818 3859 3858
f 3819 3820 3860
f 3819 3860 3859
f 3820 3821 3861
f 3820 3861 3860
f 3821 3822 3862
f 3821 3862 3861
f 3822 3823 3863
f 3822 3863 3862
f 3823 3824 3864
f 3823 3864 3863
f 3824 3825 3865
f 3824 3865 3864
f 3825 3826 3866
f 3825 3866 3865
f 3826 3827 3867
f 3826 3867 3866
f 3827 3828 3868
f 3827 3868 3867
f 3828 3829 3869
f 3828 3869 3868
f 3829 3830 3870
f 3829 3870 3869
f 3830 3831 3871
f 3830 3871 3870
f 3831 3832 3872
f 3831 3872 3871
f 3832 3833 3873
f 3832 3873 3872
f 3833 3834 3874
f 3833 3874 3873
f 3834 3835 3875
f 3834 3875 3874
f 3835 3836 3876
f 3835 3876 3875
f 3836 3837 3877
f 3836 3877 3876
f 3837 3838 3878
f 3837 3878 3877
f 3838 3839 3879
f 3838 3879 3878
f 3839 3840 3880
f 3839 3880 3879
f 3840 3801 3841
f 3840 3841 3880
f 3841 3842 3882
f 3841 3882 3881
f 3842 3843 3883
f 3842 3883 3882
f 3843 3844 3884
f 3843 3884 3883
f 3844 3845 3885
f 3844 3885 3884
f 3845 3846 3886
f 3845 3886 3885
f 3846 3847 3887
f 3846 3887 3886
f 3847 3848 3888
f 3847 3888 3887
f 3848 3849 3889
f 3848 3889 3888
f 3849 3850 3890
f 3849 3890 3889
f 3850 3851 3891
f 3850 3891 3890
f 3851 3852 3892
f 3851 3892 3891
f 3852 3853 3893
f 3852 3893 3892
f 3853 3854 3894
f 3853 3894 3893
f 3854 3855 3895
f 3854 3895 3894
f 3855 3856 3896
f 3855 3896 3895
f 3856 3857 3897
f 3856 3897 3896
f 3857 3858 3898
f 3857 3898 3897
f 3858 3859 3899
f 3858 3899 3898
f 3859 3860 3900
f 3859 3900 3899
f 3860 3861 3901
f 3860 3901 3900
f 3861 3862 3902
f 3861 3902 3901
f 3862 3863 3903
f 3862 3903 3902
f 3863 3864 3904
f 3863 3904 3903
f 3864 3865 3905
f 3864 3905 3904
f 3865 3866 3906
f 3865 3906 3905
f 3866 3867 3907
f 3866 3907 3906
f 3867 3868 3908
f 3867 3908 3907
f 3868 3869 3909
f 3868 3909 3908
f 3869 3870 3910
f 3869 3910 3909
f 3870 3871 3911
f 3870 3911 3910
f 3871 3872 3912
f 3871 3912 3911
f 3872 3873 3913
f 3872 3913 3912
f 3873 3874 3914
f 3873 3914 3913
f 3874 3875 3915
f 3874 3915 3914
f 3875 3876 3916
f 3875 3916 3915
f 3876 3877 3917
f 3876 3917 3916
f 3877 3878 3918
f 3877 3918 3917
f 3878 3879 3919
f 3878 3919 3918
f 3879 3880 3920
f 3879 3920 3919
f 3880 3841 3881
f 3880 3881 3920
f 3881 3882 3922
f 3881 3922 3921
f 3882 3883 3923
f 3882 3923 3922
f 3883 3884 3924
f 3883 3924 3923
f 3884 3885 3925
f 3884 3925 3924
f 3885 3886 3926
f 3885 3926 3925
f 3886 3887 3927
f 3886 3927 3926
f 3887 3888 3928
f 3887 3928 3927
f 3888 3889 3929
f 3888 3929 3928
f 3889 3890 3930
f 3889 3930 3929
f 3890 3891 3931
f 3890 3931 3930
f 3891 3892 3932
f 3891 3932 3931
f 3892 3893 3933
f 3892 3933 3932
f 3893 3894 3934
f 3893 3934 3933
f 3894 3895 3935
f 3894 3935 3934
f 3895 3896 3936
f 3895 3936 3935
f 3896 3897 3937
f 3896 3937 3936
f 3897 3898 3938
f 3897 3938 3937
f 3898 3899 3939
f 3898 3939 3938
f 3899 3900 3940
f 3899 3940 3939
f 3900 3901 3941
f 3900 3941 3940
f 3901 3902 3942
f 3901 3942 3941
f 3902 3903 3943
f 3902 3943 3942
f 3903 3904 3944
f 3903 3944 3943
f 3904 3905 3945
f 3904 3945 3944
f 3905 3906 3946
f 3905 3946 3945
f 3906 3907 3947
f 3906 3947 3946
f 3907 3908 3948
f 3907 3948 3947
f 3908 3909 3949
f 3908 3949 3948
f 3909 3910 3950
f 3909 3950 3949
f 3910 3911 3951
f 3910 3951 3950
f 3911 3912 3952
f 3911 3952 3951
f 3912 3913 3953
f 3912 3953 3952
f 3913 3914 3954
f 3913 3954 3953
f 3914 3915 3955
f 3914 3955 3954
f 3915 3916 3956
f 3915 3956 3955
f 3916 3917 3957
f 3916 3957 3956
f 3917 3918 3958
f 3917 3958 3957
f 3918 3919 3959
f 3918 3959 3958
f 3919 3920 3960
f 3919 3960 3959
f 3920 3881 3921
f 3920 3921 3960
f 3921 3922 3962
f 3921 3962 3961
f 3922 3923 3963
f 3922 3963 3962
f 3923 3924 3964
f 3923 3964 3963
f 3924 3925 3965
f 3924 3965 3964
f 3925 3926 3966
f 3925 3966 3965
f 3926 3927 3967
f 3926 3967 3966
f 3927 3928 3968
f 3927 3968 3967
f 3928 3929 3969
f 3928 3969 3968
f 3929 3930 3970
f 3929 3970 3969
f 3930 3931 3971
f 3930 3971 3970
f 3931 3932 3972
f 3931 3972 3971
f 3932 3933 3973
f 3932 3973 3972
f 3933 3934 3974
f 3933 3974 3973
f 3934 3935 3975
f 3934 3975 3974
f 3935 3936 3976
f 3935 3976 3975
f 3936 3937 3977
f 3936 3977 3976
f 3937 3938 3978
f 3937 3978 3977
f 3938 3939 3979
f 3938 3979 3978
f 3939 3940 3980
f 3939 3980 3979
f 3940 3941 3981
f 3940 3981 3980
f 3941 3942 3982
f 3941 3982 3981
f 3942 3943 3983
f 3942 3983 3982
f 3943 3944 3984
f 3943 3984 3983
f 3944 3945 3985
f 3944 3985 3984
f 3945 3946 3986
f 3945 3986 3985
f 3946 3947 3987
f 3946 3987 3986
f 3947 3948 3988
f 3947 3988 3987
f 3948 3949 3989
f 3948 3989 3988
f 3949 3950 3990
f 3949 3990 3989
f 3950 3951 3991
f 3950 3991 3990
f 3951 3952 3992
f 3951 3992 3991
f 3952 3953 3993
f 3952 3993 3992
f 3953 3954 3994
f 3953 3994 3993
f 3954 3955 3995
f 3954 3995 3994
f 3955 3956 3996
f 3955 3996 3995
f 3956 3957 3997
f 3956 3997 3996
f 3957 3958 3998
f 3957 3998 3997
f 3958 3959 3999
f 3958 3999 3998
f 3959 3960 4000
f 3959 4000 3999
f 3960 3921 3961
f 3960 3961 4000
f 3961 3962 4002
f 3961 4002 4001
f 3962 3963 4003
f 3962 4003 4002
f 3963 3964 4004
f 3963 4004 4003
f 3964 3965 4005
f 3964 4005 4004
f 3965 3966 4006
f 3965 4006 4005
f 3966 3967 4007
f 3966 4007 4006
f 3967 3968 4008
f 3967 4008 4007
f 3968 3969 4009
f 3968 4009 4008
f 3969 3970 4010
f 3969 4010 4009
f 3970 3971 4011
f 3970 4011 4010
f 3971 3972 4012
f 3971 4012 4011
f 3972 3973 4013
f 3972 4013 4012
f 3973 3974 4014
f 3973 4014 4013
f 3974 3975 4015
f 3974 4015 4014
f 3975 3976 4016
f 3975 4016 4015
f 3976 3977 4017
f 3976 4017 4016
f 3977 3978 4018
f 3977 4018 4017
f 3978 3979 4019
f 3978 4019 4018
f 3979 3980 4020
f 3979 4020 4019
f 3980 3981 4021
f 3980 4021 4020
f 3981 3982 4022
f 3981 4022 4021
f 3982 3983 4023
f 3982 4023 4022
f 3983 3984 4024
f 3983 4024 4023
f 3984 3985 4025
f 3984 4025 4024
f 3985 3986 4026
f 3985 4026 4025
f 3986 3987 4027
f 3986 4027 4026
f 3987 3988 4028
f 3987 4028 4027
f 3988 3989 4029
f 3988 4029 4028
f 3989 3990 4030
f 3989 4030 4029
f 3990 3991 4031
f 3990 4031 4030
f 3991 3992 4032
f 3991 4032 4031
f 3992 3993 4033
f 3992 4033 4032
f 3993 3994 4034
f 3993 4034 4033
f 3994 3995 4035
f 3994 4035 4034
f 3995 3996 4036
f 3995 4036 4035
f 3996 3997 4037
f 3996 4037 4036
f 3997 3998 4038
f 3997 4038 4037
f 3998 3999 4039
f 3998 4039 4038
f 3999 4000 4040
f 3999 4040 4039
f 4000 3961 4001
f 4000 4001 4040
f 4001 4002 4042
f 4001 4042 4041
f 4002 4003 4043
f 4002 4043 4042
f 4003 4004 4044
f 4003 4044 4043
f 4004 4005 4045
f 4004 4045 4044
f 4005 4006 4046
f 4005 4046 4045
f 4006 4007 4047
f 4006 4047 4046
f 4007 4008 4048
f 4007 4048 4047
f 4008 4009 4049
f 4008 4049 4048
f 4009 4010 4050
f 4009 4050 4049
f 4010 4011 4051
f 4010 4051 4050
f 4011 4012 4052
f 4011 4052 4051
f 4012 4013 4053
f 4012 4053 4052
f 4013 4014 4054
f 4013 4054 4053
f 4014 4015 4055
f 4014 4055 4054
f 4015 4016 4056
f 4015 4056 4055
f 4016 4017 4057
f 4016 4057 4056
f 4017 4018 4058
f 4017 4058 4057
f 4018 4019 4059
f 4018 4059 4058
f 4019 4020 4060
f 4019 4060 4059
f 4020 4021 4061
f 4020 4061 4060
f 4021 4022 4062
f 4021 4062 4061
f 4022 4023 4063
f 4022 4063 4062
f 4023 4024 4064
f 4023 4064 4063
f 4024 4025 4065
f 4024 4065 4064
f 4025 4026 4066
f 4025 4066 4065
f 4026 4027 4067
f 4026 4067 4066
f 4027 4028 4068
f 4027 4068 4067
f 4028 4029 4069
f 4028 4069 4068
f 4029 4030 4070
f 4029 4070 4069
f 4030 4031 4071
f 4030 4071 4070
f 4031 4032 4072
f 4031 4072 4071
f 4032 4033 4073
f 4032 4073 4072
f 4033 4034 4074
f 4033 4074 4073
f 4034 4035 4075
f 4034 4075 4074
f 4035 4036 4076
f 4035 4076 4075
f 4036 4037 4077
f 4036 4077 4076
f 4037 4038 4078
f 4037 4078 4077
f 4038 4039 4079
f 4038 4079 4078
f 4039 4040 4080
f 4039 4080 4079
f 4040 4001 4041
f 4040 4041 4080
f 4041 4042 3682
f 4041 3682 3681
f 4042 4043 3683
f 4042 3683 3682
f 4043 4044 3684
f 4043 3684 3683
f 4044 4045 3685
f 4044 3685 3684
f 4045 4046 3686
f 4045 3686 3685
f 4046 4047 3687
f 4046 3687 3686
f 4047 4048 3688
f 4047 3688 3687
f 4048 4049 3689
f 4048 3689 3688
f 4049 4050 3690
f 4049 3690 3689
f 4050 4051 3691
f 4050 3691 3690
f 4051 4052 3692
f 4051 3692 3691
f 4052 4053 3693
f 4052 3693 3692
f 4053 4054 3694
f 4053 3694 3693
f 4054 4055 3695
f 4054 3695 3694
f 4055 4056 3696
f 4055 3696 3695
f 4056 4057 3697
f 4056 3697 3696
f 4057 4058 3698
f 4057 3698 3697
f 4058 4059 3699
f 4058 3699 3698
f 4059 4060 3700
f 4059 3700 3699
f 4060 4061 3701
f 4060 3701 3700
f 4061 4062 3702
f 4061 3702 3701
f 4062 4063 3703
f 4062 3703 3702
f 4063 4064 3704
f 4063 3704 3703
f 4064 4065 3705
f 4064 3705 3704
f 4065 4066 3706
f 4065 3706 3705
f 4066 4067 3707
f 4066 3707 3706
f 4067 4068 3708
f 4067 3708 3707
f 4068 4069 3709
f 4068 3709 3708
f 4069 4070 3710
f 4069 3710 3709
f 4070 4071 3711
f 4070 3711 3710
f 4071 4072 3712
f 4071 3712 3711
f 4072 4073 3713
f 4072 3713 3712
f 4073 4074 3714
f 4073 3714 3713
f 4074 4075 3715
f 4074 3715 3714
f 4075 4076 3716
f 4075 3716 3715
f 4076 4077 3717
f 4076 3717 3716
f 4077 4078 3718
f 4077 3718 3717
f 4078 4079 3719
f 4078 3719 3718
f 4079 4080 3720
f 4079 3720 3719
f 4080 4041 3681
f 4080 3681 3720
o boar_head
usemtl boar_relief
v 1.084412 0.163000 -1.246744
v 1.128036 0.163000 -1.190280
v 1.184039 0.163000 -1.151268
v 1.247623 0.163000 -1.129147
v 1.313765 0.163000 -1.123460
v 1.377299 0.163000 -1.133654
v 1.433069 0.163000 -1.159003
v 1.476169 0.163000 -1.198660
v 1.502804 0.163000 -1.253495
v 1.519793 0.163000 -1.288477
v 1.531568 0.163000 -1.321127
v 1.539160 0.163000 -1.352936
v 1.543398 0.163000 -1.385098
v 1.545072 0.163000 -1.418774
v 1.544963 0.163000 -1.455064
v 1.543869 0.163000 -1.495017
v 1.542605 0.163000 -1.539660
v 1.542170 0.163000 -1.575788
v 1.420968 0.163000 -1.501202
v 1.392079 0.163000 -1.511181
v 1.363083 0.163000 -1.517675
v 1.331053 0.163000 -1.522035
v 1.297218 0.163000 -1.524222
v 1.262782 0.163000 -1.524222
v 1.228947 0.163000 -1.522035
v 1.196917 0.163000 -1.517675
v 1.167921 0.163000 -1.511181
v 1.139032 0.163000 -1.501202
v 1.017761 0.163000 -1.575831
v 1.017724 0.163000 -1.573677
v 1.017287 0.163000 -1.552383
v 1.017259 0.163000 -1.526793
v 1.018209 0.163000 -1.497601
v 1.020702 0.163000 -1.465535
v 1.025300 0.163000 -1.431334
v 1.032562 0.163000 -1.395741
v 1.043041 0.163000 -1.359496
v 1.057495 0.163000 -1.322801
v 1.079382 0.165344 -1.244003
v 1.124090 0.165344 -1.186135
v 1.181445 0.165344 -1.146182
v 1.246433 0.165344 -1.123572
v 1.313974 0.165344 -1.117765
v 1.378947 0.165344 -1.128190
v 1.436233 0.165344 -1.154228
v 1.480788 0.165344 -1.195224
v 1.507892 0.165344 -1.251024
v 1.525011 0.165344 -1.286276
v 1.536996 0.165344 -1.319506
v 1.544729 0.165344 -1.351908
v 1.549035 0.165344 -1.384588
v 1.550729 0.165344 -1.418642
v 1.550619 0.165344 -1.455150
v 1.549522 0.165344 -1.495175
v 1.548260 0.165344 -1.539774
v 1.547706 0.165344 -1.585836
v 1.420283 0.165344 -1.507422
v 1.393625 0.165344 -1.516630
v 1.364084 0.165344 -1.523246
v 1.331618 0.165344 -1.527666
v 1.297400 0.165344 -1.529878
v 1.262600 0.165344 -1.529878
v 1.228382 0.165344 -1.527666
v 1.195916 0.165344 -1.523246
v 1.166375 0.165344 -1.516630
v 1.139717 0.165344 -1.507422
v 1.012274 0.165344 -1.585848
v 1.012069 0.165344 -1.573783
v 1.011631 0.165344 -1.552444
v 1.011603 0.165344 -1.526704
v 1.012561 0.165344 -1.497290
v 1.015075 0.165344 -1.464939
v 1.019720 0.165344 -1.430391
v 1.027065 0.165344 -1.394388
v 1.037681 0.165344 -1.357670
v 1.052196 0.165344 -1.320821
v 1.077298 0.171000 -1.242867
v 1.122455 0.171000 -1.184417
v 1.180370 0.171000 -1.144074
v 1.245940 0.171000 -1.121262
v 1.314060 0.171000 -1.115405
v 1.379630 0.171000 -1.125926
v 1.437545 0.171000 -1.152250
v 1.482702 0.171000 -1.193800
v 1.510000 0.171000 -1.250000
v 1.527174 0.171000 -1.285364
v 1.539246 0.171000 -1.318834
v 1.547037 0.171000 -1.351481
v 1.551372 0.171000 -1.384376
v 1.553073 0.171000 -1.418587
v 1.552963 0.171000 -1.455185
v 1.551866 0.171000 -1.495240
v 1.550604 0.171000 -1.539822
v 1.550000 0.171000 -1.590000
v 1.420000 0.171000 -1.510000
v 1.394266 0.171000 -1.518889
v 1.364499 0.171000 -1.525556
v 1.331852 0.171000 -1.530000
v 1.297476 0.171000 -1.532222
v 1.262524 0.171000 -1.532222
v 1.228148 0.171000 -1.530000
v 1.195501 0.171000 -1.525556
v 1.165734 0.171000 -1.518889
v 1.140000 0.171000 -1.510000
v 1.010000 0.171000 -1.590000
v 1.009726 0.171000 -1.573827
v 1.009287 0.171000 -1.552469
v 1.009259 0.171000 -1.526667
v 1.010219 0.171000 -1.497160
v 1.012743 0.171000 -1.464691
v 1.017407 0.171000 -1.430000
v 1.024787 0.171000 -1.393827
v 1.035460 0.171000 -1.356914
v 1.050000 0.171000 -1.320000
v 1.077298 0.221000 -1.242867
v 1.122455 0.221000 -1.184417
v 1.180370 0.221000 -1.144074
v 1.245940 0.221000 -1.121262
v 1.314060 0.221000 -1.115405
v 1.379630 0.221000 -1.125926
v 1.437545 0.221000 -1.152250
v 1.482702 0.221000 -1.193800
v 1.510000 0.221000 -1.250000
v 1.527174 0.221000 -1.285364
v 1.539246 0.221000 -1.318834
v 1.547037 0.221000 -1.351481
v 1.551372 0.221000 -1.384376
v 1.553073 0.221000 -1.418587
v 1.552963 0.221000 -1.455185
v 1.551866 0.221000 -1.495240
v 1.550604 0.221000 -1.539822
v 1.550000 0.221000 -1.590000
v 1.420000 0.221000 -1.510000
v 1.394266 0.221000 -1.518889
v 1.364499 0.221000 -1.525556
v 1.331852 0.221000 -1.530000
v 1.297476 0.221000 -1.532222
v 1.262524 0.221000 -1.532222
v 1.228148 0.221000 -1.530000
v 1.195501 0.221000 -1.525556
v 1.165734 0.221000 -1.518889
v 1.140000 0.221000 -1.510000
v 1.010000 0.221000 -1.590000
v 1.009726 0.221000 -1.573827
v 1.009287 0.221000 -1.552469
v 1.009259 0.221000 -1.526667
v 1.010219 0.221000 -1.497160
v 1.012743 0.221000 -1.464691
v 1.017407 0.221000 -1.430000
v 1.024787 0.221000 -1.393827
v 1.035460 0.221000 -1.356914
v 1.050000 0.221000 -1.320000
v 1.079382 0.226656 -1.244003
v 1.124090 0.226656 -1.186135
v 1.181445 0.226656 -1.146182
v 1.246433 0.226656 -1.123572
v 1.313974 0.226656 -1.117765
v 1.378947 0.226656 -1.128190
v 1.436233 0.226656 -1.154228
v 1.480788 0.226656 -1.195224
v 1.507892 0.226656 -1.251024
v 1.525011 0.226656 -1.286276
v 1.536996 0.226656 -1.319506
v 1.544729 0.226656 -1.351908
v 1.549035 0.226656 -1.384588
v 1.550729 0.226656 -1.418642
v 1.550619 0.226656 -1.455150
v 1.549522 0.226656 -1.495175
v 1.548260 0.226656 -1.539774
v 1.547706 0.226656 -1.585836
v 1.420283 0.226656 -1.507422
v 1.393625 0.226656 -1.516630
v 1.364084 0.226656 -1.523246
v 1.331618 0.226656 -1.527666
v 1.297400 0.226656 -1.529878
v 1.262600 0.226656 -1.529878
v 1.228382 0.226656 -1.527666
v 1.195916 0.226656 -1.523246
v 1.166375 0.226656 -1.516630
v 1.139717 0.226656 -1.507422
v 1.012274 0.226656 -1.585848
v 1.012069 0.226656 -1.573783
v 1.011631 0.226656 -1.552444
v 1.011603 0.226656 -1.526704
v 1.012561 0.226656 -1.497290
v 1.015075 0.226656 -1.464939
v 1.019720 0.226656 -1.430391
v 1.027065 0.226656 -1.394388
v 1.037681 0.226656 -1.357670
v 1.052196 0.226656 -1.320821
v 1.084412 0.229000 -1.246744
v 1.128036 0.229000 -1.190280
v 1.184039 0.229000 -1.151268
v 1.247623 0.229000 -1.129147
v 1.313765 0.229000 -1.123460
v 1.377299 0.229000 -1.133654
v 1.433069 0.229000 -1.159003
v 1.476169 0.229000 -1.198660
v 1.502804 0.229000 -1.253495
v 1.519793 0.229000 -1.288477
v 1.531568 0.229000 -1.321127
v 1.539160 0.229000 -1.352936
v 1.543398 0.229000 -1.385098
v 1.545072 0.229000 -1.418774
v 1.544963 0.229000 -1.455064
v 1.543869 0.229000 -1.495017
v 1.542605 0.229000 -1.539660
v 1.542170 0.229000 -1.575788
v 1.420968 0.229000 -1.501202
v 1.392079 0.229000 -1.511181
v 1.363083 0.229000 -1.517675
v 1.331053 0.229000 -1.522035
v 1.297218 0.229000 -1.524222
v 1.262782 0.229000 -1.524222
v 1.228947 0.229000 -1.522035
v 1.196917 0.229000 -1.517675
v 1.167921 0.229000 -1.511181
v 1.139032 0.229000 -1.501202
v 1.017761 0.229000 -1.575831
v 1.017724 0.229000 -1.573677
v 1.017287 0.229000 -1.552383
v 1.017259 0.229000 -1.526793
v 1.018209 0.229000 -1.497601
v 1.020702 0.229000 -1.465535
v 1.025300 0.229000 -1.431334
v 1.032562 0.229000 -1.395741
v 1.043041 0.229000 -1.359496
v 1.057495 0.229000 -1.322801
v 1.084412 0.163000 -1.246744
v 1.128036 0.163000 -1.190280
v 1.184039 0.163000 -1.151268
v 1.247623 0.163000 -1.129147
v 1.313765 0.163000 -1.123460
v 1.377299 0.163000 -1.133654
v 1.433069 0.163000 -1.159003
v 1.476169 0.163000 -1.198660
v 1.502804 0.163000 -1.253495
v 1.519793 0.163000 -1.288477
v 1.531568 0.163000 -1.321127
v 1.539160 0.163000 -1.352936
v 1.543398 0.163000 -1.385098
v 1.545072 0.163000 -1.418774
v 1.544963 0.163000 -1.455064
v 1.543869 0.163000 -1.495017
v 1.542605 0.163000 -1.539660
v 1.542170 0.163000 -1.575788
v 1.420968 0.163000 -1.501202
v 1.392079 0.163000 -1.511181
v 1.363083 0.163000 -1.517675
v 1.331053 0.163000 -1.522035
v 1.297218 0.163000 -1.524222
v 1.262782 0.163000 -1.524222
v 1.228947 0.163000 -1.522035
v 1.196917 0.163000 -1.517675
v 1.167921 0.163000 -1.511181
v 1.139032 0.163000 -1.501202
v 1.017761 0.163000 -1.575831
v 1.017724 0.163000 -1.573677
v 1.017287 0.163000 -1.552383
v 1.017259 0.163000 -1.526793
v 1.018209 0.163000 -1.497601
v 1.020702 0.163000 -1.465535
v 1.025300 0.163000 -1.431334
v 1.032562 0.163000 -1.395741
v 1.043041 0.163000 -1.359496
v 1.057495 0.163000 -1.322801
v 1.084412 0.229000 -1.246744
v 1.128036 0.229000 -1.190280
v 1.184039 0.229000 -1.151268
v 1.247623 0.229000 -1.129147
v 1.313765 0.229000 -1.123460
v 1.377299 0.229000 -1.133654
v 1.433069 0.229000 -1.159003
v 1.476169 0.229000 -1.198660
v 1.502804 0.229000 -1.253495
v 1.519793 0.229000 -1.288477
v 1.531568 0.229000 -1.321127
v 1.539160 0.229000 -1.352936
v 1.543398 0.229000 -1.385098
v 1.545072 0.229000 -1.418774
v 1.544963 0.229000 -1.455064
v 1.543869 0.229000 -1.495017
v 1.542605 0.229000 -1.539660
v 1.542170 0.229000 -1.575788
v 1.420968 0.229000 -1.501202
v 1.392079 0.229000 -1.511181
v 1.363083 0.229000 -1.517675
v 1.331053 0.229000 -1.522035
v 1.297218 0.229000 -1.524222
v 1.262782 0.229000 -1.524222
v 1.228947 0.229000 -1.522035
v 1.196917 0.229000 -1.517675
v 1.167921 0.229000 -1.511181
v 1.139032 0.229000 -1.501202
v 1.017761 0.229000 -1.575831
v 1.017724 0.229000 -1.573677
v 1.017287 0.229000 -1.552383
v 1.017259 0.229000 -1.526793
v 1.018209 0.229000 -1.497601
v 1.020702 0.229000 -1.465535
v 1.025300 0.229000 -1.431334
v 1.032562 0.229000 -1.395741
v 1.043041 0.229000 -1.359496
v 1.057495 0.229000 -1.322801
f 4081 4082 4120
f 4081 4120 4119
f 4082 4083 4121
f 4082 4121 4120
f 4083 4084 4122
f 4083 4122 4121
f 4084 4085 4123
f 4084 4123 4122
f 4085 4086 4124
f 4085 4124 4123
f 4086 4087 4125
f 4086 4125 4124
f 4087 4088 4126
f 4087 4126 4125
f 4088 4089 4127
f 4088 4127 4126
f 4089 4090 4128
f 4089 4128 4127
f 4090 4091 4129
f 4090 4129 4128
f 4091 4092 4130
f 4091 4130 4129
f 4092 4093 4131
f 4092 4131 4130
f 4093 4094 4132
f 4093 4132 4131
f 4094 4095 4133
f 4094 4133 4132
f 4095 4096 4134
f 4095 4134 4133
f 4096 4097 4135
f 4096 4135 4134
f 4097 4098 4136
f 4097 4136 4135
f 4098 4099 4137
f 4098 4137 4136
f 4099 4100 4138
f 4099 4138 4137
f 4100 4101 4139
f 4100 4139 4138
f 4101 4102 4140
f 4101 4140 4139
f 4102 4103 4141
f 4102 4141 4140
f 4103 4104 4142
f 4103 4142 4141
f 4104 4105 4143
f 4104 4143 4142
f 4105 4106 4144
f 4105 4144 4143
f 4106 4107 4145
f 4106 4145 4144
f 4107 4108 4146
f 4107 4146 4145
f 4108 4109 4147
f 4108 4147 4146
f 4109 4110 4148
f 4109 4148 4147
f 4110 4111 4149
f 4110 4149 4148
f 4111 4112 4150
f 4111 4150 4149
f 4112 4113 4151
f 4112 4151 4150
f 4113 4114 4152
f 4113 4152 4151
f 4114 4115 4153
f 4114 4153 4152
f 4115 4116 4154
f 4115 4154 4153
f 4116 4117 4155
f 4116 4155 4154
f 4117 4118 4156
f 4117 4156 4155
f 4118 4081 4119
f 4118 4119 4156
f 4119 4120 4158
f 4119 4158 4157
f 4120 4121 4159
f 4120 4159 4158
f 4121 4122 4160
f 4121 4160 4159
f 4122 4123 4161
f 4122 4161 4160
f 4123 4124 4162
f 4123 4162 4161
f 4124 4125 4163
f 4124 4163 4162
f 4125 4126 4164
f 4125 4164 4163
f 4126 4127 4165
f 4126 4165 4164
f 4127 4128 4166
f 4127 4166 4165
f 4128 4129 4167
f 4128 4167 4166
f 4129 4130 4168
f 4129 4168 4167
f 4130 4131 4169
f 4130 4169 4168
f 4131 4132 4170
f 4131 4170 4169
f 4132 4133 4171
f 4132 4171 4170
f 4133 4134 4172
f 4133 4172 4171
f 4134 4135 4173
f 4134 4173 4172
f 4135 4136 4174
f 4135 4174 4173
f 4136 4137 4175
f 4136 4175 4174
f 4137 4138 4176
f 4137 4176 4175
f 4138 4139 4177
f 4138 4177 4176
f 4139 4140 4178
f 4139 4178 4177
f 4140 4141 4179
f 4140 4179 4178
f 4141 4142 4180
f 4141 4180 4179
f 4142 4143 4181
f 4142 4181 4180
f 4143 4144 4182
f 4143 4182 4181
f 4144 4145 4183
f 4144 4183 4182
f 4145 4146 4184
f 4145 4184 4183
f 4146 4147 4185
f 4146 4185 4184
f 4147 4148 4186
f 4147 4186 4185
f 4148 4149 4187
f 4148 4187 4186
f 4149 4150 4188
f 4149 4188 4187
f 4150 4151 4189
f 4150 4189 4188
f 4151 4152 4190
f 4151 4190 4189
f 4152 4153 4191
f 4152 4191 4190
f 4153 4154 4192
f 4153 4192 4191
f 4154 4155 4193
f 4154 4193 4192
f 4155 4156 4194
f 4155 4194 4193
f 4156 4119 4157
f 4156 4157 4194
f 4157 4158 4196
f 4157 4196 4195
f 4158 4159 4197
f 4158 4197 4196
f 4159 4160 4198
f 4159 4198 4197
f 4160 4161 4199
f 4160 4199 4198
f 4161 4162 4200
f 4161 4200 4199
f 4162 4163 4201
f 4162 4201 4200
f 4163 4164 4202
f 4163 4202 4201
f 4164 4165 4203
f 4164 4203 4202
f 4165 4166 4204
f 4165 4204 4203
f 4166 4167 4205
f 4166 4205 4204
f 4167 4168 4206
f 4167 4206 4205
f 4168 4169 4207
f 4168 4207 4206
f 4169 4170 4208
f 4169 4208 4207
f 4170 4171 4209
f 4170 4209 4208
f 4171 4172 4210
f 4171 4210 4209
f 4172 4173 4211
f 4172 4211 4210
f 4173 4174 4212
f 4173 4212 4211
f 4174 4175 4213
f 4174 4213 4212
f 4175 4176 4214
f 4175 4214 4213
f 4176 4177 4215
f 4176 4215 4214
f 4177 4178 4216
f 4177 4216 4215
f 4178 4179 4217
f 4178 4217 4216
f 4179 4180 4218
f 4179 4218 4217
f 4180 4181 4219
f 4180 4219 4218
f 4181 4182 4220
f 4181 4220 4219
f 4182 4183 4221
f 4182 4221 4220
f 4183 4184 4222
f 4183 4222 4221
f 4184 4185 4223
f 4184 4223 4222
f 4185 4186 4224
f 4185 4224 4223
f 4186 4187 4225
f 4186 4225 4224
f 4187 4188 4226
f 4187 4226 4225
f 4188 4189 4227
f 4188 4227 4226
f 4189 4190 4228
f 4189 4228 4227
f 4190 4191 4229
f 4190 4229 4228
f 4191 4192 4230
f 4191 4230 4229
f 4192 4193 4231
f 4192 4231 4230
f 4193 4194 4232
f 4193 4232 4231
f 4194 4157 4195
f 4194 4195 4232
f 4195 4196 4234
f 4195 4234 4233
f 4196 4197 4235
f 4196 4235 4234
f 4197 4198 4236
f 4197 4236 4235
f 4198 4199 4237
f 4198 4237 4236
f 4199 4200 4238
f 4199 4238 4237
f 4200 4201 4239
f 4200 4239 4238
f 4201 4202 4240
f 4201 4240 4239
f 4202 4203 4241
f 4202 4241 4240
f 4203 4204 4242
f 4203 4242 4241
f 4204 4205 4243
f 4204 4243 4242
f 4205 4206 4244
f 4205 4244 4243
f 4206 4207 4245
f 4206 4245 4244
f 4207 4208 4246
f 4207 4246 4245
f 4208 4209 4247
f 4208 4247 4246
f 4209 4210 4248
f 4209 4248 4247
f 4210 4211 4249
f 4210 4249 4248
f 4211 4212 4250
f 4211 4250 4249
f 4212 4213 4251
f 4212 4251 4250
f 4213 4214 4252
f 4213 4252 4251
f 4214 4215 4253
f 4214 4253 4252
f 4215 4216 4254
f 4215 4254 4253
f 4216 4217 4255
f 4216 4255 4254
f 4217 4218 4256
f 4217 4256 4255
f 4218 4219 4257
f 4218 4257 4256
f 4219 4220 4258
f 4219 4258 4257
f 4220 4221 4259
f 4220 4259 4258
f 4221 4222 4260
f 4221 4260 4259
f 4222 4223 4261
f 4222 4261 4260
f 4223 4224 4262
f 4223 4262 4261
f 4224 4225 4263
f 4224 4263 4262
f 4225 4226 4264
f 4225 4264 4263
f 4226 4227 4265
f 4226 4265 4264
f 4227 4228 4266
f 4227 4266 4265
f 4228 4229 4267
f 4228 4267 4266
f 4229 4230 4268
f 4229 4268 4267
f 4230 4231 4269
f 4230 4269 4268
f 4231 4232 4270
f 4231 4270 4269
f 4232 4195 4233
f 4232 4233 4270
f 4233 4234 4272
f 4233 4272 4271
f 4234 4235 4273
f 4234 4273 4272
f 4235 4236 4274
f 4235 4274 4273
f 4236 4237 4275
f 4236 4275 4274
f 4237 4238 4276
f 4237 4276 4275
f 4238 4239 4277
f 4238 4277 4276
f 4239 4240 4278
f 4239 4278 4277
f 4240 4241 4279
f 4240 4279 4278
f 4241 4242 4280
f 4241 4280 4279
f 4242 4243 4281
f 4242 4281 4280
f 4243 4244 4282
f 4243 4282 4281
f 4244 4245 4283
f 4244 4283 4282
f 4245 4246 4284
f 4245 4284 4283
f 4246 4247 4285
f 4246 4285 4284
f 4247 4248 4286
f 4247 4286 4285
f 4248 4249 4287
f 4248 4287 4286
f 4249 4250 4288
f 4249 4288 4287
f 4250 4251 4289
f 4250 4289 4288
f 4251 4252 4290
f 4251 4290 4289
f 4252 4253 4291
f 4252 4291 4290
f 4253 4254 4292
f 4253 4292 4291
f 4254 4255 4293
f 4254 4293 4292
f 4255 4256 4294
f 4255 4294 4293
f 4256 4257 4295
f 4256 4295 4294
f 4257 4258 4296
f 4257 4296 4295
f 4258 4259 4297
f 4258 4297 4296
f 4259 4260 4298
f 4259 4298 4297
f 4260 4261 4299
f 4260 4299 4298
f 4261 4262 4300
f 4261 4300 4299
f 4262 4263 4301
f 4262 4301 4300
f 4263 4264 4302
f 4263 4302 4301
f 4264 4265 4303
f 4264 4303 4302
f 4265 4266 4304
f 4265 4304 4303
f 4266 4267 4305
f 4266 4305 4304
f 4267 4268 4306
f 4267 4306 4305
f 4268 4269 4307
f 4268 4307 4306
f 4269 4270 4308
f 4269 4308 4307
f 4270 4233 4271
f 4270 4271 4308
f 4310 4309 4346
f 4311 4310 4346
f 4312 4311 4346
f 4313 4312 4346
f 4314 4313 4346
f 4315 4314 4346
f 4316 4315 4346
f 4317 4316 4346
f 4318 4317 4346
f 4319 4318 4346
f 4320 4319 4346
f 4321 4320 4346
f 4322 4321 4346
f 4323 4322 4346
f 4324 4323 4346
f 4325 4324 4346
f 4327 4326 4325
f 4327 4325 4346
f 4328 4327 4346
f 4329 4328 4346
f 4330 4329 4346
f 4331 4330 4346
f 4332 4331 4346
f 4333 4332 4346
f 4334 4333 4346
f 4335 4334 4346
f 4336 4335 4346
f 4337 4336 4346
f 4338 4337 4346
f 4339 4338 4346
f 4340 4339 4346
f 4341 4340 4346
f 4342 4341 4346
f 4343 4342 4346
f 4344 4343 4346
f 4346 4345 4344
f 4384 4347 4348
f 4384 4348 4349
f 4384 4349 4350
f 4384 4350 4351
f 4384 4351 4352
f 4384 4352 4353
f 4384 4353 4354
f 4384 4354 4355
f 4384 4355 4356
f 4384 4356 4357
f 4384 4357 4358
f 4384 4358 4359
f 4384 4359 4360
f 4384 4360 4361
f 4384 4361 4362
f 4384 4362 4363
f 4363 4364 4365
f 4384 4363 4365
f 4384 4365 4366
f 4384 4366 4367
f 4384 4367 4368
f 4384 4368 4369
f 4384 4369 4370
f 4384 4370 4371
f 4384 4371 4372
f 4384 4372 4373
f 4384 4373 4374
f 4384 4374 4375
f 4384 4375 4376
f 4384 4376 4377
f 4384 4377 4378
f 4384 4378 4379
f 4384 4379 4380
f 4384 4380 4381
f 4384 4381 4382
f 4382 4383 4384
o boar_tusk_-1
usemtl boar_tusks
v 1.174372 0.226000 -1.206183
v 1.162345 0.226000 -1.208999
v 1.146333 0.226000 -1.214399
v 1.131085 0.226000 -1.222015
v 1.116801 0.226000 -1.232530
v 1.103691 0.226000 -1.246546
v 1.091905 0.226000 -1.264617
v 1.081516 0.226000 -1.287312
v 1.072562 0.226000 -1.315251
v 1.069437 0.226000 -1.337101
v 1.063455 0.226000 -1.312532
v 1.056418 0.226000 -1.278124
v 1.054091 0.226000 -1.245612
v 1.056932 0.226000 -1.215512
v 1.065371 0.226000 -1.188276
v 1.079872 0.226000 -1.164249
v 1.101034 0.226000 -1.143725
v 1.129575 0.226000 -1.127090
v 1.160938 0.226000 -1.116626
v 1.178351 0.227465 -1.208882
v 1.163315 0.227465 -1.212403
v 1.147694 0.227465 -1.217670
v 1.132937 0.227465 -1.225042
v 1.119160 0.227465 -1.235183
v 1.106483 0.227465 -1.248736
v 1.095010 0.227465 -1.266328
v 1.084818 0.227465 -1.288592
v 1.075978 0.227465 -1.316174
v 1.069835 0.227465 -1.346221
v 1.060028 0.227465 -1.313418
v 1.052908 0.227465 -1.278607
v 1.050544 0.227465 -1.245572
v 1.053447 0.227465 -1.214815
v 1.062122 0.227465 -1.186818
v 1.077082 0.227465 -1.162031
v 1.098882 0.227465 -1.140888
v 1.128111 0.227465 -1.123852
v 1.163810 0.227465 -1.111941
v 1.180000 0.231000 -1.210000
v 1.163717 0.231000 -1.213813
v 1.148258 0.231000 -1.219026
v 1.133704 0.231000 -1.226296
v 1.120137 0.231000 -1.236283
v 1.107641 0.231000 -1.249643
v 1.096296 0.231000 -1.267037
v 1.086187 0.231000 -1.289122
v 1.077394 0.231000 -1.316557
v 1.070000 0.231000 -1.350000
v 1.058608 0.231000 -1.313786
v 1.051454 0.231000 -1.278807
v 1.049074 0.231000 -1.245556
v 1.052003 0.231000 -1.214527
v 1.060775 0.231000 -1.186214
v 1.075926 0.231000 -1.161111
v 1.097990 0.231000 -1.139712
v 1.127503 0.231000 -1.122510
v 1.165000 0.231000 -1.110000
v 1.180000 0.257000 -1.210000
v 1.163717 0.257000 -1.213813
v 1.148258 0.257000 -1.219026
v 1.133704 0.257000 -1.226296
v 1.120137 0.257000 -1.236283
v 1.107641 0.257000 -1.249643
v 1.096296 0.257000 -1.267037
v 1.086187 0.257000 -1.289122
v 1.077394 0.257000 -1.316557
v 1.070000 0.257000 -1.350000
v 1.058608 0.257000 -1.313786
v 1.051454 0.257000 -1.278807
v 1.049074 0.257000 -1.245556
v 1.052003 0.257000 -1.214527
v 1.060775 0.257000 -1.186214
v 1.075926 0.257000 -1.161111
v 1.097990 0.257000 -1.139712
v 1.127503 0.257000 -1.122510
v 1.165000 0.257000 -1.110000
v 1.178351 0.260535 -1.208882
v 1.163315 0.260535 -1.212403
v 1.147694 0.260535 -1.217670
v 1.132937 0.260535 -1.225042
v 1.119160 0.260535 -1.235183
v 1.106483 0.260535 -1.248736
v 1.095010 0.260535 -1.266328
v 1.084818 0.260535 -1.288592
v 1.075978 0.260535 -1.316174
v 1.069835 0.260535 -1.346221
v 1.060028 0.260535 -1.313418
v 1.052908 0.260535 -1.278607
v 1.050544 0.260535 -1.245572
v 1.053447 0.260535 -1.214815
v 1.062122 0.260535 -1.186818
v 1.077082 0.260535 -1.162031
v 1.098882 0.260535 -1.140888
v 1.128111 0.260535 -1.123852
v 1.163810 0.260535 -1.111941
v 1.174372 0.262000 -1.206183
v 1.162345 0.262000 -1.208999
v 1.146333 0.262000 -1.214399
v 1.131085 0.262000 -1.222015
v 1.116801 0.262000 -1.232530
v 1.103691 0.262000 -1.246546
v 1.091905 0.262000 -1.264617
v 1.081516 0.262000 -1.287312
v 1.072562 0.262000 -1.315251
v 1.069437 0.262000 -1.337101
v 1.063455 0.262000 -1.312532
v 1.056418 0.262000 -1.278124
v 1.054091 0.262000 -1.245612
v 1.056932 0.262000 -1.215512
v 1.065371 0.262000 -1.188276
v 1.079872 0.262000 -1.164249
v 1.101034 0.262000 -1.143725
v 1.129575 0.262000 -1.127090
v 1.160938 0.262000 -1.116626
v 1.174372 0.226000 -1.206183
v 1.162345 0.226000 -1.208999
v 1.146333 0.226000 -1.214399
v 1.131085 0.226000 -1.222015
v 1.116801 0.226000 -1.232530
v 1.103691 0.226000 -1.246546
v 1.091905 0.226000 -1.264617
v 1.081516 0.226000 -1.287312
v 1.072562 0.226000 -1.315251
v 1.069437 0.226000 -1.337101
v 1.063455 0.226000 -1.312532
v 1.056418 0.226000 -1.278124
v 1.054091 0.226000 -1.245612
v 1.056932 0.226000 -1.215512
v 1.065371 0.226000 -1.188276
v 1.079872 0.226000 -1.164249
v 1.101034 0.226000 -1.143725
v 1.129575 0.226000 -1.127090
v 1.160938 0.226000 -1.116626
v 1.174372 0.262000 -1.206183
v 1.162345 0.262000 -1.208999
v 1.146333 0.262000 -1.214399
v 1.131085 0.262000 -1.222015
v 1.116801 0.262000 -1.232530
v 1.103691 0.262000 -1.246546
v 1.091905 0.262000 -1.264617
v 1.081516 0.262000 -1.287312
v 1.072562 0.262000 -1.315251
v 1.069437 0.262000 -1.337101
v 1.063455 0.262000 -1.312532
v 1.056418 0.262000 -1.278124
v 1.054091 0.262000 -1.245612
v 1.056932 0.262000 -1.215512
v 1.065371 0.262000 -1.188276
v 1.079872 0.262000 -1.164249
v 1.101034 0.262000 -1.143725
v 1.129575 0.262000 -1.127090
v 1.160938 0.262000 -1.116626
f 4385 4386 4405
f 4385 4405 4404
f 4386 4387 4406
f 4386 4406 4405
f 4387 4388 4407
f 4387 4407 4406
f 4388 4389 4408
f 4388 4408 4407
f 4389 4390 4409
f 4389 4409 4408
f 4390 4391 4410
f 4390 4410 4409
f 4391 4392 4411
f 4391 4411 4410
f 4392 4393 4412
f 4392 4412 4411
f 4393 4394 4413
f 4393 4413 4412
f 4394 4395 4414
f 4394 4414 4413
f 4395 4396 4415
f 4395 4415 4414
f 4396 4397 4416
f 4396 4416 4415
f 4397 4398 4417
f 4397 4417 4416
f 4398 4399 4418
f 4398 4418 4417
f 4399 4400 4419
f 4399 4419 4418
f 4400 4401 4420
f 4400 4420 4419
f 4401 4402 4421
f 4401 4421 4420
f 4402 4403 4422
f 4402 4422 4421
f 4403 4385 4404
f 4403 4404 4422
f 4404 4405 4424
f 4404 4424 4423
f 4405 4406 4425
f 4405 4425 4424
f 4406 4407 4426
f 4406 4426 4425
f 4407 4408 4427
f 4407 4427 4426
f 4408 4409 4428
f 4408 4428 4427
f 4409 4410 4429
f 4409 4429 4428
f 4410 4411 4430
f 4410 4430 4429
f 4411 4412 4431
f 4411 4431 4430
f 4412 4413 4432
f 4412 4432 4431
f 4413 4414 4433
f 4413 4433 4432
f 4414 4415 4434
f 4414 4434 4433
f 4415 4416 4435
f 4415 4435 4434
f 4416 4417 4436
f 4416 4436 4435
f 4417 4418 4437
f 4417 4437 4436
f 4418 4419 4438
f 4418 4438 4437
f 4419 4420 4439
f 4419 4439 4438
f 4420 4421 4440
f 4420 4440 4439
f 4421 4422 4441
f 4421 4441 4440
f 4422 4404 4423
f 4422 4423 4441
f 4423 4424 4443
f 4423 4443 4442
f 4424 4425 4444
f 4424 4444 4443
f 4425 4426 4445
f 4425 4445 4444
f 4426 4427 4446
f 4426 4446 4445
f 4427 4428 4447
f 4427 4447 4446
f 4428 4429 4448
f 4428 4448 4447
f 4429 4430 4449
f 4429 4449 4448
f 4430 4431 4450
f 4430 4450 4449
f 4431 4432 4451
f 4431 4451 4450
f 4432 4433 4452
f 4432 4452 4451
f 4433 4434 4453
f 4433 4453 4452
f 4434 4435 4454
f 4434 4454 4453
f 4435 4436 4455
f 4435 4455 4454
f 4436 4437 4456
f 4436 4456 4455
f 4437 4438 4457
f 4437 4457 4456
f 4438 4439 4458
f 4438 4458 4457
f 4439 4440 4459
f 4439 4459 4458
f 4440 4441 4460
f 4440 4460 4459
f 4441 4423 4442
f 4441 4442 4460
f 4442 4443 4462
f 4442 4462 4461
f 4443 4444 4463
f 4443 4463 4462
f 4444 4445 4464
f 4444 4464 4463
f 4445 4446 4465
f 4445 4465 4464
f 4446 4447 4466
f 4446 4466 4465
f 4447 4448 4467
f 4447 4467 4466
f 4448 4449 4468
f 4448 4468 4467
f 4449 4450 4469
f 4449 4469 4468
f 4450 4451 4470
f 4450 4470 4469
f 4451 4452 4471
f 4451 4471 4470
f 4452 4453 4472
f 4452 4472 4471
f 4453 4454 4473
f 4453 4473 4472
f 4454 4455 4474
f 4454 4474 4473
f 4455 4456 4475
f 4455 4475 4474
f 4456 4457 4476
f 4456 4476 4475
f 4457 4458 4477
f 4457 4477 4476
f 4458 4459 4478
f 4458 4478 4477
f 4459 4460 4479
f 4459 4479 4478
f 4460 4442 4461
f 4460 4461 4479
f 4461 4462 4481
f 4461 4481 4480
f 4462 4463 4482
f 4462 4482 4481
f 4463 4464 4483
f 4463 4483 4482
f 4464 4465 4484
f 4464 4484 4483
f 4465 4466 4485
f 4465 4485 4484
f 4466 4467 4486
f 4466 4486 4485
f 4467 4468 4487
f 4467 4487 4486
f 4468 4469 4488
f 4468 4488 4487
f 4469 4470 4489
f 4469 4489 4488
f 4470 4471 4490
f 4470 4490 4489
f 4471 4472 4491
f 4471 4491 4490
f 4472 4473 4492
f 4472 4492 4491
f 4473 4474 4493
f 4473 4493 4492
f 4474 4475 4494
f 4474 4494 4493
f 4475 4476 4495
f 4475 4495 4494
f 4476 4477 4496
f 4476 4496 4495
f 4477 4478 4497
f 4477 4497 4496
f 4478 4479 4498
f 4478 4498 4497
f 4479 4461 4480
f 4479 4480 4498
f 4500 4499 4517
f 4501 4500 4517
f 4502 4501 4517
f 4503 4502 4517
f 4504 4503 4517
f 4505 4504 4517
f 4509 4508 4507
f 4509 4507 4506
f 4509 4506 4505
f 4509 4505 4517
f 4510 4509 4517
f 4511 4510 4517
f 4512 4511 4517
f 4513 4512 4517
f 4514 4513 4517
f 4515 4514 4517
f 4517 4516 4515
f 4536 4518 4519
f 4536 4519 4520
f 4536 4520 4521
f 4536 4521 4522
f 4536 4522 4523
f 4536 4523 4524
f 4526 4527 4528
f 4525 4526 4528
f 4524 4525 4528
f 4536 4524 4528
f 4536 4528 4529
f 4536 4529 4530
f 4536 4530 4531
f 4536 4531 4532
f 4536 4532 4533
f 4536 4533 4534
f 4534 4535 4536
o boar_tusk_1
usemtl boar_tusks
v 1.399062 0.226000 -1.116626
v 1.430425 0.226000 -1.127090
v 1.458966 0.226000 -1.143725
v 1.480128 0.226000 -1.164249
v 1.494629 0.226000 -1.188276
v 1.503068 0.226000 -1.215512
v 1.505909 0.226000 -1.245612
v 1.503582 0.226000 -1.278124
v 1.496545 0.226000 -1.312532
v 1.490563 0.226000 -1.337101
v 1.487438 0.226000 -1.315251
v 1.478484 0.226000 -1.287312
v 1.468095 0.226000 -1.264617
v 1.456309 0.226000 -1.246546
v 1.443199 0.226000 -1.232530
v 1.428915 0.226000 -1.222015
v 1.413667 0.226000 -1.214399
v 1.397655 0.226000 -1.208999
v 1.385628 0.226000 -1.206183
v 1.396190 0.227465 -1.111941
v 1.431889 0.227465 -1.123852
v 1.461118 0.227465 -1.140888
v 1.482918 0.227465 -1.162031
v 1.497878 0.227465 -1.186818
v 1.506553 0.227465 -1.214815
v 1.509456 0.227465 -1.245572
v 1.507092 0.227465 -1.278607
v 1.499972 0.227465 -1.313418
v 1.490165 0.227465 -1.346221
v 1.484022 0.227465 -1.316174
v 1.475182 0.227465 -1.288592
v 1.464990 0.227465 -1.266328
v 1.453517 0.227465 -1.248736
v 1.440840 0.227465 -1.235183
v 1.427063 0.227465 -1.225042
v 1.412306 0.227465 -1.217670
v 1.396685 0.227465 -1.212403
v 1.381649 0.227465 -1.208882
v 1.395000 0.231000 -1.110000
v 1.432497 0.231000 -1.122510
v 1.462010 0.231000 -1.139712
v 1.484074 0.231000 -1.161111
v 1.499225 0.231000 -1.186214
v 1.507997 0.231000 -1.214527
v 1.510926 0.231000 -1.245556
v 1.508546 0.231000 -1.278807
v 1.501392 0.231000 -1.313786
v 1.490000 0.231000 -1.350000
v 1.482606 0.231000 -1.316557
v 1.473813 0.231000 -1.289122
v 1.463704 0.231000 -1.267037
v 1.452359 0.231000 -1.249643
v 1.439863 0.231000 -1.236283
v 1.426296 0.231000 -1.226296
v 1.411742 0.231000 -1.219026
v 1.396283 0.231000 -1.213813
v 1.380000 0.231000 -1.210000
v 1.395000 0.257000 -1.110000
v 1.432497 0.257000 -1.122510
v 1.462010 0.257000 -1.139712
v 1.484074 0.257000 -1.161111
v 1.499225 0.257000 -1.186214
v 1.507997 0.257000 -1.214527
v 1.510926 0.257000 -1.245556
v 1.508546 0.257000 -1.278807
v 1.501392 0.257000 -1.313786
v 1.490000 0.257000 -1.350000
v 1.482606 0.257000 -1.316557
v 1.473813 0.257000 -1.289122
v 1.463704 0.257000 -1.267037
v 1.452359 0.257000 -1.249643
v 1.439863 0.257000 -1.236283
v 1.426296 0.257000 -1.226296
v 1.411742 0.257000 -1.219026
v 1.396283 0.257000 -1.213813
v 1.380000 0.257000 -1.210000
v 1.396190 0.260535 -1.111941
v 1.431889 0.260535 -1.123852
v 1.461118 0.260535 -1.140888
v 1.482918 0.260535 -1.162031
v 1.497878 0.260535 -1.186818
v 1.506553 0.260535 -1.214815
v 1.509456 0.260535 -1.245572
v 1.507092 0.260535 -1.278607
v 1.499972 0.260535 -1.313418
v 1.490165 0.260535 -1.346221
v 1.484022 0.260535 -1.316174
v 1.475182 0.260535 -1.288592
v 1.464990 0.260535 -1.266328
v 1.453517 0.260535 -1.248736
v 1.440840 0.260535 -1.235183
v 1.427063 0.260535 -1.225042
v 1.412306 0.260535 -1.217670
v 1.396685 0.260535 -1.212403
v 1.381649 0.260535 -1.208882
v 1.399062 0.262000 -1.116626
v 1.430425 0.262000 -1.127090
v 1.458966 0.262000 -1.143725
v 1.480128 0.262000 -1.164249
v 1.494629 0.262000 -1.188276
v 1.503068 0.262000 -1.215512
v 1.505909 0.262000 -1.245612
v 1.503582 0.262000 -1.278124
v 1.496545 0.262000 -1.312532
v 1.490563 0.262000 -1.337101
v 1.487438 0.262000 -1.315251
v 1.478484 0.262000 -1.287312
v 1.468095 0.262000 -1.264617
v 1.456309 0.262000 -1.246546
v 1.443199 0.262000 -1.232530
v 1.428915 0.262000 -1.222015
v 1.413667 0.262000 -1.214399
v 1.397655 0.262000 -1.208999
v 1.385628 0.262000 -1.206183
v 1.399062 0.226000 -1.116626
v 1.430425 0.226000 -1.127090
v 1.458966 0.226000 -1.143725
v 1.480128 0.226000 -1.164249
v 1.494629 0.226000 -1.188276
v 1.503068 0.226000 -1.215512
v 1.505909 0.226000 -1.245612
v 1.503582 0.226000 -1.278124
v 1.496545 0.226000 -1.312532
v 1.490563 0.226000 -1.337101
v 1.487438 0.226000 -1.315251
v 1.478484 0.226000 -1.287312
v 1.468095 0.226000 -1.264617
v 1.456309 0.226000 -1.246546
v 1.443199 0.226000 -1.232530
v 1.428915 0.226000 -1.222015
v 1.413667 0.226000 -1.214399
v 1.397655 0.226000 -1.208999
v 1.385628 0.226000 -1.206183
v 1.399062 0.262000 -1.116626
v 1.430425 0.262000 -1.127090
v 1.458966 0.262000 -1.143725
v 1.480128 0.262000 -1.164249
v 1.494629 0.262000 -1.188276
v 1.503068 0.262000 -1.215512
v 1.505909 0.262000 -1.245612
v 1.503582 0.262000 -1.278124
v 1.496545 0.262000 -1.312532
v 1.490563 0.262000 -1.337101
v 1.487438 0.262000 -1.315251
v 1.478484 0.262000 -1.287312
v 1.468095 0.262000 -1.264617
v 1.456309 0.262000 -1.246546
v 1.443199 0.262000 -1.232530
v 1.428915 0.262000 -1.222015
v 1.413667 0.262000 -1.214399
v 1.397655 0.262000 -1.208999
v 1.385628 0.262000 -1.206183
f 4537 4538 4557
f 4537 4557 4556
f 4538 4539 4558
f 4538 4558 4557
f 4539 4540 4559
f 4539 4559 4558
f 4540 4541 4560
f 4540 4560 4559
f 4541 4542 4561
f 4541 4561 4560
f 4542 4543 4562
f 4542 4562 4561
f 4543 4544 4563
f 4543 4563 4562
f 4544 4545 4564
f 4544 4564 4563
f 4545 4546 4565
f 4545 4565 4564
f 4546 4547 4566
f 4546 4566 4565
f 4547 4548 4567
f 4547 4567 4566
f 4548 4549 4568
f 4548 4568 4567
f 4549 4550 4569
f 4549 4569 4568
f 4550 4551 4570
f 4550 4570 4569
f 4551 4552 4571
f 4551 4571 4570
f 4552 4553 4572
f 4552 4572 4571
f 4553 4554 4573
f 4553 4573 4572
f 4554 4555 4574
f 4554 4574 4573
f 4555 4537 4556
f 4555 4556 4574
f 4556 4557 4576
f 4556 4576 4575
f 4557 4558 4577
f 4557 4577 4576
f 4558 4559 4578
f 4558 4578 4577
f 4559 4560 4579
f 4559 4579 4578
f 4560 4561 4580
f 4560 4580 4579
f 4561 4562 4581
f 4561 4581 4580
f 4562 4563 4582
f 4562 4582 4581
f 4563 4564 4583
f 4563 4583 4582
f 4564 4565 4584
f 4564 4584 4583
f 4565 4566 4585
f 4565 4585 4584
f 4566 4567 4586
f 4566 4586 4585
f 4567 4568 4587
f 4567 4587 4586
f 4568 4569 4588
f 4568 4588 4587
f 4569 4570 4589
f 4569 4589 4588
f 4570 4571 4590
f 4570 4590 4589
f 4571 4572 4591
f 4571 4591 4590
f 4572 4573 4592
f 4572 4592 4591
f 4573 4574 4593
f 4573 4593 4592
f 4574 4556 4575
f 4574 4575 4593
f 4575 4576 4595
f 4575 4595 4594
f 4576 4577 4596
f 4576 4596 4595
f 4577 4578 4597
f 4577 4597 4596
f 4578 4579 4598
f 4578 4598 4597
f 4579 4580 4599
f 4579 4599 4598
f 4580 4581 4600
f 4580 4600 4599
f 4581 4582 4601
f 4581 4601 4600
f 4582 4583 4602
f 4582 4602 4601
f 4583 4584 4603
f 4583 4603 4602
f 4584 4585 4604
f 4584 4604 4603
f 4585 4586 4605
f 4585 4605 4604
f 4586 4587 4606
f 4586 4606 4605
f 4587 4588 4607
f 4587 4607 4606
f 4588 4589 4608
f 4588 4608 4607
f 4589 4590 4609
f 4589 4609 4608
f 4590 4591 4610
f 4590 4610 4609
f 4591 4592 4611
f 4591 4611 4610
f 4592 4593 4612
f 4592 4612 4611
f 4593 4575 4594
f 4593 4594 4612
f 4594 4595 4614
f 4594 4614 4613
f 4595 4596 4615
f 4595 4615 4614
f 4596 4597 4616
f 4596 4616 4615
f 4597 4598 4617
f 4597 4617 4616
f 4598 4599 4618
f 4598 4618 4617
f 4599 4600 4619
f 4599 4619 4618
f 4600 4601 4620
f 4600 4620 4619
f 4601 4602 4621
f 4601 4621 4620
f 4602 4603 4622
f 4602 4622 4621
f 4603 4604 4623
f 4603 4623 4622
f 4604 4605 4624
f 4604 4624 4623
f 4605 4606 4625
f 4605 4625 4624
f 4606 4607 4626
f 4606 4626 4625
f 4607 4608 4627
f 4607 4627 4626
f 4608 4609 4628
f 4608 4628 4627
f 4609 4610 4629
f 4609 4629 4628
f 4610 4611 4630
f 4610 4630 4629
f 4611 4612 4631
f 4611 4631 4630
f 4612 4594 4613
f 4612 4613 4631
f 4613 4614 4633
f 4613 4633 4632
f 4614 4615 4634
f 4614 4634 4633
f 4615 4616 4635
f 4615 4635 4634
f 4616 4617 4636
f 4616 4636 4635
f 4617 4618 4637
f 4617 4637 4636
f 4618 4619 4638
f 4618 4638 4637
f 4619 4620 4639
f 4619 4639 4638
f 4620 4621 4640
f 4620 4640 4639
f 4621 4622 4641
f 4621 4641 4640
f 4622 4623 4642
f 4622 4642 4641
f 4623 4624 4643
f 4623 4643 4642
f 4624 4625 4644
f 4624 4644 4643
f 4625 4626 4645
f 4625 4645 4644
f 4626 4627 4646
f 4626 4646 4645
f 4627 4628 4647
f 4627 4647 4646
f 4628 4629 4648
f 4628 4648 4647
f 4629 4630 4649
f 4629 4649 4648
f 4630 4631 4650
f 4630 4650 4649
f 4631 4613 4632
f 4631 4632 4650
f 4652 4651 4669
f 4653 4652 4669
f 4654 4653 4669
f 4655 4654 4669
f 4656 4655 4669
f 4658 4657 4656
f 4659 4658 4656
f 4660 4659 4656
f 4661 4660 4656
f 4662 4661 4656
f 4663 4662 4656
f 4664 4663 4656
f 4665 4664 4656
f 4666 4665 4656
f 4667 4666 4656
f 4668 4667 4656
f 4669 4668 4656
f 4688 4670 4671
f 4688 4671 4672
f 4688 4672 4673
f 4688 4673 4674
f 4688 4674 4675
f 4675 4676 4677
f 4675 4677 4678
f 4675 4678 4679
f 4675 4679 4680
f 4675 4680 4681
f 4675 4681 4682
f 4675 4682 4683
f 4675 4683 4684
f 4675 4684 4685
f 4675 4685 4686
f 4675 4686 4687
f 4675 4687 4688
o boar_snout
usemtl boar_relief
v 1.406971 0.229000 -1.145000
v 1.405931 0.229000 -1.157226
v 1.402817 0.229000 -1.169287
v 1.397652 0.229000 -1.181007
v 1.390489 0.229000 -1.192197
v 1.381415 0.229000 -1.202659
v 1.370561 0.229000 -1.212194
v 1.358098 0.229000 -1.220613
v 1.344238 0.229000 -1.227748
v 1.329223 0.229000 -1.233452
v 1.313318 0.229000 -1.237611
v 1.296811 0.229000 -1.240141
v 1.280000 0.229000 -1.240990
v 1.263189 0.229000 -1.240141
v 1.246682 0.229000 -1.237611
v 1.230777 0.229000 -1.233452
v 1.215762 0.229000 -1.227748
v 1.201902 0.229000 -1.220613
v 1.189439 0.229000 -1.212194
v 1.178585 0.229000 -1.202659
v 1.169511 0.229000 -1.192197
v 1.162348 0.229000 -1.181007
v 1.157183 0.229000 -1.169287
v 1.154069 0.229000 -1.157226
v 1.153029 0.229000 -1.145000
v 1.154069 0.229000 -1.132774
v 1.157183 0.229000 -1.120713
v 1.162348 0.229000 -1.108993
v 1.169511 0.229000 -1.097803
v 1.178585 0.229000 -1.087341
v 1.189439 0.229000 -1.077806
v 1.201902 0.229000 -1.069387
v 1.215762 0.229000 -1.062252
v 1.230777 0.229000 -1.056548
v 1.246682 0.229000 -1.052389
v 1.263189 0.229000 -1.049859
v 1.280000 0.229000 -1.049010
v 1.296811 0.229000 -1.049859
v 1.313318 0.229000 -1.052389
v 1.329223 0.229000 -1.056548
v 1.344238 0.229000 -1.062252
v 1.358098 0.229000 -1.069387
v 1.370561 0.229000 -1.077806
v 1.381415 0.229000 -1.087341
v 1.390489 0.229000 -1.097803
v 1.397652 0.229000 -1.108993
v 1.402817 0.229000 -1.120713
v 1.405931 0.229000 -1.132774
v 1.412648 0.231344 -1.145000
v 1.411526 0.231344 -1.158180
v 1.408178 0.231344 -1.171147
v 1.402652 0.231344 -1.183688
v 1.395031 0.231344 -1.195593
v 1.385436 0.231344 -1.206655
v 1.374024 0.231344 -1.216680
v 1.360986 0.231344 -1.225488
v 1.346544 0.231344 -1.232922
v 1.330947 0.231344 -1.238848
v 1.314465 0.231344 -1.243158
v 1.297384 0.231344 -1.245775
v 1.280000 0.231344 -1.246653
v 1.262616 0.231344 -1.245775
v 1.245535 0.231344 -1.243158
v 1.229053 0.231344 -1.238848
v 1.213456 0.231344 -1.232922
v 1.199014 0.231344 -1.225488
v 1.185976 0.231344 -1.216680
v 1.174564 0.231344 -1.206655
v 1.164969 0.231344 -1.195593
v 1.157348 0.231344 -1.183688
v 1.151822 0.231344 -1.171147
v 1.148474 0.231344 -1.158180
v 1.147352 0.231344 -1.145000
v 1.148474 0.231344 -1.131820
v 1.151822 0.231344 -1.118853
v 1.157348 0.231344 -1.106312
v 1.164969 0.231344 -1.094407
v 1.174564 0.231344 -1.083345
v 1.185976 0.231344 -1.073320
v 1.199014 0.231344 -1.064512
v 1.213456 0.231344 -1.057078
v 1.229053 0.231344 -1.051152
v 1.245535 0.231344 -1.046842
v 1.262616 0.231344 -1.044225
v 1.280000 0.231344 -1.043347
v 1.297384 0.231344 -1.044225
v 1.314465 0.231344 -1.046842
v 1.330947 0.231344 -1.051152
v 1.346544 0.231344 -1.057078
v 1.360986 0.231344 -1.064512
v 1.374024 0.231344 -1.073320
v 1.385436 0.231344 -1.083345
v 1.395031 0.231344 -1.094407
v 1.402652 0.231344 -1.106312
v 1.408178 0.231344 -1.118853
v 1.411526 0.231344 -1.131820
v 1.415000 0.237000 -1.145000
v 1.413845 0.237000 -1.158575
v 1.410400 0.237000 -1.171917
v 1.404724 0.237000 -1.184799
v 1.396913 0.237000 -1.197000
v 1.387103 0.237000 -1.208311
v 1.375459 0.237000 -1.218539
v 1.362183 0.237000 -1.227509
v 1.347500 0.237000 -1.235067
v 1.331662 0.237000 -1.241083
v 1.314941 0.237000 -1.245456
v 1.297621 0.237000 -1.248110
v 1.280000 0.237000 -1.249000
v 1.262379 0.237000 -1.248110
v 1.245059 0.237000 -1.245456
v 1.228338 0.237000 -1.241083
v 1.212500 0.237000 -1.235067
v 1.197817 0.237000 -1.227509
v 1.184541 0.237000 -1.218539
v 1.172897 0.237000 -1.208311
v 1.163087 0.237000 -1.197000
v 1.155276 0.237000 -1.184799
v 1.149600 0.237000 -1.171917
v 1.146155 0.237000 -1.158575
v 1.145000 0.237000 -1.145000
v 1.146155 0.237000 -1.131425
v 1.149600 0.237000 -1.118083
v 1.155276 0.237000 -1.105201
v 1.163087 0.237000 -1.093000
v 1.172897 0.237000 -1.081689
v 1.184541 0.237000 -1.071461
v 1.197817 0.237000 -1.062491
v 1.212500 0.237000 -1.054933
v 1.228338 0.237000 -1.048917
v 1.245059 0.237000 -1.044544
v 1.262379 0.237000 -1.041890
v 1.280000 0.237000 -1.041000
v 1.297621 0.237000 -1.041890
v 1.314941 0.237000 -1.044544
v 1.331662 0.237000 -1.048917
v 1.347500 0.237000 -1.054933
v 1.362183 0.237000 -1.062491
v 1.375459 0.237000 -1.071461
v 1.387103 0.237000 -1.081689
v 1.396913 0.237000 -1.093000
v 1.404724 0.237000 -1.105201
v 1.410400 0.237000 -1.118083
v 1.413845 0.237000 -1.131425
v 1.415000 0.273000 -1.145000
v 1.413845 0.273000 -1.158575
v 1.410400 0.273000 -1.171917
v 1.404724 0.273000 -1.184799
v 1.396913 0.273000 -1.197000
v 1.387103 0.273000 -1.208311
v 1.375459 0.273000 -1.218539
v 1.362183 0.273000 -1.227509
v 1.347500 0.273000 -1.235067
v 1.331662 0.273000 -1.241083
v 1.314941 0.273000 -1.245456
v 1.297621 0.273000 -1.248110
v 1.280000 0.273000 -1.249000
v 1.262379 0.273000 -1.248110
v 1.245059 0.273000 -1.245456
v 1.228338 0.273000 -1.241083
v 1.212500 0.273000 -1.235067
v 1.197817 0.273000 -1.227509
v 1.184541 0.273000 -1.218539
v 1.172897 0.273000 -1.208311
v 1.163087 0.273000 -1.197000
v 1.155276 0.273000 -1.184799
v 1.149600 0.273000 -1.171917
v 1.146155 0.273000 -1.158575
v 1.145000 0.273000 -1.145000
v 1.146155 0.273000 -1.131425
v 1.149600 0.273000 -1.118083
v 1.155276 0.273000 -1.105201
v 1.163087 0.273000 -1.093000
v 1.172897 0.273000 -1.081689
v 1.184541 0.273000 -1.071461
v 1.197817 0.273000 -1.062491
v 1.212500 0.273000 -1.054933
v 1.228338 0.273000 -1.048917
v 1.245059 0.273000 -1.044544
v 1.262379 0.273000 -1.041890
v 1.280000 0.273000 -1.041000
v 1.297621 0.273000 -1.041890
v 1.314941 0.273000 -1.044544
v 1.331662 0.273000 -1.048917
v 1.347500 0.273000 -1.054933
v 1.362183 0.273000 -1.062491
v 1.375459 0.273000 -1.071461
v 1.387103 0.273000 -1.081689
v 1.396913 0.273000 -1.093000
v 1.404724 0.273000 -1.105201
v 1.410400 0.273000 -1.118083
v 1.413845 0.273000 -1.131425
v 1.412648 0.278656 -1.145000
v 1.411526 0.278656 -1.158180
v 1.408178 0.278656 -1.171147
v 1.402652 0.278656 -1.183688
v 1.395031 0.278656 -1.195593
v 1.385436 0.278656 -1.206655
v 1.374024 0.278656 -1.216680
v 1.360986 0.278656 -1.225488
v 1.346544 0.278656 -1.232922
v 1.330947 0.278656 -1.238848
v 1.314465 0.278656 -1.243158
v 1.297384 0.278656 -1.245775
v 1.280000 0.278656 -1.246653
v 1.262616 0.278656 -1.245775
v 1.245535 0.278656 -1.243158
v 1.229053 0.278656 -1.238848
v 1.213456 0.278656 -1.232922
v 1.199014 0.278656 -1.225488
v 1.185976 0.278656 -1.216680
v 1.174564 0.278656 -1.206655
v 1.164969 0.278656 -1.195593
v 1.157348 0.278656 -1.183688
v 1.151822 0.278656 -1.171147
v 1.148474 0.278656 -1.158180
v 1.147352 0.278656 -1.145000
v 1.148474 0.278656 -1.131820
v 1.151822 0.278656 -1.118853
v 1.157348 0.278656 -1.106312
v 1.164969 0.278656 -1.094407
v 1.174564 0.278656 -1.083345
v 1.185976 0.278656 -1.073320
v 1.199014 0.278656 -1.064512
v 1.213456 0.278656 -1.057078
v 1.229053 0.278656 -1.051152
v 1.245535 0.278656 -1.046842
v 1.262616 0.278656 -1.044225
v 1.280000 0.278656 -1.043347
v 1.297384 0.278656 -1.044225
v 1.314465 0.278656 -1.046842
v 1.330947 0.278656 -1.051152
v 1.346544 0.278656 -1.057078
v 1.360986 0.278656 -1.064512
v 1.374024 0.278656 -1.073320
v 1.385436 0.278656 -1.083345
v 1.395031 0.278656 -1.094407
v 1.402652 0.278656 -1.106312
v 1.408178 0.278656 -1.118853
v 1.411526 0.278656 -1.131820
v 1.406971 0.281000 -1.145000
v 1.405931 0.281000 -1.157226
v 1.402817 0.281000 -1.169287
v 1.397652 0.281000 -1.181007
v 1.390489 0.281000 -1.192197
v 1.381415 0.281000 -1.202659
v 1.370561 0.281000 -1.212194
v 1.358098 0.281000 -1.220613
v 1.344238 0.281000 -1.227748
v 1.329223 0.281000 -1.233452
v 1.313318 0.281000 -1.237611
v 1.296811 0.281000 -1.240141
v 1.280000 0.281000 -1.240990
v 1.263189 0.281000 -1.240141
v 1.246682 0.281000 -1.237611
v 1.230777 0.281000 -1.233452
v 1.215762 0.281000 -1.227748
v 1.201902 0.281000 -1.220613
v 1.189439 0.281000 -1.212194
v 1.178585 0.281000 -1.202659
v 1.169511 0.281000 -1.192197
v 1.162348 0.281000 -1.181007
v 1.157183 0.281000 -1.169287
v 1.154069 0.281000 -1.157226
v 1.153029 0.281000 -1.145000
v 1.154069 0.281000 -1.132774
v 1.157183 0.281000 -1.120713
v 1.162348 0.281000 -1.108993
v 1.169511 0.281000 -1.097803
v 1.178585 0.281000 -1.087341
v 1.189439 0.281000 -1.077806
v 1.201902 0.281000 -1.069387
v 1.215762 0.281000 -1.062252
v 1.230777 0.281000 -1.056548
v 1.246682 0.281000 -1.052389
v 1.263189 0.281000 -1.049859
v 1.280000 0.281000 -1.049010
v 1.296811 0.281000 -1.049859
v 1.313318 0.281000 -1.052389
v 1.329223 0.281000 -1.056548
v 1.344238 0.281000 -1.062252
v 1.358098 0.281000 -1.069387
v 1.370561 0.281000 -1.077806
v 1.381415 0.281000 -1.087341
v 1.390489 0.281000 -1.097803
v 1.397652 0.281000 -1.108993
v 1.402817 0.281000 -1.120713
v 1.405931 0.281000 -1.132774
v 1.406971 0.229000 -1.145000
v 1.405931 0.229000 -1.157226
v 1.402817 0.229000 -1.169287
v 1.397652 0.229000 -1.181007
v 1.390489 0.229000 -1.192197
v 1.381415 0.229000 -1.202659
v 1.370561 0.229000 -1.212194
v 1.358098 0.229000 -1.220613
v 1.344238 0.229000 -1.227748
v 1.329223 0.229000 -1.233452
v 1.313318 0.229000 -1.237611
v 1.296811 0.229000 -1.240141
v 1.280000 0.229000 -1.240990
v 1.263189 0.229000 -1.240141
v 1.246682 0.229000 -1.237611
v 1.230777 0.229000 -1.233452
v 1.215762 0.229000 -1.227748
v 1.201902 0.229000 -1.220613
v 1.189439 0.229000 -1.212194
v 1.178585 0.229000 -1.202659
v 1.169511 0.229000 -1.192197
v 1.162348 0.229000 -1.181007
v 1.157183 0.229000 -1.169287
v 1.154069 0.229000 -1.157226
v 1.153029 0.229000 -1.145000
v 1.154069 0.229000 -1.132774
v 1.157183 0.229000 -1.120713
v 1.162348 0.229000 -1.108993
v 1.169511 0.229000 -1.097803
v 1.178585 0.229000 -1.087341
v 1.189439 0.229000 -1.077806
v 1.201902 0.229000 -1.069387
v 1.215762 0.229000 -1.062252
v 1.230777 0.229000 -1.056548
v 1.246682 0.229000 -1.052389
v 1.263189 0.229000 -1.049859
v 1.280000 0.229000 -1.049010
v 1.296811 0.229000 -1.049859
v 1.313318 0.229000 -1.052389
v 1.329223 0.229000 -1.056548
v 1.344238 0.229000 -1.062252
v 1.358098 0.229000 -1.069387
v 1.370561 0.229000 -1.077806
v 1.381415 0.229000 -1.087341
v 1.390489 0.229000 -1.097803
v 1.397652 0.229000 -1.108993
v 1.402817 0.229000 -1.120713
v 1.405931 0.229000 -1.132774
v 1.406971 0.281000 -1.145000
v 1.405931 0.281000 -1.157226
v 1.402817 0.281000 -1.169287
v 1.397652 0.281000 -1.181007
v 1.390489 0.281000 -1.192197
v 1.381415 0.281000 -1.202659
v 1.370561 0.281000 -1.212194
v 1.358098 0.281000 -1.220613
v 1.344238 0.281000 -1.227748
v 1.329223 0.281000 -1.233452
v 1.313318 0.281000 -1.237611
v 1.296811 0.281000 -1.240141
v 1.280000 0.281000 -1.240990
v 1.263189 0.281000 -1.240141
v 1.246682 0.281000 -1.237611
v 1.230777 0.281000 -1.233452
v 1.215762 0.281000 -1.227748
v 1.201902 0.281000 -1.220613
v 1.189439 0.281000 -1.212194
v 1.178585 0.281000 -1.202659
v 1.169511 0.281000 -1.192197
v 1.162348 0.281000 -1.181007
v 1.157183 0.281000 -1.169287
v 1.154069 0.281000 -1.157226
v 1.153029 0.281000 -1.145000
v 1.154069 0.281000 -1.132774
v 1.157183 0.281000 -1.120713
v 1.162348 0.281000 -1.108993
v 1.169511 0.281000 -1.097803
v 1.178585 0.281000 -1.087341
v 1.189439 0.281000 -1.077806
v 1.201902 0.281000 -1.069387
v 1.215762 0.281000 -1.062252
v 1.230777 0.281000 -1.056548
v 1.246682 0.281000 -1.052389
v 1.263189 0.281000 -1.049859
v 1.280000 0.281000 -1.049010
v 1.296811 0.281000 -1.049859
v 1.313318 0.281000 -1.052389
v 1.329223 0.281000 -1.056548
v 1.344238 0.281000 -1.062252
v 1.358098 0.281000 -1.069387
v 1.370561 0.281000 -1.077806
v 1.381415 0.281000 -1.087341
v 1.390489 0.281000 -1.097803
v 1.397652 0.281000 -1.108993
v 1.402817 0.281000 -1.120713
v 1.405931 0.281000 -1.132774
f 4689 4690 4738
f 4689 4738 4737
f 4690 4691 4739
f 4690 4739 4738
f 4691 4692 4740
f 4691 4740 4739
f 4692 4693 4741
f 4692 4741 4740
f 4693 4694 4742
f 4693 4742 4741
f 4694 4695 4743
f 4694 4743 4742
f 4695 4696 4744
f 4695 4744 4743
f 4696 4697 4745
f 4696 4745 4744
f 4697 4698 4746
f 4697 4746 4745
f 4698 4699 4747
f 4698 4747 4746
f 4699 4700 4748
f 4699 4748 4747
f 4700 4701 4749
f 4700 4749 4748
f 4701 4702 4750
f 4701 4750 4749
f 4702 4703 4751
f 4702 4751 4750
f 4703 4704 4752
f 4703 4752 4751
f 4704 4705 4753
f 4704 4753 4752
f 4705 4706 4754
f 4705 4754 4753
f 4706 4707 4755
f 4706 4755 4754
f 4707 4708 4756
f 4707 4756 4755
f 4708 4709 4757
f 4708 4757 4756
f 4709 4710 4758
f 4709 4758 4757
f 4710 4711 4759
f 4710 4759 4758
f 4711 4712 4760
f 4711 4760 4759
f 4712 4713 4761
f 4712 4761 4760
f 4713 4714 4762
f 4713 4762 4761
f 4714 4715 4763
f 4714 4763 4762
f 4715 4716 4764
f 4715 4764 4763
f 4716 4717 4765
f 4716 4765 4764
f 4717 4718 4766
f 4717 4766 4765
f 4718 4719 4767
f 4718 4767 4766
f 4719 4720 4768
f 4719 4768 4767
f 4720 4721 4769
f 4720 4769 4768
f 4721 4722 4770
f 4721 4770 4769
f 4722 4723 4771
f 4722 4771 4770
f 4723 4724 4772
f 4723 4772 4771
f 4724 4725 4773
f 4724 4773 4772
f 4725 4726 4774
f 4725 4774 4773
f 4726 4727 4775
f 4726 4775 4774
f 4727 4728 4776
f 4727 4776 4775
f 4728 4729 4777
f 4728 4777 4776
f 4729 4730 4778
f 4729 4778 4777
f 4730 4731 4779
f 4730 4779 4778
f 4731 4732 4780
f 4731 4780 4779
f 4732 4733 4781
f 4732 4781 4780
f 4733 4734 4782
f 4733 4782 4781
f 4734 4735 4783
f 4734 4783 4782
f 4735 4736 4784
f 4735 4784 4783
f 4736 4689 4737
f 4736 4737 4784
f 4737 4738 4786
f 4737 4786 4785
f 4738 4739 4787
f 4738 4787 4786
f 4739 4740 4788
f 4739 4788 4787
f 4740 4741 4789
f 4740 4789 4788
f 4741 4742 4790
f 4741 4790 4789
f 4742 4743 4791
f 4742 4791 4790
f 4743 4744 4792
f 4743 4792 4791
f 4744 4745 4793
f 4744 4793 4792
f 4745 4746 4794
f 4745 4794 4793
f 4746 4747 4795
f 4746 4795 4794
f 4747 4748 4796
f 4747 4796 4795
f 4748 4749 4797
f 4748 4797 4796
f 4749 4750 4798
f 4749 4798 4797
f 4750 4751 4799
f 4750 4799 4798
f 4751 4752 4800
f 4751 4800 4799
f 4752 4753 4801
f 4752 4801 4800
f 4753 4754 4802
f 4753 4802 4801
f 4754 4755 4803
f 4754 4803 4802
f 4755 4756 4804
f 4755 4804 4803
f 4756 4757 4805
f 4756 4805 4804
f 4757 4758 4806
f 4757 4806 4805
f 4758 4759 4807
f 4758 4807 4806
f 4759 4760 4808
f 4759 4808 4807
f 4760 4761 4809
f 4760 4809 4808
f 4761 4762 4810
f 4761 4810 4809
f 4762 4763 4811
f 4762 4811 4810
f 4763 4764 4812
f 4763 4812 4811
f 4764 4765 4813
f 4764 4813 4812
f 4765 4766 4814
f 4765 4814 4813
f 4766 4767 4815
f 4766 4815 4814
f 4767 4768 4816
f 4767 4816 4815
f 4768 4769 4817
f 4768 4817 4816
f 4769 4770 4818
f 4769 4818 4817
f 4770 4771 4819
f 4770 4819 4818
f 4771 4772 4820
f 4771 4820 4819
f 4772 4773 4821
f 4772 4821 4820
f 4773 4774 4822
f 4773 4822 4821
f 4774 4775 4823
f 4774 4823 4822
f 4775 4776 4824
f 4775 4824 4823
f 4776 4777 4825
f 4776 4825 4824
f 4777 4778 4826
f 4777 4826 4825
f 4778 4779 4827
f 4778 4827 4826
f 4779 4780 4828
f 4779 4828 4827
f 4780 4781 4829
f 4780 4829 4828
f 4781 4782 4830
f 4781 4830 4829
f 4782 4783 4831
f 4782 4831 4830
f 4783 4784 4832
f 4783 4832 4831
f 4784 4737 4785
f 4784 4785 4832
f 4785 4786 4834
f 4785 4834 4833
f 4786 4787 4835
f 4786 4835 4834
f 4787 4788 4836
f 4787 4836 4835
f 4788 4789 4837
f 4788 4837 4836
f 4789 4790 4838
f 4789 4838 4837
f 4790 4791 4839
f 4790 4839 4838
f 4791 4792 4840
f 4791 4840 4839
f 4792 4793 4841
f 4792 4841 4840
f 4793 4794 4842
f 4793 4842 4841
f 4794 4795 4843
f 4794 4843 4842
f 4795 4796 4844
f 4795 4844 4843
f 4796 4797 4845
f 4796 4845 4844
f 4797 4798 4846
f 4797 4846 4845
f 4798 4799 4847
f 4798 4847 4846
f 4799 4800 4848
f 4799 4848 4847
f 4800 4801 4849
f 4800 4849 4848
f 4801 4802 4850
f 4801 4850 4849
f 4802 4803 4851
f 4802 4851 4850
f 4803 4804 4852
f 4803 4852 4851
f 4804 4805 4853
f 4804 4853 4852
f 4805 4806 4854
f 4805 4854 4853
f 4806 4807 4855
f 4806 4855 4854
f 4807 4808 4856
f 4807 4856 4855
f 4808 4809 4857
f 4808 4857 4856
f 4809 4810 4858
f 4809 4858 4857
f 4810 4811 4859
f 4810 4859 4858
f 4811 4812 4860
f 4811 4860 4859
f 4812 4813 4861
f 4812 4861 4860
f 4813 4814 4862
f 4813 4862 4861
f 4814 4815 4863
f 4814 4863 4862
f 4815 4816 4864
f 4815 4864 4863
f 4816 4817 4865
f 4816 4865 4864
f 4817 4818 4866
f 4817 4866 4865
f 4818 4819 4867
f 4818 4867 4866
f 4819 4820 4868
f 4819 4868 4867
f 4820 4821 4869
f 4820 4869 4868
f 4821 4822 4870
f 4821 4870 4869
f 4822 4823 4871
f 4822 4871 4870
f 4823 4824 4872
f 4823 4872 4871
f 4824 4825 4873
f 4824 4873 4872
f 4825 4826 4874
f 4825 4874 4873
f 4826 4827 4875
f 4826 4875 4874
f 4827 4828 4876
f 4827 4876 4875
f 4828 4829 4877
f 4828 4877 4876
f 4829 4830 4878
f 4829 4878 4877
f 4830 4831 4879
f 4830 4879 4878
f 4831 4832 4880
f 4831 4880 4879
f 4832 4785 4833
f 4832 4833 4880
f 4833 4834 4882
f 4833 4882 4881
f 4834 4835 4883
f 4834 4883 4882
f 4835 4836 4884
f 4835 4884 4883
f 4836 4837 4885
f 4836 4885 4884
f 4837 4838 4886
f 4837 4886 4885
f 4838 4839 4887
f 4838 4887 4886
f 4839 4840 4888
f 4839 4888 4887
f 4840 4841 4889
f 4840 4889 4888
f 4841 4842 4890
f 4841 4890 4889
f 4842 4843 4891
f 4842 4891 4890
f 4843 4844 4892
f 4843 4892 4891
f 4844 4845 4893
f 4844 4893 4892
f 4845 4846 4894
f 4845 4894 4893
f 4846 4847 4895
f 4846 4895 4894
f 4847 4848 4896
f 4847 4896 4895
f 4848 4849 4897
f 4848 4897 4896
f 4849 4850 4898
f 4849 4898 4897
f 4850 4851 4899
f 4850 4899 4898
f 4851 4852 4900
f 4851 4900 4899
f 4852 4853 4901
f 4852 4901 4900
f 4853 4854 4902
f 4853 4902 4901
f 4854 4855 4903
f 4854 4903 4902
f 4855 4856 4904
f 4855 4904 4903
f 4856 4857 4905
f 4856 4905 4904
f 4857 4858 4906
f 4857 4906 4905
f 4858 4859 4907
f 4858 4907 4906
f 4859 4860 4908
f 4859 4908 4907
f 4860 4861 4909
f 4860 4909 4908
f 4861 4862 4910
f 4861 4910 4909
f 4862 4863 4911
f 4862 4911 4910
f 4863 4864 4912
f 4863 4912 4911
f 4864 4865 4913
f 4864 4913 4912
f 4865 4866 4914
f 4865 4914 4913
f 4866 4867 4915
f 4866 4915 4914
f 4867 4868 4916
f 4867 4916 4915
f 4868 4869 4917
f 4868 4917 4916
f 4869 4870 4918
f 4869 4918 4917
f 4870 4871 4919
f 4870 4919 4918
f 4871 4872 4920
f 4871 4920 4919
f 4872 4873 4921
f 4872 4921 4920
f 4873 4874 4922
f 4873 4922 4921
f 4874 4875 4923
f 4874 4923 4922
f 4875 4876 4924
f 4875 4924 4923
f 4876 4877 4925
f 4876 4925 4924
f 4877 4878 4926
f 4877 4926 4925
f 4878 4879 4927
f 4878 4927 4926
f 4879 4880 4928
f 4879 4928 4927
f 4880 4833 4881
f 4880 4881 4928
f 4881 4882 4930
f 4881 4930 4929
f 4882 4883 4931
f 4882 4931 4930
f 4883 4884 4932
f 4883 4932 4931
f 4884 4885 4933
f 4884 4933 4932
f 4885 4886 4934
f 4885 4934 4933
f 4886 4887 4935
f 4886 4935 4934
f 4887 4888 4936
f 4887 4936 4935
f 4888 4889 4937
f 4888 4937 4936
f 4889 4890 4938
f 4889 4938 4937
f 4890 4891 4939
f 4890 4939 4938
f 4891 4892 4940
f 4891 4940 4939
f 4892 4893 4941
f 4892 4941 4940
f 4893 4894 4942
f 4893 4942 4941
f 4894 4895 4943
f 4894 4943 4942
f 4895 4896 4944
f 4895 4944 4943
f 4896 4897 4945
f 4896 4945 4944
f 4897 4898 4946
f 4897 4946 4945
f 4898 4899 4947
f 4898 4947 4946
f 4899 4900 4948
f 4899 4948 4947
f 4900 4901 4949
f 4900 4949 4948
f 4901 4902 4950
f 4901 4950 4949
f 4902 4903 4951
f 4902 4951 4950
f 4903 4904 4952
f 4903 4952 4951
f 4904 4905 4953
f 4904 4953 4952
f 4905 4906 4954
f 4905 4954 4953
f 4906 4907 4955
f 4906 4955 4954
f 4907 4908 4956
f 4907 4956 4955
f 4908 4909 4957
f 4908 4957 4956
f 4909 4910 4958
f 4909 4958 4957
f 4910 4911 4959
f 4910 4959 4958
f 4911 4912 4960
f 4911 4960 4959
f 4912 4913 4961
f 4912 4961 4960
f 4913 4914 4962
f 4913 4962 4961
f 4914 4915 4963
f 4914 4963 4962
f 4915 4916 4964
f 4915 4964 4963
f 4916 4917 4965
f 4916 4965 4964
f 4917 4918 4966
f 4917 4966 4965
f 4918 4919 4967
f 4918 4967 4966
f 4919 4920 4968
f 4919 4968 4967
f 4920 4921 4969
f 4920 4969 4968
f 4921 4922 4970
f 4921 4970 4969
f 4922 4923 4971
f 4922 4971 4970
f 4923 4924 4972
f 4923 4972 4971
f 4924 4925 4973
f 4924 4973 4972
f 4925 4926 4974
f 4925 4974 4973
f 4926 4927 4975
f 4926 4975 4974
f 4927 4928 4976
f 4927 4976 4975
f 4928 4881 4929
f 4928 4929 4976
f 4978 4977 5024
f 4979 4978 5024
f 4980 4979 5024
f 4981 4980 5024
f 4982 4981 5024
f 4983 4982 5024
f 4984 4983 5024
f 4985 4984 5024
f 4986 4985 5024
f 4987 4986 5024
f 4988 4987 5024
f 4989 4988 5024
f 4990 4989 5024
f 4991 4990 5024
f 4992 4991 5024
f 4993 4992 5024
f 4994 4993 5024
f 4995 4994 5024
f 4996 4995 5024
f 4997 4996 5024
f 4998 4997 5024
f 4999 4998 5024
f 5000 4999 5024
f 5001 5000 5024
f 5002 5001 5024
f 5003 5002 5024
f 5004 5003 5024
f 5005 5004 5024
f 5006 5005 5024
f 5007 5006 5024
f 5008 5007 5024
f 5009 5008 5024
f 5010 5009 5024
f 5011 5010 5024
f 5012 5011 5024
f 5013 5012 5024
f 5014 5013 5024
f 5015 5014 5024
f 5016 5015 5024
f 5017 5016 5024
f 5018 5017 5024
f 5019 5018 5024
f 5020 5019 5024
f 5021 5020 5024
f 5022 5021 5024
f 5024 5023 5022
f 5072 5025 5026
f 5072 5026 5027
f 5072 5027 5028
f 5072 5028 5029
f 5072 5029 5030
f 5072 5030 5031
f 5072 5031 5032
f 5072 5032 5033
f 5072 5033 5034
f 5072 5034 5035
f 5072 5035 5036
f 5072 5036 5037
f 5072 5037 5038
f 5072 5038 5039
f 5072 5039 5040
f 5072 5040 5041
f 5072 5041 5042
f 5072 5042 5043
f 5072 5043 5044
f 5072 5044 5045
f 5072 5045 5046
f 5072 5046 5047
f 5072 5047 5048
f 5072 5048 5049
f 5072 5049 5050
f 5072 5050 5051
f 5072 5051 5052
f 5072 5052 5053
f 5072 5053 5054
f 5072 5054 5055
f 5072 5055 5056
f 5072 5056 5057
f 5072 5057 5058
f 5072 5058 5059
f 5072 5059 5060
f 5072 5060 5061
f 5072 5061 5062
f 5072 5062 5063
f 5072 5063 5064
f 5072 5064 5065
f 5072 5065 5066
f 5072 5066 5067
f 5072 5067 5068
f 5072 5068 5069
f 5072 5069 5070
f 5070 5071 5072
o boar_nostril_-0.049
usemtl boar_nostril_inlay
v 1.250997 0.279000 -1.152000
v 1.250295 0.279000 -1.160634
v 1.248242 0.279000 -1.168659
v 1.244996 0.279000 -1.175507
v 1.240817 0.279000 -1.180699
v 1.236038 0.279000 -1.183904
v 1.231000 0.279000 -1.184978
v 1.225962 0.279000 -1.183904
v 1.221183 0.279000 -1.180699
v 1.217004 0.279000 -1.175507
v 1.213758 0.279000 -1.168659
v 1.211705 0.279000 -1.160634
v 1.211003 0.279000 -1.152000
v 1.211705 0.279000 -1.143366
v 1.213758 0.279000 -1.135341
v 1.217004 0.279000 -1.128493
v 1.221183 0.279000 -1.123301
v 1.225962 0.279000 -1.120096
v 1.231000 0.279000 -1.119022
v 1.236038 0.279000 -1.120096
v 1.240817 0.279000 -1.123301
v 1.244996 0.279000 -1.128493
v 1.248242 0.279000 -1.135341
v 1.250295 0.279000 -1.143366
v 1.251706 0.279293 -1.152000
v 1.250994 0.279293 -1.160751
v 1.248910 0.279293 -1.168900
v 1.245599 0.279293 -1.175885
v 1.241300 0.279293 -1.181226
v 1.236319 0.279293 -1.184567
v 1.231000 0.279293 -1.185700
v 1.225681 0.279293 -1.184567
v 1.220700 0.279293 -1.181226
v 1.216401 0.279293 -1.175885
v 1.213090 0.279293 -1.168900
v 1.211006 0.279293 -1.160751
v 1.210294 0.279293 -1.152000
v 1.211006 0.279293 -1.143249
v 1.213090 0.279293 -1.135100
v 1.216401 0.279293 -1.128115
v 1.220700 0.279293 -1.122774
v 1.225681 0.279293 -1.119433
v 1.231000 0.279293 -1.118300
v 1.236319 0.279293 -1.119433
v 1.241300 0.279293 -1.122774
v 1.245599 0.279293 -1.128115
v 1.248910 0.279293 -1.135100
v 1.250994 0.279293 -1.143249
v 1.252000 0.280000 -1.152000
v 1.251284 0.280000 -1.160800
v 1.249187 0.280000 -1.169000
v 1.245849 0.280000 -1.176042
v 1.241500 0.280000 -1.181445
v 1.236435 0.280000 -1.184841
v 1.231000 0.280000 -1.186000
v 1.225565 0.280000 -1.184841
v 1.220500 0.280000 -1.181445
v 1.216151 0.280000 -1.176042
v 1.212813 0.280000 -1.169000
v 1.210716 0.280000 -1.160800
v 1.210000 0.280000 -1.152000
v 1.210716 0.280000 -1.143200
v 1.212813 0.280000 -1.135000
v 1.216151 0.280000 -1.127958
v 1.220500 0.280000 -1.122555
v 1.225565 0.280000 -1.119159
v 1.231000 0.280000 -1.118000
v 1.236435 0.280000 -1.119159
v 1.241500 0.280000 -1.122555
v 1.245849 0.280000 -1.127958
v 1.249187 0.280000 -1.135000
v 1.251284 0.280000 -1.143200
v 1.252000 0.281000 -1.152000
v 1.251284 0.281000 -1.160800
v 1.249187 0.281000 -1.169000
v 1.245849 0.281000 -1.176042
v 1.241500 0.281000 -1.181445
v 1.236435 0.281000 -1.184841
v 1.231000 0.281000 -1.186000
v 1.225565 0.281000 -1.184841
v 1.220500 0.281000 -1.181445
v 1.216151 0.281000 -1.176042
v 1.212813 0.281000 -1.169000
v 1.210716 0.281000 -1.160800
v 1.210000 0.281000 -1.152000
v 1.210716 0.281000 -1.143200
v 1.212813 0.281000 -1.135000
v 1.216151 0.281000 -1.127958
v 1.220500 0.281000 -1.122555
v 1.225565 0.281000 -1.119159
v 1.231000 0.281000 -1.118000
v 1.236435 0.281000 -1.119159
v 1.241500 0.281000 -1.122555
v 1.245849 0.281000 -1.127958
v 1.249187 0.281000 -1.135000
v 1.251284 0.281000 -1.143200
v 1.251706 0.281707 -1.152000
v 1.250994 0.281707 -1.160751
v 1.248910 0.281707 -1.168900
v 1.245599 0.281707 -1.175885
v 1.241300 0.281707 -1.181226
v 1.236319 0.281707 -1.184567
v 1.231000 0.281707 -1.185700
v 1.225681 0.281707 -1.184567
v 1.220700 0.281707 -1.181226
v 1.216401 0.281707 -1.175885
v 1.213090 0.281707 -1.168900
v 1.211006 0.281707 -1.160751
v 1.210294 0.281707 -1.152000
v 1.211006 0.281707 -1.143249
v 1.213090 0.281707 -1.135100
v 1.216401 0.281707 -1.128115
v 1.220700 0.281707 -1.122774
v 1.225681 0.281707 -1.119433
v 1.231000 0.281707 -1.118300
v 1.236319 0.281707 -1.119433
v 1.241300 0.281707 -1.122774
v 1.245599 0.281707 -1.128115
v 1.248910 0.281707 -1.135100
v 1.250994 0.281707 -1.143249
v 1.250997 0.282000 -1.152000
v 1.250295 0.282000 -1.160634
v 1.248242 0.282000 -1.168659
v 1.244996 0.282000 -1.175507
v 1.240817 0.282000 -1.180699
v 1.236038 0.282000 -1.183904
v 1.231000 0.282000 -1.184978
v 1.225962 0.282000 -1.183904
v 1.221183 0.282000 -1.180699
v 1.217004 0.282000 -1.175507
v 1.213758 0.282000 -1.168659
v 1.211705 0.282000 -1.160634
v 1.211003 0.282000 -1.152000
v 1.211705 0.282000 -1.143366
v 1.213758 0.282000 -1.135341
v 1.217004 0.282000 -1.128493
v 1.221183 0.282000 -1.123301
v 1.225962 0.282000 -1.120096
v 1.231000 0.282000 -1.119022
v 1.236038 0.282000 -1.120096
v 1.240817 0.282000 -1.123301
v 1.244996 0.282000 -1.128493
v 1.248242 0.282000 -1.135341
v 1.250295 0.282000 -1.143366
v 1.250997 0.279000 -1.152000
v 1.250295 0.279000 -1.160634
v 1.248242 0.279000 -1.168659
v 1.244996 0.279000 -1.175507
v 1.240817 0.279000 -1.180699
v 1.236038 0.279000 -1.183904
v 1.231000 0.279000 -1.184978
v 1.225962 0.279000 -1.183904
v 1.221183 0.279000 -1.180699
v 1.217004 0.279000 -1.175507
v 1.213758 0.279000 -1.168659
v 1.211705 0.279000 -1.160634
v 1.211003 0.279000 -1.152000
v 1.211705 0.279000 -1.143366
v 1.213758 0.279000 -1.135341
v 1.217004 0.279000 -1.128493
v 1.221183 0.279000 -1.123301
v 1.225962 0.279000 -1.120096
v 1.231000 0.279000 -1.119022
v 1.236038 0.279000 -1.120096
v 1.240817 0.279000 -1.123301
v 1.244996 0.279000 -1.128493
v 1.248242 0.279000 -1.135341
v 1.250295 0.279000 -1.143366
v 1.250997 0.282000 -1.152000
v 1.250295 0.282000 -1.160634
v 1.248242 0.282000 -1.168659
v 1.244996 0.282000 -1.175507
v 1.240817 0.282000 -1.180699
v 1.236038 0.282000 -1.183904
v 1.231000 0.282000 -1.184978
v 1.225962 0.282000 -1.183904
v 1.221183 0.282000 -1.180699
v 1.217004 0.282000 -1.175507
v 1.213758 0.282000 -1.168659
v 1.211705 0.282000 -1.160634
v 1.211003 0.282000 -1.152000
v 1.211705 0.282000 -1.143366
v 1.213758 0.282000 -1.135341
v 1.217004 0.282000 -1.128493
v 1.221183 0.282000 -1.123301
v 1.225962 0.282000 -1.120096
v 1.231000 0.282000 -1.119022
v 1.236038 0.282000 -1.120096
v 1.240817 0.282000 -1.123301
v 1.244996 0.282000 -1.128493
v 1.248242 0.282000 -1.135341
v 1.250295 0.282000 -1.143366
f 5073 5074 5098
f 5073 5098 5097
f 5074 5075 5099
f 5074 5099 5098
f 5075 5076 5100
f 5075 5100 5099
f 5076 5077 5101
f 5076 5101 5100
f 5077 5078 5102
f 5077 5102 5101
f 5078 5079 5103
f 5078 5103 5102
f 5079 5080 5104
f 5079 5104 5103
f 5080 5081 5105
f 5080 5105 5104
f 5081 5082 5106
f 5081 5106 5105
f 5082 5083 5107
f 5082 5107 5106
f 5083 5084 5108
f 5083 5108 5107
f 5084 5085 5109
f 5084 5109 5108
f 5085 5086 5110
f 5085 5110 5109
f 5086 5087 5111
f 5086 5111 5110
f 5087 5088 5112
f 5087 5112 5111
f 5088 5089 5113
f 5088 5113 5112
f 5089 5090 5114
f 5089 5114 5113
f 5090 5091 5115
f 5090 5115 5114
f 5091 5092 5116
f 5091 5116 5115
f 5092 5093 5117
f 5092 5117 5116
f 5093 5094 5118
f 5093 5118 5117
f 5094 5095 5119
f 5094 5119 5118
f 5095 5096 5120
f 5095 5120 5119
f 5096 5073 5097
f 5096 5097 5120
f 5097 5098 5122
f 5097 5122 5121
f 5098 5099 5123
f 5098 5123 5122
f 5099 5100 5124
f 5099 5124 5123
f 5100 5101 5125
f 5100 5125 5124
f 5101 5102 5126
f 5101 5126 5125
f 5102 5103 5127
f 5102 5127 5126
f 5103 5104 5128
f 5103 5128 5127
f 5104 5105 5129
f 5104 5129 5128
f 5105 5106 5130
f 5105 5130 5129
f 5106 5107 5131
f 5106 5131 5130
f 5107 5108 5132
f 5107 5132 5131
f 5108 5109 5133
f 5108 5133 5132
f 5109 5110 5134
f 5109 5134 5133
f 5110 5111 5135
f 5110 5135 5134
f 5111 5112 5136
f 5111 5136 5135
f 5112 5113 5137
f 5112 5137 5136
f 5113 5114 5138
f 5113 5138 5137
f 5114 5115 5139
f 5114 5139 5138
f 5115 5116 5140
f 5115 5140 5139
f 5116 5117 5141
f 5116 5141 5140
f 5117 5118 5142
f 5117 5142 5141
f 5118 5119 5143
f 5118 5143 5142
f 5119 5120 5144
f 5119 5144 5143
f 5120 5097 5121
f 5120 5121 5144
f 5121 5122 5146
f 5121 5146 5145
f 5122 5123 5147
f 5122 5147 5146
f 5123 5124 5148
f 5123 5148 5147
f 5124 5125 5149
f 5124 5149 5148
f 5125 5126 5150
f 5125 5150 5149
f 5126 5127 5151
f 5126 5151 5150
f 5127 5128 5152
f 5127 5152 5151
f 5128 5129 5153
f 5128 5153 5152
f 5129 5130 5154
f 5129 5154 5153
f 5130 5131 5155
f 5130 5155 5154
f 5131 5132 5156
f 5131 5156 5155
f 5132 5133 5157
f 5132 5157 5156
f 5133 5134 5158
f 5133 5158 5157
f 5134 5135 5159
f 5134 5159 5158
f 5135 5136 5160
f 5135 5160 5159
f 5136 5137 5161
f 5136 5161 5160
f 5137 5138 5162
f 5137 5162 5161
f 5138 5139 5163
f 5138 5163 5162
f 5139 5140 5164
f 5139 5164 5163
f 5140 5141 5165
f 5140 5165 5164
f 5141 5142 5166
f 5141 5166 5165
f 5142 5143 5167
f 5142 5167 5166
f 5143 5144 5168
f 5143 5168 5167
f 5144 5121 5145
f 5144 5145 5168
f 5145 5146 5170
f 5145 5170 5169
f 5146 5147 5171
f 5146 5171 5170
f 5147 5148 5172
f 5147 5172 5171
f 5148 5149 5173
f 5148 5173 5172
f 5149 5150 5174
f 5149 5174 5173
f 5150 5151 5175
f 5150 5175 5174
f 5151 5152 5176
f 5151 5176 5175
f 5152 5153 5177
f 5152 5177 5176
f 5153 5154 5178
f 5153 5178 5177
f 5154 5155 5179
f 5154 5179 5178
f 5155 5156 5180
f 5155 5180 5179
f 5156 5157 5181
f 5156 5181 5180
f 5157 5158 5182
f 5157 5182 5181
f 5158 5159 5183
f 5158 5183 5182
f 5159 5160 5184
f 5159 5184 5183
f 5160 5161 5185
f 5160 5185 5184
f 5161 5162 5186
f 5161 5186 5185
f 5162 5163 5187
f 5162 5187 5186
f 5163 5164 5188
f 5163 5188 5187
f 5164 5165 5189
f 5164 5189 5188
f 5165 5166 5190
f 5165 5190 5189
f 5166 5167 5191
f 5166 5191 5190
f 5167 5168 5192
f 5167 5192 5191
f 5168 5145 5169
f 5168 5169 5192
f 5169 5170 5194
f 5169 5194 5193
f 5170 5171 5195
f 5170 5195 5194
f 5171 5172 5196
f 5171 5196 5195
f 5172 5173 5197
f 5172 5197 5196
f 5173 5174 5198
f 5173 5198 5197
f 5174 5175 5199
f 5174 5199 5198
f 5175 5176 5200
f 5175 5200 5199
f 5176 5177 5201
f 5176 5201 5200
f 5177 5178 5202
f 5177 5202 5201
f 5178 5179 5203
f 5178 5203 5202
f 5179 5180 5204
f 5179 5204 5203
f 5180 5181 5205
f 5180 5205 5204
f 5181 5182 5206
f 5181 5206 5205
f 5182 5183 5207
f 5182 5207 5206
f 5183 5184 5208
f 5183 5208 5207
f 5184 5185 5209
f 5184 5209 5208
f 5185 5186 5210
f 5185 5210 5209
f 5186 5187 5211
f 5186 5211 5210
f 5187 5188 5212
f 5187 5212 5211
f 5188 5189 5213
f 5188 5213 5212
f 5189 5190 5214
f 5189 5214 5213
f 5190 5191 5215
f 5190 5215 5214
f 5191 5192 5216
f 5191 5216 5215
f 5192 5169 5193
f 5192 5193 5216
f 5218 5217 5240
f 5219 5218 5240
f 5220 5219 5240
f 5221 5220 5240
f 5222 5221 5240
f 5223 5222 5240
f 5224 5223 5240
f 5225 5224 5240
f 5226 5225 5240
f 5227 5226 5240
f 5228 5227 5240
f 5229 5228 5240
f 5230 5229 5240
f 5231 5230 5240
f 5232 5231 5240
f 5233 5232 5240
f 5234 5233 5240
f 5235 5234 5240
f 5236 5235 5240
f 5237 5236 5240
f 5238 5237 5240
f 5240 5239 5238
f 5264 5241 5242
f 5264 5242 5243
f 5264 5243 5244
f 5264 5244 5245
f 5264 5245 5246
f 5264 5246 5247
f 5264 5247 5248
f 5264 5248 5249
f 5264 5249 5250
f 5264 5250 5251
f 5264 5251 5252
f 5264 5252 5253
f 5264 5253 5254
f 5264 5254 5255
f 5264 5255 5256
f 5264 5256 5257
f 5264 5257 5258
f 5264 5258 5259
f 5264 5259 5260
f 5264 5260 5261
f 5264 5261 5262
f 5262 5263 5264
o boar_nostril_0.049
usemtl boar_nostril_inlay
v 1.348997 0.279000 -1.152000
v 1.348295 0.279000 -1.160634
v 1.346242 0.279000 -1.168659
v 1.342996 0.279000 -1.175507
v 1.338817 0.279000 -1.180699
v 1.334038 0.279000 -1.183904
v 1.329000 0.279000 -1.184978
v 1.323962 0.279000 -1.183904
v 1.319183 0.279000 -1.180699
v 1.315004 0.279000 -1.175507
v 1.311758 0.279000 -1.168659
v 1.309705 0.279000 -1.160634
v 1.309003 0.279000 -1.152000
v 1.309705 0.279000 -1.143366
v 1.311758 0.279000 -1.135341
v 1.315004 0.279000 -1.128493
v 1.319183 0.279000 -1.123301
v 1.323962 0.279000 -1.120096
v 1.329000 0.279000 -1.119022
v 1.334038 0.279000 -1.120096
v 1.338817 0.279000 -1.123301
v 1.342996 0.279000 -1.128493
v 1.346242 0.279000 -1.135341
v 1.348295 0.279000 -1.143366
v 1.349706 0.279293 -1.152000
v 1.348994 0.279293 -1.160751
v 1.346910 0.279293 -1.168900
v 1.343599 0.279293 -1.175885
v 1.339300 0.279293 -1.181226
v 1.334319 0.279293 -1.184567
v 1.329000 0.279293 -1.185700
v 1.323681 0.279293 -1.184567
v 1.318700 0.279293 -1.181226
v 1.314401 0.279293 -1.175885
v 1.311090 0.279293 -1.168900
v 1.309006 0.279293 -1.160751
v 1.308294 0.279293 -1.152000
v 1.309006 0.279293 -1.143249
v 1.311090 0.279293 -1.135100
v 1.314401 0.279293 -1.128115
v 1.318700 0.279293 -1.122774
v 1.323681 0.279293 -1.119433
v 1.329000 0.279293 -1.118300
v 1.334319 0.279293 -1.119433
v 1.339300 0.279293 -1.122774
v 1.343599 0.279293 -1.128115
v 1.346910 0.279293 -1.135100
v 1.348994 0.279293 -1.143249
v 1.350000 0.280000 -1.152000
v 1.349284 0.280000 -1.160800
v 1.347187 0.280000 -1.169000
v 1.343849 0.280000 -1.176042
v 1.339500 0.280000 -1.181445
v 1.334435 0.280000 -1.184841
v 1.329000 0.280000 -1.186000
v 1.323565 0.280000 -1.184841
v 1.318500 0.280000 -1.181445
v 1.314151 0.280000 -1.176042
v 1.310813 0.280000 -1.169000
v 1.308716 0.280000 -1.160800
v 1.308000 0.280000 -1.152000
v 1.308716 0.280000 -1.143200
v 1.310813 0.280000 -1.135000
v 1.314151 0.280000 -1.127958
v 1.318500 0.280000 -1.122555
v 1.323565 0.280000 -1.119159
v 1.329000 0.280000 -1.118000
v 1.334435 0.280000 -1.119159
v 1.339500 0.280000 -1.122555
v 1.343849 0.280000 -1.127958
v 1.347187 0.280000 -1.135000
v 1.349284 0.280000 -1.143200
v 1.350000 0.281000 -1.152000
v 1.349284 0.281000 -1.160800
v 1.347187 0.281000 -1.169000
v 1.343849 0.281000 -1.176042
v 1.339500 0.281000 -1.181445
v 1.334435 0.281000 -1.184841
v 1.329000 0.281000 -1.186000
v 1.323565 0.281000 -1.184841
v 1.318500 0.281000 -1.181445
v 1.314151 0.281000 -1.176042
v 1.310813 0.281000 -1.169000
v 1.308716 0.281000 -1.160800
v 1.308000 0.281000 -1.152000
v 1.308716 0.281000 -1.143200
v 1.310813 0.281000 -1.135000
v 1.314151 0.281000 -1.127958
v 1.318500 0.281000 -1.122555
v 1.323565 0.281000 -1.119159
v 1.329000 0.281000 -1.118000
v 1.334435 0.281000 -1.119159
v 1.339500 0.281000 -1.122555
v 1.343849 0.281000 -1.127958
v 1.347187 0.281000 -1.135000
v 1.349284 0.281000 -1.143200
v 1.349706 0.281707 -1.152000
v 1.348994 0.281707 -1.160751
v 1.346910 0.281707 -1.168900
v 1.343599 0.281707 -1.175885
v 1.339300 0.281707 -1.181226
v 1.334319 0.281707 -1.184567
v 1.329000 0.281707 -1.185700
v 1.323681 0.281707 -1.184567
v 1.318700 0.281707 -1.181226
v 1.314401 0.281707 -1.175885
v 1.311090 0.281707 -1.168900
v 1.309006 0.281707 -1.160751
v 1.308294 0.281707 -1.152000
v 1.309006 0.281707 -1.143249
v 1.311090 0.281707 -1.135100
v 1.314401 0.281707 -1.128115
v 1.318700 0.281707 -1.122774
v 1.323681 0.281707 -1.119433
v 1.329000 0.281707 -1.118300
v 1.334319 0.281707 -1.119433
v 1.339300 0.281707 -1.122774
v 1.343599 0.281707 -1.128115
v 1.346910 0.281707 -1.135100
v 1.348994 0.281707 -1.143249
v 1.348997 0.282000 -1.152000
v 1.348295 0.282000 -1.160634
v 1.346242 0.282000 -1.168659
v 1.342996 0.282000 -1.175507
v 1.338817 0.282000 -1.180699
v 1.334038 0.282000 -1.183904
v 1.329000 0.282000 -1.184978
v 1.323962 0.282000 -1.183904
v 1.319183 0.282000 -1.180699
v 1.315004 0.282000 -1.175507
v 1.311758 0.282000 -1.168659
v 1.309705 0.282000 -1.160634
v 1.309003 0.282000 -1.152000
v 1.309705 0.282000 -1.143366
v 1.311758 0.282000 -1.135341
v 1.315004 0.282000 -1.128493
v 1.319183 0.282000 -1.123301
v 1.323962 0.282000 -1.120096
v 1.329000 0.282000 -1.119022
v 1.334038 0.282000 -1.120096
v 1.338817 0.282000 -1.123301
v 1.342996 0.282000 -1.128493
v 1.346242 0.282000 -1.135341
v 1.348295 0.282000 -1.143366
v 1.348997 0.279000 -1.152000
v 1.348295 0.279000 -1.160634
v 1.346242 0.279000 -1.168659
v 1.342996 0.279000 -1.175507
v 1.338817 0.279000 -1.180699
v 1.334038 0.279000 -1.183904
v 1.329000 0.279000 -1.184978
v 1.323962 0.279000 -1.183904
v 1.319183 0.279000 -1.180699
v 1.315004 0.279000 -1.175507
v 1.311758 0.279000 -1.168659
v 1.309705 0.279000 -1.160634
v 1.309003 0.279000 -1.152000
v 1.309705 0.279000 -1.143366
v 1.311758 0.279000 -1.135341
v 1.315004 0.279000 -1.128493
v 1.319183 0.279000 -1.123301
v 1.323962 0.279000 -1.120096
v 1.329000 0.279000 -1.119022
v 1.334038 0.279000 -1.120096
v 1.338817 0.279000 -1.123301
v 1.342996 0.279000 -1.128493
v 1.346242 0.279000 -1.135341
v 1.348295 0.279000 -1.143366
v 1.348997 0.282000 -1.152000
v 1.348295 0.282000 -1.160634
v 1.346242 0.282000 -1.168659
v 1.342996 0.282000 -1.175507
v 1.338817 0.282000 -1.180699
v 1.334038 0.282000 -1.183904
v 1.329000 0.282000 -1.184978
v 1.323962 0.282000 -1.183904
v 1.319183 0.282000 -1.180699
v 1.315004 0.282000 -1.175507
v 1.311758 0.282000 -1.168659
v 1.309705 0.282000 -1.160634
v 1.309003 0.282000 -1.152000
v 1.309705 0.282000 -1.143366
v 1.311758 0.282000 -1.135341
v 1.315004 0.282000 -1.128493
v 1.319183 0.282000 -1.123301
v 1.323962 0.282000 -1.120096
v 1.329000 0.282000 -1.119022
v 1.334038 0.282000 -1.120096
v 1.338817 0.282000 -1.123301
v 1.342996 0.282000 -1.128493
v 1.346242 0.282000 -1.135341
v 1.348295 0.282000 -1.143366
f 5265 5266 5290
f 5265 5290 5289
f 5266 5267 5291
f 5266 5291 5290
f 5267 5268 5292
f 5267 5292 5291
f 5268 5269 5293
f 5268 5293 5292
f 5269 5270 5294
f 5269 5294 5293
f 5270 5271 5295
f 5270 5295 5294
f 5271 5272 5296
f 5271 5296 5295
f 5272 5273 5297
f 5272 5297 5296
f 5273 5274 5298
f 5273 5298 5297
f 5274 5275 5299
f 5274 5299 5298
f 5275 5276 5300
f 5275 5300 5299
f 5276 5277 5301
f 5276 5301 5300
f 5277 5278 5302
f 5277 5302 5301
f 5278 5279 5303
f 5278 5303 5302
f 5279 5280 5304
f 5279 5304 5303
f 5280 5281 5305
f 5280 5305 5304
f 5281 5282 5306
f 5281 5306 5305
f 5282 5283 5307
f 5282 5307 5306
f 5283 5284 5308
f 5283 5308 5307
f 5284 5285 5309
f 5284 5309 5308
f 5285 5286 5310
f 5285 5310 5309
f 5286 5287 5311
f 5286 5311 5310
f 5287 5288 5312
f 5287 5312 5311
f 5288 5265 5289
f 5288 5289 5312
f 5289 5290 5314
f 5289 5314 5313
f 5290 5291 5315
f 5290 5315 5314
f 5291 5292 5316
f 5291 5316 5315
f 5292 5293 5317
f 5292 5317 5316
f 5293 5294 5318
f 5293 5318 5317
f 5294 5295 5319
f 5294 5319 5318
f 5295 5296 5320
f 5295 5320 5319
f 5296 5297 5321
f 5296 5321 5320
f 5297 5298 5322
f 5297 5322 5321
f 5298 5299 5323
f 5298 5323 5322
f 5299 5300 5324
f 5299 5324 5323
f 5300 5301 5325
f 5300 5325 5324
f 5301 5302 5326
f 5301 5326 5325
f 5302 5303 5327
f 5302 5327 5326
f 5303 5304 5328
f 5303 5328 5327
f 5304 5305 5329
f 5304 5329 5328
f 5305 5306 5330
f 5305 5330 5329
f 5306 5307 5331
f 5306 5331 5330
f 5307 5308 5332
f 5307 5332 5331
f 5308 5309 5333
f 5308 5333 5332
f 5309 5310 5334
f 5309 5334 5333
f 5310 5311 5335
f 5310 5335 5334
f 5311 5312 5336
f 5311 5336 5335
f 5312 5289 5313
f 5312 5313 5336
f 5313 5314 5338
f 5313 5338 5337
f 5314 5315 5339
f 5314 5339 5338
f 5315 5316 5340
f 5315 5340 5339
f 5316 5317 5341
f 5316 5341 5340
f 5317 5318 5342
f 5317 5342 5341
f 5318 5319 5343
f 5318 5343 5342
f 5319 5320 5344
f 5319 5344 5343
f 5320 5321 5345
f 5320 5345 5344
f 5321 5322 5346
f 5321 5346 5345
f 5322 5323 5347
f 5322 5347 5346
f 5323 5324 5348
f 5323 5348 5347
f 5324 5325 5349
f 5324 5349 5348
f 5325 5326 5350
f 5325 5350 5349
f 5326 5327 5351
f 5326 5351 5350
f 5327 5328 5352
f 5327 5352 5351
f 5328 5329 5353
f 5328 5353 5352
f 5329 5330 5354
f 5329 5354 5353
f 5330 5331 5355
f 5330 5355 5354
f 5331 5332 5356
f 5331 5356 5355
f 5332 5333 5357
f 5332 5357 5356
f 5333 5334 5358
f 5333 5358 5357
f 5334 5335 5359
f 5334 5359 5358
f 5335 5336 5360
f 5335 5360 5359
f 5336 5313 5337
f 5336 5337 5360
f 5337 5338 5362
f 5337 5362 5361
f 5338 5339 5363
f 5338 5363 5362
f 5339 5340 5364
f 5339 5364 5363
f 5340 5341 5365
f 5340 5365 5364
f 5341 5342 5366
f 5341 5366 5365
f 5342 5343 5367
f 5342 5367 5366
f 5343 5344 5368
f 5343 5368 5367
f 5344 5345 5369
f 5344 5369 5368
f 5345 5346 5370
f 5345 5370 5369
f 5346 5347 5371
f 5346 5371 5370
f 5347 5348 5372
f 5347 5372 5371
f 5348 5349 5373
f 5348 5373 5372
f 5349 5350 5374
f 5349 5374 5373
f 5350 5351 5375
f 5350 5375 5374
f 5351 5352 5376
f 5351 5376 5375
f 5352 5353 5377
f 5352 5377 5376
f 5353 5354 5378
f 5353 5378 5377
f 5354 5355 5379
f 5354 5379 5378
f 5355 5356 5380
f 5355 5380 5379
f 5356 5357 5381
f 5356 5381 5380
f 5357 5358 5382
f 5357 5382 5381
f 5358 5359 5383
f 5358 5383 5382
f 5359 5360 5384
f 5359 5384 5383
f 5360 5337 5361
f 5360 5361 5384
f 5361 5362 5386
f 5361 5386 5385
f 5362 5363 5387
f 5362 5387 5386
f 5363 5364 5388
f 5363 5388 5387
f 5364 5365 5389
f 5364 5389 5388
f 5365 5366 5390
f 5365 5390 5389
f 5366 5367 5391
f 5366 5391 5390
f 5367 5368 5392
f 5367 5392 5391
f 5368 5369 5393
f 5368 5393 5392
f 5369 5370 5394
f 5369 5394 5393
f 5370 5371 5395
f 5370 5395 5394
f 5371 5372 5396
f 5371 5396 5395
f 5372 5373 5397
f 5372 5397 5396
f 5373 5374 5398
f 5373 5398 5397
f 5374 5375 5399
f 5374 5399 5398
f 5375 5376 5400
f 5375 5400 5399
f 5376 5377 5401
f 5376 5401 5400
f 5377 5378 5402
f 5377 5402 5401
f 5378 5379 5403
f 5378 5403 5402
f 5379 5380 5404
f 5379 5404 5403
f 5380 5381 5405
f 5380 5405 5404
f 5381 5382 5406
f 5381 5406 5405
f 5382 5383 5407
f 5382 5407 5406
f 5383 5384 5408
f 5383 5408 5407
f 5384 5361 5385
f 5384 5385 5408
f 5410 5409 5432
f 5411 5410 5432
f 5412 5411 5432
f 5413 5412 5432
f 5414 5413 5432
f 5415 5414 5432
f 5416 5415 5432
f 5417 5416 5432
f 5418 5417 5432
f 5419 5418 5432
f 5420 5419 5432
f 5421 5420 5432
f 5422 5421 5432
f 5423 5422 5432
f 5424 5423 5432
f 5425 5424 5432
f 5426 5425 5432
f 5427 5426 5432
f 5428 5427 5432
f 5429 5428 5432
f 5430 5429 5432
f 5432 5431 5430
f 5456 5433 5434
f 5456 5434 5435
f 5456 5435 5436
f 5456 5436 5437
f 5456 5437 5438
f 5456 5438 5439
f 5456 5439 5440
f 5456 5440 5441
f 5456 5441 5442
f 5456 5442 5443
f 5456 5443 5444
f 5456 5444 5445
f 5456 5445 5446
f 5456 5446 5447
f 5456 5447 5448
f 5456 5448 5449
f 5456 5449 5450
f 5456 5450 5451
f 5456 5451 5452
f 5456 5452 5453
f 5456 5453 5454
f 5454 5455 5456
o lava_base
usemtl lava_base
v -0.800001 0.000000 -0.384309
v -0.801225 0.000000 -0.399853
v -0.804703 0.000000 -0.414339
v -0.810404 0.000000 -0.428104
v -0.818188 0.000000 -0.440807
v -0.827864 0.000000 -0.452136
v -0.839193 0.000000 -0.461812
v -0.851896 0.000000 -0.469596
v -0.865661 0.000000 -0.475297
v -0.879469 0.000000 -0.478613
v -1.664309 0.000000 -0.479999
v -1.679853 0.000000 -0.478775
v -1.694339 0.000000 -0.475297
v -1.708104 0.000000 -0.469596
v -1.720807 0.000000 -0.461812
v -1.732136 0.000000 -0.452136
v -1.741812 0.000000 -0.440807
v -1.749596 0.000000 -0.428104
v -1.755297 0.000000 -0.414339
v -1.758613 0.000000 -0.400531
v -1.759999 0.000000 0.384309
v -1.758775 0.000000 0.399853
v -1.755297 0.000000 0.414339
v -1.749596 0.000000 0.428104
v -1.741812 0.000000 0.440807
v -1.732136 0.000000 0.452136
v -1.720807 0.000000 0.461812
v -1.708104 0.000000 0.469596
v -1.694339 0.000000 0.475297
v -1.680531 0.000000 0.478613
v -0.895691 0.000000 0.479999
v -0.880147 0.000000 0.478775
v -0.865661 0.000000 0.475297
v -0.851896 0.000000 0.469596
v -0.839193 0.000000 0.461812
v -0.827864 0.000000 0.452136
v -0.818188 0.000000 0.440807
v -0.810404 0.000000 0.428104
v -0.804703 0.000000 0.414339
v -0.801387 0.000000 0.400531
v -0.787274 0.005274 -0.384797
v -0.788616 0.005274 -0.401850
v -0.792562 0.005274 -0.418284
v -0.799030 0.005274 -0.433899
v -0.807861 0.005274 -0.448310
v -0.818838 0.005274 -0.461162
v -0.831690 0.005274 -0.472139
v -0.846101 0.005274 -0.480970
v -0.861716 0.005274 -0.487438
v -0.877952 0.005274 -0.491336
v -1.664797 0.005274 -0.492726
v -1.681850 0.005274 -0.491384
v -1.698284 0.005274 -0.487438
v -1.713899 0.005274 -0.480970
v -1.728310 0.005274 -0.472139
v -1.741162 0.005274 -0.461162
v -1.752139 0.005274 -0.448310
v -1.760970 0.005274 -0.433899
v -1.767438 0.005274 -0.418284
v -1.771336 0.005274 -0.402048
v -1.772726 0.005274 0.384797
v -1.771384 0.005274 0.401850
v -1.767438 0.005274 0.418284
v -1.760970 0.005274 0.433899
v -1.752139 0.005274 0.448310
v -1.741162 0.005274 0.461162
v -1.728310 0.005274 0.472139
v -1.713899 0.005274 0.480970
v -1.698284 0.005274 0.487438
v -1.682048 0.005274 0.491336
v -0.895203 0.005274 0.492726
v -0.878150 0.005274 0.491384
v -0.861716 0.005274 0.487438
v -0.846101 0.005274 0.480970
v -0.831690 0.005274 0.472139
v -0.818838 0.005274 0.461162
v -0.807861 0.005274 0.448310
v -0.799030 0.005274 0.433899
v -0.792562 0.005274 0.418284
v -0.788664 0.005274 0.402048
v -0.782000 0.018000 -0.385000
v -0.783391 0.018000 -0.402677
v -0.787531 0.018000 -0.419919
v -0.794316 0.018000 -0.436301
v -0.803581 0.018000 -0.451420
v -0.815097 0.018000 -0.464903
v -0.828580 0.018000 -0.476419
v -0.843699 0.018000 -0.485684
v -0.860081 0.018000 -0.492469
v -0.877323 0.018000 -0.496609
v -1.665000 0.018000 -0.498000
v -1.682677 0.018000 -0.496609
v -1.699919 0.018000 -0.492469
v -1.716301 0.018000 -0.485684
v -1.731420 0.018000 -0.476419
v -1.744903 0.018000 -0.464903
v -1.756419 0.018000 -0.451420
v -1.765684 0.018000 -0.436301
v -1.772469 0.018000 -0.419919
v -1.776609 0.018000 -0.402677
v -1.778000 0.018000 0.385000
v -1.776609 0.018000 0.402677
v -1.772469 0.018000 0.419919
v -1.765684 0.018000 0.436301
v -1.756419 0.018000 0.451420
v -1.744903 0.018000 0.464903
v -1.731420 0.018000 0.476419
v -1.716301 0.018000 0.485684
v -1.699919 0.018000 0.492469
v -1.682677 0.018000 0.496609
v -0.895000 0.018000 0.498000
v -0.877323 0.018000 0.496609
v -0.860081 0.018000 0.492469
v -0.843699 0.018000 0.485684
v -0.828580 0.018000 0.476419
v -0.815097 0.018000 0.464903
v -0.803581 0.018000 0.451420
v -0.794316 0.018000 0.436301
v -0.787531 0.018000 0.419919
v -0.783391 0.018000 0.402677
v -0.782000 0.137000 -0.385000
v -0.783391 0.137000 -0.402677
v -0.787531 0.137000 -0.419919
v -0.794316 0.137000 -0.436301
v -0.803581 0.137000 -0.451420
v -0.815097 0.137000 -0.464903
v -0.828580 0.137000 -0.476419
v -0.843699 0.137000 -0.485684
v -0.860081 0.137000 -0.492469
v -0.877323 0.137000 -0.496609
v -1.665000 0.137000 -0.498000
v -1.682677 0.137000 -0.496609
v -1.699919 0.137000 -0.492469
v -1.716301 0.137000 -0.485684
v -1.731420 0.137000 -0.476419
v -1.744903 0.137000 -0.464903
v -1.756419 0.137000 -0.451420
v -1.765684 0.137000 -0.436301
v -1.772469 0.137000 -0.419919
v -1.776609 0.137000 -0.402677
v -1.778000 0.137000 0.385000
v -1.776609 0.137000 0.402677
v -1.772469 0.137000 0.419919
v -1.765684 0.137000 0.436301
v -1.756419 0.137000 0.451420
v -1.744903 0.137000 0.464903
v -1.731420 0.137000 0.476419
v -1.716301 0.137000 0.485684
v -1.699919 0.137000 0.492469
v -1.682677 0.137000 0.496609
v -0.895000 0.137000 0.498000
v -0.877323 0.137000 0.496609
v -0.860081 0.137000 0.492469
v -0.843699 0.137000 0.485684
v -0.828580 0.137000 0.476419
v -0.815097 0.137000 0.464903
v -0.803581 0.137000 0.451420
v -0.794316 0.137000 0.436301
v -0.787531 0.137000 0.419919
v -0.783391 0.137000 0.402677
v -0.787274 0.149726 -0.384797
v -0.788616 0.149726 -0.401850
v -0.792562 0.149726 -0.418284
v -0.799030 0.149726 -0.433899
v -0.807861 0.149726 -0.448310
v -0.818838 0.149726 -0.461162
v -0.831690 0.149726 -0.472139
v -0.846101 0.149726 -0.480970
v -0.861716 0.149726 -0.487438
v -0.877952 0.149726 -0.491336
v -1.664797 0.149726 -0.492726
v -1.681850 0.149726 -0.491384
v -1.698284 0.149726 -0.487438
v -1.713899 0.149726 -0.480970
v -1.728310 0.149726 -0.472139
v -1.741162 0.149726 -0.461162
v -1.752139 0.149726 -0.448310
v -1.760970 0.149726 -0.433899
v -1.767438 0.149726 -0.418284
v -1.771336 0.149726 -0.402048
v -1.772726 0.149726 0.384797
v -1.771384 0.149726 0.401850
v -1.767438 0.149726 0.418284
v -1.760970 0.149726 0.433899
v -1.752139 0.149726 0.448310
v -1.741162 0.149726 0.461162
v -1.728310 0.149726 0.472139
v -1.713899 0.149726 0.480970
v -1.698284 0.149726 0.487438
v -1.682048 0.149726 0.491336
v -0.895203 0.149726 0.492726
v -0.878150 0.149726 0.491384
v -0.861716 0.149726 0.487438
v -0.846101 0.149726 0.480970
v -0.831690 0.149726 0.472139
v -0.818838 0.149726 0.461162
v -0.807861 0.149726 0.448310
v -0.799030 0.149726 0.433899
v -0.792562 0.149726 0.418284
v -0.788664 0.149726 0.402048
v -0.800001 0.155000 -0.384309
v -0.801225 0.155000 -0.399853
v -0.804703 0.155000 -0.414339
v -0.810404 0.155000 -0.428104
v -0.818188 0.155000 -0.440807
v -0.827864 0.155000 -0.452136
v -0.839193 0.155000 -0.461812
v -0.851896 0.155000 -0.469596
v -0.865661 0.155000 -0.475297
v -0.879469 0.155000 -0.478613
v -1.664309 0.155000 -0.479999
v -1.679853 0.155000 -0.478775
v -1.694339 0.155000 -0.475297
v -1.708104 0.155000 -0.469596
v -1.720807 0.155000 -0.461812
v -1.732136 0.155000 -0.452136
v -1.741812 0.155000 -0.440807
v -1.749596 0.155000 -0.428104
v -1.755297 0.155000 -0.414339
v -1.758613 0.155000 -0.400531
v -1.759999 0.155000 0.384309
v -1.758775 0.155000 0.399853
v -1.755297 0.155000 0.414339
v -1.749596 0.155000 0.428104
v -1.741812 0.155000 0.440807
v -1.732136 0.155000 0.452136
v -1.720807 0.155000 0.461812
v -1.708104 0.155000 0.469596
v -1.694339 0.155000 0.475297
v -1.680531 0.155000 0.478613
v -0.895691 0.155000 0.479999
v -0.880147 0.155000 0.478775
v -0.865661 0.155000 0.475297
v -0.851896 0.155000 0.469596
v -0.839193 0.155000 0.461812
v -0.827864 0.155000 0.452136
v -0.818188 0.155000 0.440807
v -0.810404 0.155000 0.428104
v -0.804703 0.155000 0.414339
v -0.801387 0.155000 0.400531
v -0.800001 0.000000 -0.384309
v -0.801225 0.000000 -0.399853
v -0.804703 0.000000 -0.414339
v -0.810404 0.000000 -0.428104
v -0.818188 0.000000 -0.440807
v -0.827864 0.000000 -0.452136
v -0.839193 0.000000 -0.461812
v -0.851896 0.000000 -0.469596
v -0.865661 0.000000 -0.475297
v -0.879469 0.000000 -0.478613
v -1.664309 0.000000 -0.479999
v -1.679853 0.000000 -0.478775
v -1.694339 0.000000 -0.475297
v -1.708104 0.000000 -0.469596
v -1.720807 0.000000 -0.461812
v -1.732136 0.000000 -0.452136
v -1.741812 0.000000 -0.440807
v -1.749596 0.000000 -0.428104
v -1.755297 0.000000 -0.414339
v -1.758613 0.000000 -0.400531
v -1.759999 0.000000 0.384309
v -1.758775 0.000000 0.399853
v -1.755297 0.000000 0.414339
v -1.749596 0.000000 0.428104
v -1.741812 0.000000 0.440807
v -1.732136 0.000000 0.452136
v -1.720807 0.000000 0.461812
v -1.708104 0.000000 0.469596
v -1.694339 0.000000 0.475297
v -1.680531 0.000000 0.478613
v -0.895691 0.000000 0.479999
v -0.880147 0.000000 0.478775
v -0.865661 0.000000 0.475297
v -0.851896 0.000000 0.469596
v -0.839193 0.000000 0.461812
v -0.827864 0.000000 0.452136
v -0.818188 0.000000 0.440807
v -0.810404 0.000000 0.428104
v -0.804703 0.000000 0.414339
v -0.801387 0.000000 0.400531
v -0.800001 0.155000 -0.384309
v -0.801225 0.155000 -0.399853
v -0.804703 0.155000 -0.414339
v -0.810404 0.155000 -0.428104
v -0.818188 0.155000 -0.440807
v -0.827864 0.155000 -0.452136
v -0.839193 0.155000 -0.461812
v -0.851896 0.155000 -0.469596
v -0.865661 0.155000 -0.475297
v -0.879469 0.155000 -0.478613
v -1.664309 0.155000 -0.479999
v -1.679853 0.155000 -0.478775
v -1.694339 0.155000 -0.475297
v -1.708104 0.155000 -0.469596
v -1.720807 0.155000 -0.461812
v -1.732136 0.155000 -0.452136
v -1.741812 0.155000 -0.440807
v -1.749596 0.155000 -0.428104
v -1.755297 0.155000 -0.414339
v -1.758613 0.155000 -0.400531
v -1.759999 0.155000 0.384309
v -1.758775 0.155000 0.399853
v -1.755297 0.155000 0.414339
v -1.749596 0.155000 0.428104
v -1.741812 0.155000 0.440807
v -1.732136 0.155000 0.452136
v -1.720807 0.155000 0.461812
v -1.708104 0.155000 0.469596
v -1.694339 0.155000 0.475297
v -1.680531 0.155000 0.478613
v -0.895691 0.155000 0.479999
v -0.880147 0.155000 0.478775
v -0.865661 0.155000 0.475297
v -0.851896 0.155000 0.469596
v -0.839193 0.155000 0.461812
v -0.827864 0.155000 0.452136
v -0.818188 0.155000 0.440807
v -0.810404 0.155000 0.428104
v -0.804703 0.155000 0.414339
v -0.801387 0.155000 0.400531
f 5457 5458 5498
f 5457 5498 5497
f 5458 5459 5499
f 5458 5499 5498
f 5459 5460 5500
f 5459 5500 5499
f 5460 5461 5501
f 5460 5501 5500
f 5461 5462 5502
f 5461 5502 5501
f 5462 5463 5503
f 5462 5503 5502
f 5463 5464 5504
f 5463 5504 5503
f 5464 5465 5505
f 5464 5505 5504
f 5465 5466 5506
f 5465 5506 5505
f 5466 5467 5507
f 5466 5507 5506
f 5467 5468 5508
f 5467 5508 5507
f 5468 5469 5509
f 5468 5509 5508
f 5469 5470 5510
f 5469 5510 5509
f 5470 5471 5511
f 5470 5511 5510
f 5471 5472 5512
f 5471 5512 5511
f 5472 5473 5513
f 5472 5513 5512
f 5473 5474 5514
f 5473 5514 5513
f 5474 5475 5515
f 5474 5515 5514
f 5475 5476 5516
f 5475 5516 5515
f 5476 5477 5517
f 5476 5517 5516
f 5477 5478 5518
f 5477 5518 5517
f 5478 5479 5519
f 5478 5519 5518
f 5479 5480 5520
f 5479 5520 5519
f 5480 5481 5521
f 5480 5521 5520
f 5481 5482 5522
f 5481 5522 5521
f 5482 5483 5523
f 5482 5523 5522
f 5483 5484 5524
f 5483 5524 5523
f 5484 5485 5525
f 5484 5525 5524
f 5485 5486 5526
f 5485 5526 5525
f 5486 5487 5527
f 5486 5527 5526
f 5487 5488 5528
f 5487 5528 5527
f 5488 5489 5529
f 5488 5529 5528
f 5489 5490 5530
f 5489 5530 5529
f 5490 5491 5531
f 5490 5531 5530
f 5491 5492 5532
f 5491 5532 5531
f 5492 5493 5533
f 5492 5533 5532
f 5493 5494 5534
f 5493 5534 5533
f 5494 5495 5535
f 5494 5535 5534
f 5495 5496 5536
f 5495 5536 5535
f 5496 5457 5497
f 5496 5497 5536
f 5497 5498 5538
f 5497 5538 5537
f 5498 5499 5539
f 5498 5539 5538
f 5499 5500 5540
f 5499 5540 5539
f 5500 5501 5541
f 5500 5541 5540
f 5501 5502 5542
f 5501 5542 5541
f 5502 5503 5543
f 5502 5543 5542
f 5503 5504 5544
f 5503 5544 5543
f 5504 5505 5545
f 5504 5545 5544
f 5505 5506 5546
f 5505 5546 5545
f 5506 5507 5547
f 5506 5547 5546
f 5507 5508 5548
f 5507 5548 5547
f 5508 5509 5549
f 5508 5549 5548
f 5509 5510 5550
f 5509 5550 5549
f 5510 5511 5551
f 5510 5551 5550
f 5511 5512 5552
f 5511 5552 5551
f 5512 5513 5553
f 5512 5553 5552
f 5513 5514 5554
f 5513 5554 5553
f 5514 5515 5555
f 5514 5555 5554
f 5515 5516 5556
f 5515 5556 5555
f 5516 5517 5557
f 5516 5557 5556
f 5517 5518 5558
f 5517 5558 5557
f 5518 5519 5559
f 5518 5559 5558
f 5519 5520 5560
f 5519 5560 5559
f 5520 5521 5561
f 5520 5561 5560
f 5521 5522 5562
f 5521 5562 5561
f 5522 5523 5563
f 5522 5563 5562
f 5523 5524 5564
f 5523 5564 5563
f 5524 5525 5565
f 5524 5565 5564
f 5525 5526 5566
f 5525 5566 5565
f 5526 5527 5567
f 5526 5567 5566
f 5527 5528 5568
f 5527 5568 5567
f 5528 5529 5569
f 5528 5569 5568
f 5529 5530 5570
f 5529 5570 5569
f 5530 5531 5571
f 5530 5571 5570
f 5531 5532 5572
f 5531 5572 5571
f 5532 5533 5573
f 5532 5573 5572
f 5533 5534 5574
f 5533 5574 5573
f 5534 5535 5575
f 5534 5575 5574
f 5535 5536 5576
f 5535 5576 5575
f 5536 5497 5537
f 5536 5537 5576
f 5537 5538 5578
f 5537 5578 5577
f 5538 5539 5579
f 5538 5579 5578
f 5539 5540 5580
f 5539 5580 5579
f 5540 5541 5581
f 5540 5581 5580
f 5541 5542 5582
f 5541 5582 5581
f 5542 5543 5583
f 5542 5583 5582
f 5543 5544 5584
f 5543 5584 5583
f 5544 5545 5585
f 5544 5585 5584
f 5545 5546 5586
f 5545 5586 5585
f 5546 5547 5587
f 5546 5587 5586
f 5547 5548 5588
f 5547 5588 5587
f 5548 5549 5589
f 5548 5589 5588
f 5549 5550 5590
f 5549 5590 5589
f 5550 5551 5591
f 5550 5591 5590
f 5551 5552 5592
f 5551 5592 5591
f 5552 5553 5593
f 5552 5593 5592
f 5553 5554 5594
f 5553 5594 5593
f 5554 5555 5595
f 5554 5595 5594
f 5555 5556 5596
f 5555 5596 5595
f 5556 5557 5597
f 5556 5597 5596
f 5557 5558 5598
f 5557 5598 5597
f 5558 5559 5599
f 5558 5599 5598
f 5559 5560 5600
f 5559 5600 5599
f 5560 5561 5601
f 5560 5601 5600
f 5561 5562 5602
f 5561 5602 5601
f 5562 5563 5603
f 5562 5603 5602
f 5563 5564 5604
f 5563 5604 5603
f 5564 5565 5605
f 5564 5605 5604
f 5565 5566 5606
f 5565 5606 5605
f 5566 5567 5607
f 5566 5607 5606
f 5567 5568 5608
f 5567 5608 5607
f 5568 5569 5609
f 5568 5609 5608
f 5569 5570 5610
f 5569 5610 5609
f 5570 5571 5611
f 5570 5611 5610
f 5571 5572 5612
f 5571 5612 5611
f 5572 5573 5613
f 5572 5613 5612
f 5573 5574 5614
f 5573 5614 5613
f 5574 5575 5615
f 5574 5615 5614
f 5575 5576 5616
f 5575 5616 5615
f 5576 5537 5577
f 5576 5577 5616
f 5577 5578 5618
f 5577 5618 5617
f 5578 5579 5619
f 5578 5619 5618
f 5579 5580 5620
f 5579 5620 5619
f 5580 5581 5621
f 5580 5621 5620
f 5581 5582 5622
f 5581 5622 5621
f 5582 5583 5623
f 5582 5623 5622
f 5583 5584 5624
f 5583 5624 5623
f 5584 5585 5625
f 5584 5625 5624
f 5585 5586 5626
f 5585 5626 5625
f 5586 5587 5627
f 5586 5627 5626
f 5587 5588 5628
f 5587 5628 5627
f 5588 5589 5629
f 5588 5629 5628
f 5589 5590 5630
f 5589 5630 5629
f 5590 5591 5631
f 5590 5631 5630
f 5591 5592 5632
f 5591 5632 5631
f 5592 5593 5633
f 5592 5633 5632
f 5593 5594 5634
f 5593 5634 5633
f 5594 5595 5635
f 5594 5635 5634
f 5595 5596 5636
f 5595 5636 5635
f 5596 5597 5637
f 5596 5637 5636
f 5597 5598 5638
f 5597 5638 5637
f 5598 5599 5639
f 5598 5639 5638
f 5599 5600 5640
f 5599 5640 5639
f 5600 5601 5641
f 5600 5641 5640
f 5601 5602 5642
f 5601 5642 5641
f 5602 5603 5643
f 5602 5643 5642
f 5603 5604 5644
f 5603 5644 5643
f 5604 5605 5645
f 5604 5645 5644
f 5605 5606 5646
f 5605 5646 5645
f 5606 5607 5647
f 5606 5647 5646
f 5607 5608 5648
f 5607 5648 5647
f 5608 5609 5649
f 5608 5649 5648
f 5609 5610 5650
f 5609 5650 5649
f 5610 5611 5651
f 5610 5651 5650
f 5611 5612 5652
f 5611 5652 5651
f 5612 5613 5653
f 5612 5653 5652
f 5613 5614 5654
f 5613 5654 5653
f 5614 5615 5655
f 5614 5655 5654
f 5615 5616 5656
f 5615 5656 5655
f 5616 5577 5617
f 5616 5617 5656
f 5617 5618 5658
f 5617 5658 5657
f 5618 5619 5659
f 5618 5659 5658
f 5619 5620 5660
f 5619 5660 5659
f 5620 5621 5661
f 5620 5661 5660
f 5621 5622 5662
f 5621 5662 5661
f 5622 5623 5663
f 5622 5663 5662
f 5623 5624 5664
f 5623 5664 5663
f 5624 5625 5665
f 5624 5665 5664
f 5625 5626 5666
f 5625 5666 5665
f 5626 5627 5667
f 5626 5667 5666
f 5627 5628 5668
f 5627 5668 5667
f 5628 5629 5669
f 5628 5669 5668
f 5629 5630 5670
f 5629 5670 5669
f 5630 5631 5671
f 5630 5671 5670
f 5631 5632 5672
f 5631 5672 5671
f 5632 5633 5673
f 5632 5673 5672
f 5633 5634 5674
f 5633 5674 5673
f 5634 5635 5675
f 5634 5675 5674
f 5635 5636 5676
f 5635 5676 5675
f 5636 5637 5677
f 5636 5677 5676
f 5637 5638 5678
f 5637 5678 5677
f 5638 5639 5679
f 5638 5679 5678
f 5639 5640 5680
f 5639 5680 5679
f 5640 5641 5681
f 5640 5681 5680
f 5641 5642 5682
f 5641 5682 5681
f 5642 5643 5683
f 5642 5683 5682
f 5643 5644 5684
f 5643 5684 5683
f 5644 5645 5685
f 5644 5685 5684
f 5645 5646 5686
f 5645 5686 5685
f 5646 5647 5687
f 5646 5687 5686
f 5647 5648 5688
f 5647 5688 5687
f 5648 5649 5689
f 5648 5689 5688
f 5649 5650 5690
f 5649 5690 5689
f 5650 5651 5691
f 5650 5691 5690
f 5651 5652 5692
f 5651 5692 5691
f 5652 5653 5693
f 5652 5693 5692
f 5653 5654 5694
f 5653 5694 5693
f 5654 5655 5695
f 5654 5695 5694
f 5655 5656 5696
f 5655 5696 5695
f 5656 5617 5657
f 5656 5657 5696
f 5698 5697 5736
f 5699 5698 5736
f 5700 5699 5736
f 5701 5700 5736
f 5702 5701 5736
f 5703 5702 5736
f 5704 5703 5736
f 5705 5704 5736
f 5706 5705 5736
f 5707 5706 5736
f 5708 5707 5736
f 5709 5708 5736
f 5710 5709 5736
f 5711 5710 5736
f 5712 5711 5736
f 5713 5712 5736
f 5714 5713 5736
f 5715 5714 5736
f 5716 5715 5736
f 5717 5716 5736
f 5718 5717 5736
f 5719 5718 5736
f 5720 5719 5736
f 5721 5720 5736
f 5722 5721 5736
f 5723 5722 5736
f 5724 5723 5736
f 5725 5724 5736
f 5726 5725 5736
f 5727 5726 5736
f 5728 5727 5736
f 5729 5728 5736
f 5730 5729 5736
f 5731 5730 5736
f 5732 5731 5736
f 5733 5732 5736
f 5734 5733 5736
f 5736 5735 5734
f 5776 5737 5738
f 5776 5738 5739
f 5776 5739 5740
f 5776 5740 5741
f 5776 5741 5742
f 5776 5742 5743
f 5776 5743 5744
f 5776 5744 5745
f 5776 5745 5746
f 5776 5746 5747
f 5776 5747 5748
f 5776 5748 5749
f 5776 5749 5750
f 5776 5750 5751
f 5776 5751 5752
f 5776 5752 5753
f 5776 5753 5754
f 5776 5754 5755
f 5776 5755 5756
f 5776 5756 5757
f 5776 5757 5758
f 5776 5758 5759
f 5776 5759 5760
f 5776 5760 5761
f 5776 5761 5762
f 5776 5762 5763
f 5776 5763 5764
f 5776 5764 5765
f 5776 5765 5766
f 5776 5766 5767
f 5776 5767 5768
f 5776 5768 5769
f 5776 5769 5770
f 5776 5770 5771
f 5776 5771 5772
f 5776 5772 5773
f 5776 5773 5774
f 5774 5775 5776
o lava_recess
usemtl lava_recess
v -0.866000 0.144000 -0.329769
v -0.867053 0.144000 -0.343138
v -0.870129 0.144000 -0.355952
v -0.875172 0.144000 -0.368127
v -0.882058 0.144000 -0.379363
v -0.890616 0.144000 -0.389384
v -0.900637 0.144000 -0.397942
v -0.911873 0.144000 -0.404828
v -0.924048 0.144000 -0.409871
v -0.936636 0.144000 -0.412893
v -1.609769 0.144000 -0.414000
v -1.623138 0.144000 -0.412947
v -1.635952 0.144000 -0.409871
v -1.648127 0.144000 -0.404828
v -1.659363 0.144000 -0.397942
v -1.669384 0.144000 -0.389384
v -1.677942 0.144000 -0.379363
v -1.684828 0.144000 -0.368127
v -1.689871 0.144000 -0.355952
v -1.692893 0.144000 -0.343364
v -1.694000 0.144000 0.329769
v -1.692947 0.144000 0.343138
v -1.689871 0.144000 0.355952
v -1.684828 0.144000 0.368127
v -1.677942 0.144000 0.379363
v -1.669384 0.144000 0.389384
v -1.659363 0.144000 0.397942
v -1.648127 0.144000 0.404828
v -1.635952 0.144000 0.409871
v -1.623364 0.144000 0.412893
v -0.950231 0.144000 0.414000
v -0.936862 0.144000 0.412947
v -0.924048 0.144000 0.409871
v -0.911873 0.144000 0.404828
v -0.900637 0.144000 0.397942
v -0.890616 0.144000 0.389384
v -0.882058 0.144000 0.379363
v -0.875172 0.144000 0.368127
v -0.870129 0.144000 0.355952
v -0.867107 0.144000 0.343364
v -0.861758 0.145758 -0.329932
v -0.862850 0.145758 -0.343803
v -0.866082 0.145758 -0.357267
v -0.871381 0.145758 -0.370059
v -0.878615 0.145758 -0.381864
v -0.887607 0.145758 -0.392393
v -0.898136 0.145758 -0.401385
v -0.909941 0.145758 -0.408619
v -0.922733 0.145758 -0.413918
v -0.936130 0.145758 -0.417134
v -1.609932 0.145758 -0.418242
v -1.623803 0.145758 -0.417150
v -1.637267 0.145758 -0.413918
v -1.650059 0.145758 -0.408619
v -1.661864 0.145758 -0.401385
v -1.672393 0.145758 -0.392393
v -1.681385 0.145758 -0.381864
v -1.688619 0.145758 -0.370059
v -1.693918 0.145758 -0.357267
v -1.697134 0.145758 -0.343870
v -1.698242 0.145758 0.329932
v -1.697150 0.145758 0.343803
v -1.693918 0.145758 0.357267
v -1.688619 0.145758 0.370059
v -1.681385 0.145758 0.381864
v -1.672393 0.145758 0.392393
v -1.661864 0.145758 0.401385
v -1.650059 0.145758 0.408619
v -1.637267 0.145758 0.413918
v -1.623870 0.145758 0.417134
v -0.950068 0.145758 0.418242
v -0.936197 0.145758 0.417150
v -0.922733 0.145758 0.413918
v -0.909941 0.145758 0.408619
v -0.898136 0.145758 0.401385
v -0.887607 0.145758 0.392393
v -0.878615 0.145758 0.381864
v -0.871381 0.145758 0.370059
v -0.866082 0.145758 0.357267
v -0.862866 0.145758 0.343870
v -0.860000 0.150000 -0.330000
v -0.861108 0.150000 -0.344079
v -0.864405 0.150000 -0.357812
v -0.869809 0.150000 -0.370859
v -0.877188 0.150000 -0.382901
v -0.886360 0.150000 -0.393640
v -0.897099 0.150000 -0.402812
v -0.909141 0.150000 -0.410191
v -0.922188 0.150000 -0.415595
v -0.935921 0.150000 -0.418892
v -1.610000 0.150000 -0.420000
v -1.624079 0.150000 -0.418892
v -1.637812 0.150000 -0.415595
v -1.650859 0.150000 -0.410191
v -1.662901 0.150000 -0.402812
v -1.673640 0.150000 -0.393640
v -1.682812 0.150000 -0.382901
v -1.690191 0.150000 -0.370859
v -1.695595 0.150000 -0.357812
v -1.698892 0.150000 -0.344079
v -1.700000 0.150000 0.330000
v -1.698892 0.150000 0.344079
v -1.695595 0.150000 0.357812
v -1.690191 0.150000 0.370859
v -1.682812 0.150000 0.382901
v -1.673640 0.150000 0.393640
v -1.662901 0.150000 0.402812
v -1.650859 0.150000 0.410191
v -1.637812 0.150000 0.415595
v -1.624079 0.150000 0.418892
v -0.950000 0.150000 0.420000
v -0.935921 0.150000 0.418892
v -0.922188 0.150000 0.415595
v -0.909141 0.150000 0.410191
v -0.897099 0.150000 0.402812
v -0.886360 0.150000 0.393640
v -0.877188 0.150000 0.382901
v -0.869809 0.150000 0.370859
v -0.864405 0.150000 0.357812
v -0.861108 0.150000 0.344079
v -0.860000 0.159000 -0.330000
v -0.861108 0.159000 -0.344079
v -0.864405 0.159000 -0.357812
v -0.869809 0.159000 -0.370859
v -0.877188 0.159000 -0.382901
v -0.886360 0.159000 -0.393640
v -0.897099 0.159000 -0.402812
v -0.909141 0.159000 -0.410191
v -0.922188 0.159000 -0.415595
v -0.935921 0.159000 -0.418892
v -1.610000 0.159000 -0.420000
v -1.624079 0.159000 -0.418892
v -1.637812 0.159000 -0.415595
v -1.650859 0.159000 -0.410191
v -1.662901 0.159000 -0.402812
v -1.673640 0.159000 -0.393640
v -1.682812 0.159000 -0.382901
v -1.690191 0.159000 -0.370859
v -1.695595 0.159000 -0.357812
v -1.698892 0.159000 -0.344079
v -1.700000 0.159000 0.330000
v -1.698892 0.159000 0.344079
v -1.695595 0.159000 0.357812
v -1.690191 0.159000 0.370859
v -1.682812 0.159000 0.382901
v -1.673640 0.159000 0.393640
v -1.662901 0.159000 0.402812
v -1.650859 0.159000 0.410191
v -1.637812 0.159000 0.415595
v -1.624079 0.159000 0.418892
v -0.950000 0.159000 0.420000
v -0.935921 0.159000 0.418892
v -0.922188 0.159000 0.415595
v -0.909141 0.159000 0.410191
v -0.897099 0.159000 0.402812
v -0.886360 0.159000 0.393640
v -0.877188 0.159000 0.382901
v -0.869809 0.159000 0.370859
v -0.864405 0.159000 0.357812
v -0.861108 0.159000 0.344079
v -0.861758 0.163242 -0.329932
v -0.862850 0.163242 -0.343803
v -0.866082 0.163242 -0.357267
v -0.871381 0.163242 -0.370059
v -0.878615 0.163242 -0.381864
v -0.887607 0.163242 -0.392393
v -0.898136 0.163242 -0.401385
v -0.909941 0.163242 -0.408619
v -0.922733 0.163242 -0.413918
v -0.936130 0.163242 -0.417134
v -1.609932 0.163242 -0.418242
v -1.623803 0.163242 -0.417150
v -1.637267 0.163242 -0.413918
v -1.650059 0.163242 -0.408619
v -1.661864 0.163242 -0.401385
v -1.672393 0.163242 -0.392393
v -1.681385 0.163242 -0.381864
v -1.688619 0.163242 -0.370059
v -1.693918 0.163242 -0.357267
v -1.697134 0.163242 -0.343870
v -1.698242 0.163242 0.329932
v -1.697150 0.163242 0.343803
v -1.693918 0.163242 0.357267
v -1.688619 0.163242 0.370059
v -1.681385 0.163242 0.381864
v -1.672393 0.163242 0.392393
v -1.661864 0.163242 0.401385
v -1.650059 0.163242 0.408619
v -1.637267 0.163242 0.413918
v -1.623870 0.163242 0.417134
v -0.950068 0.163242 0.418242
v -0.936197 0.163242 0.417150
v -0.922733 0.163242 0.413918
v -0.909941 0.163242 0.408619
v -0.898136 0.163242 0.401385
v -0.887607 0.163242 0.392393
v -0.878615 0.163242 0.381864
v -0.871381 0.163242 0.370059
v -0.866082 0.163242 0.357267
v -0.862866 0.163242 0.343870
v -0.866000 0.165000 -0.329769
v -0.867053 0.165000 -0.343138
v -0.870129 0.165000 -0.355952
v -0.875172 0.165000 -0.368127
v -0.882058 0.165000 -0.379363
v -0.890616 0.165000 -0.389384
v -0.900637 0.165000 -0.397942
v -0.911873 0.165000 -0.404828
v -0.924048 0.165000 -0.409871
v -0.936636 0.165000 -0.412893
v -1.609769 0.165000 -0.414000
v -1.623138 0.165000 -0.412947
v -1.635952 0.165000 -0.409871
v -1.648127 0.165000 -0.404828
v -1.659363 0.165000 -0.397942
v -1.669384 0.165000 -0.389384
v -1.677942 0.165000 -0.379363
v -1.684828 0.165000 -0.368127
v -1.689871 0.165000 -0.355952
v -1.692893 0.165000 -0.343364
v -1.694000 0.165000 0.329769
v -1.692947 0.165000 0.343138
v -1.689871 0.165000 0.355952
v -1.684828 0.165000 0.368127
v -1.677942 0.165000 0.379363
v -1.669384 0.165000 0.389384
v -1.659363 0.165000 0.397942
v -1.648127 0.165000 0.404828
v -1.635952 0.165000 0.409871
v -1.623364 0.165000 0.412893
v -0.950231 0.165000 0.414000
v -0.936862 0.165000 0.412947
v -0.924048 0.165000 0.409871
v -0.911873 0.165000 0.404828
v -0.900637 0.165000 0.397942
v -0.890616 0.165000 0.389384
v -0.882058 0.165000 0.379363
v -0.875172 0.165000 0.368127
v -0.870129 0.165000 0.355952
v -0.867107 0.165000 0.343364
v -0.866000 0.144000 -0.329769
v -0.867053 0.144000 -0.343138
v -0.870129 0.144000 -0.355952
v -0.875172 0.144000 -0.368127
v -0.882058 0.144000 -0.379363
v -0.890616 0.144000 -0.389384
v -0.900637 0.144000 -0.397942
v -0.911873 0.144000 -0.404828
v -0.924048 0.144000 -0.409871
v -0.936636 0.144000 -0.412893
v -1.609769 0.144000 -0.414000
v -1.623138 0.144000 -0.412947
v -1.635952 0.144000 -0.409871
v -1.648127 0.144000 -0.404828
v -1.659363 0.144000 -0.397942
v -1.669384 0.144000 -0.389384
v -1.677942 0.144000 -0.379363
v -1.684828 0.144000 -0.368127
v -1.689871 0.144000 -0.355952
v -1.692893 0.144000 -0.343364
v -1.694000 0.144000 0.329769
v -1.692947 0.144000 0.343138
v -1.689871 0.144000 0.355952
v -1.684828 0.144000 0.368127
v -1.677942 0.144000 0.379363
v -1.669384 0.144000 0.389384
v -1.659363 0.144000 0.397942
v -1.648127 0.144000 0.404828
v -1.635952 0.144000 0.409871
v -1.623364 0.144000 0.412893
v -0.950231 0.144000 0.414000
v -0.936862 0.144000 0.412947
v -0.924048 0.144000 0.409871
v -0.911873 0.144000 0.404828
v -0.900637 0.144000 0.397942
v -0.890616 0.144000 0.389384
v -0.882058 0.144000 0.379363
v -0.875172 0.144000 0.368127
v -0.870129 0.144000 0.355952
v -0.867107 0.144000 0.343364
v -0.866000 0.165000 -0.329769
v -0.867053 0.165000 -0.343138
v -0.870129 0.165000 -0.355952
v -0.875172 0.165000 -0.368127
v -0.882058 0.165000 -0.379363
v -0.890616 0.165000 -0.389384
v -0.900637 0.165000 -0.397942
v -0.911873 0.165000 -0.404828
v -0.924048 0.165000 -0.409871
v -0.936636 0.165000 -0.412893
v -1.609769 0.165000 -0.414000
v -1.623138 0.165000 -0.412947
v -1.635952 0.165000 -0.409871
v -1.648127 0.165000 -0.404828
v -1.659363 0.165000 -0.397942
v -1.669384 0.165000 -0.389384
v -1.677942 0.165000 -0.379363
v -1.684828 0.165000 -0.368127
v -1.689871 0.165000 -0.355952
v -1.692893 0.165000 -0.343364
v -1.694000 0.165000 0.329769
v -1.692947 0.165000 0.343138
v -1.689871 0.165000 0.355952
v -1.684828 0.165000 0.368127
v -1.677942 0.165000 0.379363
v -1.669384 0.165000 0.389384
v -1.659363 0.165000 0.397942
v -1.648127 0.165000 0.404828
v -1.635952 0.165000 0.409871
v -1.623364 0.165000 0.412893
v -0.950231 0.165000 0.414000
v -0.936862 0.165000 0.412947
v -0.924048 0.165000 0.409871
v -0.911873 0.165000 0.404828
v -0.900637 0.165000 0.397942
v -0.890616 0.165000 0.389384
v -0.882058 0.165000 0.379363
v -0.875172 0.165000 0.368127
v -0.870129 0.165000 0.355952
v -0.867107 0.165000 0.343364
f 5777 5778 5818
f 5777 5818 5817
f 5778 5779 5819
f 5778 5819 5818
f 5779 5780 5820
f 5779 5820 5819
f 5780 5781 5821
f 5780 5821 5820
f 5781 5782 5822
f 5781 5822 5821
f 5782 5783 5823
f 5782 5823 5822
f 5783 5784 5824
f 5783 5824 5823
f 5784 5785 5825
f 5784 5825 5824
f 5785 5786 5826
f 5785 5826 5825
f 5786 5787 5827
f 5786 5827 5826
f 5787 5788 5828
f 5787 5828 5827
f 5788 5789 5829
f 5788 5829 5828
f 5789 5790 5830
f 5789 5830 5829
f 5790 5791 5831
f 5790 5831 5830
f 5791 5792 5832
f 5791 5832 5831
f 5792 5793 5833
f 5792 5833 5832
f 5793 5794 5834
f 5793 5834 5833
f 5794 5795 5835
f 5794 5835 5834
f 5795 5796 5836
f 5795 5836 5835
f 5796 5797 5837
f 5796 5837 5836
f 5797 5798 5838
f 5797 5838 5837
f 5798 5799 5839
f 5798 5839 5838
f 5799 5800 5840
f 5799 5840 5839
f 5800 5801 5841
f 5800 5841 5840
f 5801 5802 5842
f 5801 5842 5841
f 5802 5803 5843
f 5802 5843 5842
f 5803 5804 5844
f 5803 5844 5843
f 5804 5805 5845
f 5804 5845 5844
f 5805 5806 5846
f 5805 5846 5845
f 5806 5807 5847
f 5806 5847 5846
f 5807 5808 5848
f 5807 5848 5847
f 5808 5809 5849
f 5808 5849 5848
f 5809 5810 5850
f 5809 5850 5849
f 5810 5811 5851
f 5810 5851 5850
f 5811 5812 5852
f 5811 5852 5851
f 5812 5813 5853
f 5812 5853 5852
f 5813 5814 5854
f 5813 5854 5853
f 5814 5815 5855
f 5814 5855 5854
f 5815 5816 5856
f 5815 5856 5855
f 5816 5777 5817
f 5816 5817 5856
f 5817 5818 5858
f 5817 5858 5857
f 5818 5819 5859
f 5818 5859 5858
f 5819 5820 5860
f 5819 5860 5859
f 5820 5821 5861
f 5820 5861 5860
f 5821 5822 5862
f 5821 5862 5861
f 5822 5823 5863
f 5822 5863 5862
f 5823 5824 5864
f 5823 5864 5863
f 5824 5825 5865
f 5824 5865 5864
f 5825 5826 5866
f 5825 5866 5865
f 5826 5827 5867
f 5826 5867 5866
f 5827 5828 5868
f 5827 5868 5867
f 5828 5829 5869
f 5828 5869 5868
f 5829 5830 5870
f 5829 5870 5869
f 5830 5831 5871
f 5830 5871 5870
f 5831 5832 5872
f 5831 5872 5871
f 5832 5833 5873
f 5832 5873 5872
f 5833 5834 5874
f 5833 5874 5873
f 5834 5835 5875
f 5834 5875 5874
f 5835 5836 5876
f 5835 5876 5875
f 5836 5837 5877
f 5836 5877 5876
f 5837 5838 5878
f 5837 5878 5877
f 5838 5839 5879
f 5838 5879 5878
f 5839 5840 5880
f 5839 5880 5879
f 5840 5841 5881
f 5840 5881 5880
f 5841 5842 5882
f 5841 5882 5881
f 5842 5843 5883
f 5842 5883 5882
f 5843 5844 5884
f 5843 5884 5883
f 5844 5845 5885
f 5844 5885 5884
f 5845 5846 5886
f 5845 5886 5885
f 5846 5847 5887
f 5846 5887 5886
f 5847 5848 5888
f 5847 5888 5887
f 5848 5849 5889
f 5848 5889 5888
f 5849 5850 5890
f 5849 5890 5889
f 5850 5851 5891
f 5850 5891 5890
f 5851 5852 5892
f 5851 5892 5891
f 5852 5853 5893
f 5852 5893 5892
f 5853 5854 5894
f 5853 5894 5893
f 5854 5855 5895
f 5854 5895 5894
f 5855 5856 5896
f 5855 5896 5895
f 5856 5817 5857
f 5856 5857 5896
f 5857 5858 5898
f 5857 5898 5897
f 5858 5859 5899
f 5858 5899 5898
f 5859 5860 5900
f 5859 5900 5899
f 5860 5861 5901
f 5860 5901 5900
f 5861 5862 5902
f 5861 5902 5901
f 5862 5863 5903
f 5862 5903 5902
f 5863 5864 5904
f 5863 5904 5903
f 5864 5865 5905
f 5864 5905 5904
f 5865 5866 5906
f 5865 5906 5905
f 5866 5867 5907
f 5866 5907 5906
f 5867 5868 5908
f 5867 5908 5907
f 5868 5869 5909
f 5868 5909 5908
f 5869 5870 5910
f 5869 5910 5909
f 5870 5871 5911
f 5870 5911 5910
f 5871 5872 5912
f 5871 5912 5911
f 5872 5873 5913
f 5872 5913 5912
f 5873 5874 5914
f 5873 5914 5913
f 5874 5875 5915
f 5874 5915 5914
f 5875 5876 5916
f 5875 5916 5915
f 5876 5877 5917
f 5876 5917 5916
f 5877 5878 5918
f 5877 5918 5917
f 5878 5879 5919
f 5878 5919 5918
f 5879 5880 5920
f 5879 5920 5919
f 5880 5881 5921
f 5880 5921 5920
f 5881 5882 5922
f 5881 5922 5921
f 5882 5883 5923
f 5882 5923 5922
f 5883 5884 5924
f 5883 5924 5923
f 5884 5885 5925
f 5884 5925 5924
f 5885 5886 5926
f 5885 5926 5925
f 5886 5887 5927
f 5886 5927 5926
f 5887 5888 5928
f 5887 5928 5927
f 5888 5889 5929
f 5888 5929 5928
f 5889 5890 5930
f 5889 5930 5929
f 5890 5891 5931
f 5890 5931 5930
f 5891 5892 5932
f 5891 5932 5931
f 5892 5893 5933
f 5892 5933 5932
f 5893 5894 5934
f 5893 5934 5933
f 5894 5895 5935
f 5894 5935 5934
f 5895 5896 5936
f 5895 5936 5935
f 5896 5857 5897
f 5896 5897 5936
f 5897 5898 5938
f 5897 5938 5937
f 5898 5899 5939
f 5898 5939 5938
f 5899 5900 5940
f 5899 5940 5939
f 5900 5901 5941
f 5900 5941 5940
f 5901 5902 5942
f 5901 5942 5941
f 5902 5903 5943
f 5902 5943 5942
f 5903 5904 5944
f 5903 5944 5943
f 5904 5905 5945
f 5904 5945 5944
f 5905 5906 5946
f 5905 5946 5945
f 5906 5907 5947
f 5906 5947 5946
f 5907 5908 5948
f 5907 5948 5947
f 5908 5909 5949
f 5908 5949 5948
f 5909 5910 5950
f 5909 5950 5949
f 5910 5911 5951
f 5910 5951 5950
f 5911 5912 5952
f 5911 5952 5951
f 5912 5913 5953
f 5912 5953 5952
f 5913 5914 5954
f 5913 5954 5953
f 5914 5915 5955
f 5914 5955 5954
f 5915 5916 5956
f 5915 5956 5955
f 5916 5917 5957
f 5916 5957 5956
f 5917 5918 5958
f 5917 5958 5957
f 5918 5919 5959
f 5918 5959 5958
f 5919 5920 5960
f 5919 5960 5959
f 5920 5921 5961
f 5920 5961 5960
f 5921 5922 5962
f 5921 5962 5961
f 5922 5923 5963
f 5922 5963 5962
f 5923 5924 5964
f 5923 5964 5963
f 5924 5925 5965
f 5924 5965 5964
f 5925 5926 5966
f 5925 5966 5965
f 5926 5927 5967
f 5926 5967 5966
f 5927 5928 5968
f 5927 5968 5967
f 5928 5929 5969
f 5928 5969 5968
f 5929 5930 5970
f 5929 5970 5969
f 5930 5931 5971
f 5930 5971 5970
f 5931 5932 5972
f 5931 5972 5971
f 5932 5933 5973
f 5932 5973 5972
f 5933 5934 5974
f 5933 5974 5973
f 5934 5935 5975
f 5934 5975 5974
f 5935 5936 5976
f 5935 5976 5975
f 5936 5897 5937
f 5936 5937 5976
f 5937 5938 5978
f 5937 5978 5977
f 5938 5939 5979
f 5938 5979 5978
f 5939 5940 5980
f 5939 5980 5979
f 5940 5941 5981
f 5940 5981 5980
f 5941 5942 5982
f 5941 5982 5981
f 5942 5943 5983
f 5942 5983 5982
f 5943 5944 5984
f 5943 5984 5983
f 5944 5945 5985
f 5944 5985 5984
f 5945 5946 5986
f 5945 5986 5985
f 5946 5947 5987
f 5946 5987 5986
f 5947 5948 5988
f 5947 5988 5987
f 5948 5949 5989
f 5948 5989 5988
f 5949 5950 5990
f 5949 5990 5989
f 5950 5951 5991
f 5950 5991 5990
f 5951 5952 5992
f 5951 5992 5991
f 5952 5953 5993
f 5952 5993 5992
f 5953 5954 5994
f 5953 5994 5993
f 5954 5955 5995
f 5954 5995 5994
f 5955 5956 5996
f 5955 5996 5995
f 5956 5957 5997
f 5956 5997 5996
f 5957 5958 5998
f 5957 5998 5997
f 5958 5959 5999
f 5958 5999 5998
f 5959 5960 6000
f 5959 6000 5999
f 5960 5961 6001
f 5960 6001 6000
f 5961 5962 6002
f 5961 6002 6001
f 5962 5963 6003
f 5962 6003 6002
f 5963 5964 6004
f 5963 6004 6003
f 5964 5965 6005
f 5964 6005 6004
f 5965 5966 6006
f 5965 6006 6005
f 5966 5967 6007
f 5966 6007 6006
f 5967 5968 6008
f 5967 6008 6007
f 5968 5969 6009
f 5968 6009 6008
f 5969 5970 6010
f 5969 6010 6009
f 5970 5971 6011
f 5970 6011 6010
f 5971 5972 6012
f 5971 6012 6011
f 5972 5973 6013
f 5972 6013 6012
f 5973 5974 6014
f 5973 6014 6013
f 5974 5975 6015
f 5974 6015 6014
f 5975 5976 6016
f 5975 6016 6015
f 5976 5937 5977
f 5976 5977 6016
f 6018 6017 6056
f 6019 6018 6056
f 6020 6019 6056
f 6021 6020 6056
f 6022 6021 6056
f 6023 6022 6056
f 6024 6023 6056
f 6025 6024 6056
f 6026 6025 6056
f 6027 6026 6056
f 6028 6027 6056
f 6029 6028 6056
f 6030 6029 6056
f 6031 6030 6056
f 6032 6031 6056
f 6033 6032 6056
f 6034 6033 6056
f 6035 6034 6056
f 6036 6035 6056
f 6037 6036 6056
f 6038 6037 6056
f 6039 6038 6056
f 6040 6039 6056
f 6041 6040 6056
f 6042 6041 6056
f 6043 6042 6056
f 6044 6043 6056
f 6045 6044 6056
f 6046 6045 6056
f 6047 6046 6056
f 6048 6047 6056
f 6049 6048 6056
f 6050 6049 6056
f 6051 6050 6056
f 6052 6051 6056
f 6053 6052 6056
f 6054 6053 6056
f 6056 6055 6054
f 6096 6057 6058
f 6096 6058 6059
f 6096 6059 6060
f 6096 6060 6061
f 6096 6061 6062
f 6096 6062 6063
f 6096 6063 6064
f 6096 6064 6065
f 6096 6065 6066
f 6096 6066 6067
f 6096 6067 6068
f 6096 6068 6069
f 6096 6069 6070
f 6096 6070 6071
f 6096 6071 6072
f 6096 6072 6073
f 6096 6073 6074
f 6096 6074 6075
f 6096 6075 6076
f 6096 6076 6077
f 6096 6077 6078
f 6096 6078 6079
f 6096 6079 6080
f 6096 6080 6081
f 6096 6081 6082
f 6096 6082 6083
f 6096 6083 6084
f 6096 6084 6085
f 6096 6085 6086
f 6096 6086 6087
f 6096 6087 6088
f 6096 6088 6089
f 6096 6089 6090
f 6096 6090 6091
f 6096 6091 6092
f 6096 6092 6093
f 6096 6093 6094
f 6094 6095 6096
o lava_rounded_rim
usemtl lava_base
v -0.780000 0.105000 -0.385000
v -0.781416 0.105000 -0.402990
v -0.785629 0.105000 -0.420537
v -0.792534 0.105000 -0.437209
v -0.801963 0.105000 -0.452595
v -0.813683 0.105000 -0.466317
v -0.827405 0.105000 -0.478037
v -0.842791 0.105000 -0.487466
v -0.859463 0.105000 -0.494371
v -0.877010 0.105000 -0.498584
v -1.665000 0.105000 -0.500000
v -1.682990 0.105000 -0.498584
v -1.700537 0.105000 -0.494371
v -1.717209 0.105000 -0.487466
v -1.732595 0.105000 -0.478037
v -1.746317 0.105000 -0.466317
v -1.758037 0.105000 -0.452595
v -1.767466 0.105000 -0.437209
v -1.774371 0.105000 -0.420537
v -1.778584 0.105000 -0.402990
v -1.780000 0.105000 0.385000
v -1.778584 0.105000 0.402990
v -1.774371 0.105000 0.420537
v -1.767466 0.105000 0.437209
v -1.758037 0.105000 0.452595
v -1.746317 0.105000 0.466317
v -1.732595 0.105000 0.478037
v -1.717209 0.105000 0.487466
v -1.700537 0.105000 0.494371
v -1.682990 0.105000 0.498584
v -0.895000 0.105000 0.500000
v -0.877010 0.105000 0.498584
v -0.859463 0.105000 0.494371
v -0.842791 0.105000 0.487466
v -0.827405 0.105000 0.478037
v -0.813683 0.105000 0.466317
v -0.801963 0.105000 0.452595
v -0.792534 0.105000 0.437209
v -0.785629 0.105000 0.420537
v -0.781416 0.105000 0.402990
v -0.780000 0.230000 -0.385000
v -0.781416 0.230000 -0.402990
v -0.785629 0.230000 -0.420537
v -0.792534 0.230000 -0.437209
v -0.801963 0.230000 -0.452595
v -0.813683 0.230000 -0.466317
v -0.827405 0.230000 -0.478037
v -0.842791 0.230000 -0.487466
v -0.859463 0.230000 -0.494371
v -0.877010 0.230000 -0.498584
v -1.665000 0.230000 -0.500000
v -1.682990 0.230000 -0.498584
v -1.700537 0.230000 -0.494371
v -1.717209 0.230000 -0.487466
v -1.732595 0.230000 -0.478037
v -1.746317 0.230000 -0.466317
v -1.758037 0.230000 -0.452595
v -1.767466 0.230000 -0.437209
v -1.774371 0.230000 -0.420537
v -1.778584 0.230000 -0.402990
v -1.780000 0.230000 0.385000
v -1.778584 0.230000 0.402990
v -1.774371 0.230000 0.420537
v -1.767466 0.230000 0.437209
v -1.758037 0.230000 0.452595
v -1.746317 0.230000 0.466317
v -1.732595 0.230000 0.478037
v -1.717209 0.230000 0.487466
v -1.700537 0.230000 0.494371
v -1.682990 0.230000 0.498584
v -0.895000 0.230000 0.500000
v -0.877010 0.230000 0.498584
v -0.859463 0.230000 0.494371
v -0.842791 0.230000 0.487466
v -0.827405 0.230000 0.478037
v -0.813683 0.230000 0.466317
v -0.801963 0.230000 0.452595
v -0.792534 0.230000 0.437209
v -0.785629 0.230000 0.420537
v -0.781416 0.230000 0.402990
v -0.784500 0.245000 -0.385500
v -0.785854 0.245000 -0.402708
v -0.789884 0.245000 -0.419492
v -0.796489 0.245000 -0.435439
v -0.805508 0.245000 -0.450156
v -0.816718 0.245000 -0.463282
v -0.829844 0.245000 -0.474492
v -0.844561 0.245000 -0.483511
v -0.860508 0.245000 -0.490116
v -0.877292 0.245000 -0.494146
v -1.665500 0.245000 -0.495500
v -1.682708 0.245000 -0.494146
v -1.699492 0.245000 -0.490116
v -1.715439 0.245000 -0.483511
v -1.730156 0.245000 -0.474492
v -1.743282 0.245000 -0.463282
v -1.754492 0.245000 -0.450156
v -1.763511 0.245000 -0.435439
v -1.770116 0.245000 -0.419492
v -1.774146 0.245000 -0.402708
v -1.775500 0.245000 0.385500
v -1.774146 0.245000 0.402708
v -1.770116 0.245000 0.419492
v -1.763511 0.245000 0.435439
v -1.754492 0.245000 0.450156
v -1.743282 0.245000 0.463282
v -1.730156 0.245000 0.474492
v -1.715439 0.245000 0.483511
v -1.699492 0.245000 0.490116
v -1.682708 0.245000 0.494146
v -0.894500 0.245000 0.495500
v -0.877292 0.245000 0.494146
v -0.860508 0.245000 0.490116
v -0.844561 0.245000 0.483511
v -0.829844 0.245000 0.474492
v -0.816718 0.245000 0.463282
v -0.805508 0.245000 0.450156
v -0.796489 0.245000 0.435439
v -0.789884 0.245000 0.419492
v -0.785854 0.245000 0.402708
v -0.795000 0.253000 -0.382000
v -0.796268 0.253000 -0.398113
v -0.800041 0.253000 -0.413829
v -0.806226 0.253000 -0.428761
v -0.814671 0.253000 -0.442542
v -0.825168 0.253000 -0.454832
v -0.837458 0.253000 -0.465329
v -0.851239 0.253000 -0.473774
v -0.866171 0.253000 -0.479959
v -0.881887 0.253000 -0.483732
v -1.662000 0.253000 -0.485000
v -1.678113 0.253000 -0.483732
v -1.693829 0.253000 -0.479959
v -1.708761 0.253000 -0.473774
v -1.722542 0.253000 -0.465329
v -1.734832 0.253000 -0.454832
v -1.745329 0.253000 -0.442542
v -1.753774 0.253000 -0.428761
v -1.759959 0.253000 -0.413829
v -1.763732 0.253000 -0.398113
v -1.765000 0.253000 0.382000
v -1.763732 0.253000 0.398113
v -1.759959 0.253000 0.413829
v -1.753774 0.253000 0.428761
v -1.745329 0.253000 0.442542
v -1.734832 0.253000 0.454832
v -1.722542 0.253000 0.465329
v -1.708761 0.253000 0.473774
v -1.693829 0.253000 0.479959
v -1.678113 0.253000 0.483732
v -0.898000 0.253000 0.485000
v -0.881887 0.253000 0.483732
v -0.866171 0.253000 0.479959
v -0.851239 0.253000 0.473774
v -0.837458 0.253000 0.465329
v -0.825168 0.253000 0.454832
v -0.814671 0.253000 0.442542
v -0.806226 0.253000 0.428761
v -0.800041 0.253000 0.413829
v -0.796268 0.253000 0.398113
v -0.861000 0.253000 -0.329000
v -0.862108 0.253000 -0.343079
v -0.865405 0.253000 -0.356812
v -0.870809 0.253000 -0.369859
v -0.878188 0.253000 -0.381901
v -0.887360 0.253000 -0.392640
v -0.898099 0.253000 -0.401812
v -0.910141 0.253000 -0.409191
v -0.923188 0.253000 -0.414595
v -0.936921 0.253000 -0.417892
v -1.609000 0.253000 -0.419000
v -1.623079 0.253000 -0.417892
v -1.636812 0.253000 -0.414595
v -1.649859 0.253000 -0.409191
v -1.661901 0.253000 -0.401812
v -1.672640 0.253000 -0.392640
v -1.681812 0.253000 -0.381901
v -1.689191 0.253000 -0.369859
v -1.694595 0.253000 -0.356812
v -1.697892 0.253000 -0.343079
v -1.699000 0.253000 0.329000
v -1.697892 0.253000 0.343079
v -1.694595 0.253000 0.356812
v -1.689191 0.253000 0.369859
v -1.681812 0.253000 0.381901
v -1.672640 0.253000 0.392640
v -1.661901 0.253000 0.401812
v -1.649859 0.253000 0.409191
v -1.636812 0.253000 0.414595
v -1.623079 0.253000 0.417892
v -0.951000 0.253000 0.419000
v -0.936921 0.253000 0.417892
v -0.923188 0.253000 0.414595
v -0.910141 0.253000 0.409191
v -0.898099 0.253000 0.401812
v -0.887360 0.253000 0.392640
v -0.878188 0.253000 0.381901
v -0.870809 0.253000 0.369859
v -0.865405 0.253000 0.356812
v -0.862108 0.253000 0.343079
v -0.869500 0.246000 -0.326500
v -0.870534 0.246000 -0.339640
v -0.873611 0.246000 -0.352457
v -0.878655 0.246000 -0.364635
v -0.885543 0.246000 -0.375874
v -0.894103 0.246000 -0.385897
v -0.904126 0.246000 -0.394457
v -0.915365 0.246000 -0.401345
v -0.927543 0.246000 -0.406389
v -0.940360 0.246000 -0.409466
v -1.606500 0.246000 -0.410500
v -1.619640 0.246000 -0.409466
v -1.632457 0.246000 -0.406389
v -1.644635 0.246000 -0.401345
v -1.655874 0.246000 -0.394457
v -1.665897 0.246000 -0.385897
v -1.674457 0.246000 -0.375874
v -1.681345 0.246000 -0.364635
v -1.686389 0.246000 -0.352457
v -1.689466 0.246000 -0.339640
v -1.690500 0.246000 0.326500
v -1.689466 0.246000 0.339640
v -1.686389 0.246000 0.352457
v -1.681345 0.246000 0.364635
v -1.674457 0.246000 0.375874
v -1.665897 0.246000 0.385897
v -1.655874 0.246000 0.394457
v -1.644635 0.246000 0.401345
v -1.632457 0.246000 0.406389
v -1.619640 0.246000 0.409466
v -0.953500 0.246000 0.410500
v -0.940360 0.246000 0.409466
v -0.927543 0.246000 0.406389
v -0.915365 0.246000 0.401345
v -0.904126 0.246000 0.394457
v -0.894103 0.246000 0.385897
v -0.885543 0.246000 0.375874
v -0.878655 0.246000 0.364635
v -0.873611 0.246000 0.352457
v -0.870534 0.246000 0.339640
v -0.874000 0.232000 -0.326000
v -0.874985 0.232000 -0.338515
v -0.877915 0.232000 -0.350721
v -0.882719 0.232000 -0.362319
v -0.889279 0.232000 -0.373023
v -0.897431 0.232000 -0.382569
v -0.906977 0.232000 -0.390721
v -0.917681 0.232000 -0.397281
v -0.929279 0.232000 -0.402085
v -0.941485 0.232000 -0.405015
v -1.606000 0.232000 -0.406000
v -1.618515 0.232000 -0.405015
v -1.630721 0.232000 -0.402085
v -1.642319 0.232000 -0.397281
v -1.653023 0.232000 -0.390721
v -1.662569 0.232000 -0.382569
v -1.670721 0.232000 -0.373023
v -1.677281 0.232000 -0.362319
v -1.682085 0.232000 -0.350721
v -1.685015 0.232000 -0.338515
v -1.686000 0.232000 0.326000
v -1.685015 0.232000 0.338515
v -1.682085 0.232000 0.350721
v -1.677281 0.232000 0.362319
v -1.670721 0.232000 0.373023
v -1.662569 0.232000 0.382569
v -1.653023 0.232000 0.390721
v -1.642319 0.232000 0.397281
v -1.630721 0.232000 0.402085
v -1.618515 0.232000 0.405015
v -0.954000 0.232000 0.406000
v -0.941485 0.232000 0.405015
v -0.929279 0.232000 0.402085
v -0.917681 0.232000 0.397281
v -0.906977 0.232000 0.390721
v -0.897431 0.232000 0.382569
v -0.889279 0.232000 0.373023
v -0.882719 0.232000 0.362319
v -0.877915 0.232000 0.350721
v -0.874985 0.232000 0.338515
v -0.874000 0.156000 -0.326000
v -0.874985 0.156000 -0.338515
v -0.877915 0.156000 -0.350721
v -0.882719 0.156000 -0.362319
v -0.889279 0.156000 -0.373023
v -0.897431 0.156000 -0.382569
v -0.906977 0.156000 -0.390721
v -0.917681 0.156000 -0.397281
v -0.929279 0.156000 -0.402085
v -0.941485 0.156000 -0.405015
v -1.606000 0.156000 -0.406000
v -1.618515 0.156000 -0.405015
v -1.630721 0.156000 -0.402085
v -1.642319 0.156000 -0.397281
v -1.653023 0.156000 -0.390721
v -1.662569 0.156000 -0.382569
v -1.670721 0.156000 -0.373023
v -1.677281 0.156000 -0.362319
v -1.682085 0.156000 -0.350721
v -1.685015 0.156000 -0.338515
v -1.686000 0.156000 0.326000
v -1.685015 0.156000 0.338515
v -1.682085 0.156000 0.350721
v -1.677281 0.156000 0.362319
v -1.670721 0.156000 0.373023
v -1.662569 0.156000 0.382569
v -1.653023 0.156000 0.390721
v -1.642319 0.156000 0.397281
v -1.630721 0.156000 0.402085
v -1.618515 0.156000 0.405015
v -0.954000 0.156000 0.406000
v -0.941485 0.156000 0.405015
v -0.929279 0.156000 0.402085
v -0.917681 0.156000 0.397281
v -0.906977 0.156000 0.390721
v -0.897431 0.156000 0.382569
v -0.889279 0.156000 0.373023
v -0.882719 0.156000 0.362319
v -0.877915 0.156000 0.350721
v -0.874985 0.156000 0.338515
v -0.862500 0.146000 -0.332500
v -0.863546 0.146000 -0.345797
v -0.866660 0.146000 -0.358766
v -0.871764 0.146000 -0.371089
v -0.878734 0.146000 -0.382462
v -0.887396 0.146000 -0.392604
v -0.897538 0.146000 -0.401266
v -0.908911 0.146000 -0.408236
v -0.921234 0.146000 -0.413340
v -0.934203 0.146000 -0.416454
v -1.612500 0.146000 -0.417500
v -1.625797 0.146000 -0.416454
v -1.638766 0.146000 -0.413340
v -1.651089 0.146000 -0.408236
v -1.662462 0.146000 -0.401266
v -1.672604 0.146000 -0.392604
v -1.681266 0.146000 -0.382462
v -1.688236 0.146000 -0.371089
v -1.693340 0.146000 -0.358766
v -1.696454 0.146000 -0.345797
v -1.697500 0.146000 0.332500
v -1.696454 0.146000 0.345797
v -1.693340 0.146000 0.358766
v -1.688236 0.146000 0.371089
v -1.681266 0.146000 0.382462
v -1.672604 0.146000 0.392604
v -1.662462 0.146000 0.401266
v -1.651089 0.146000 0.408236
v -1.638766 0.146000 0.413340
v -1.625797 0.146000 0.416454
v -0.947500 0.146000 0.417500
v -0.934203 0.146000 0.416454
v -0.921234 0.146000 0.413340
v -0.908911 0.146000 0.408236
v -0.897538 0.146000 0.401266
v -0.887396 0.146000 0.392604
v -0.878734 0.146000 0.382462
v -0.871764 0.146000 0.371089
v -0.866660 0.146000 0.358766
v -0.863546 0.146000 0.345797
v -0.795000 0.146000 -0.382000
v -0.796268 0.146000 -0.398113
v -0.800041 0.146000 -0.413829
v -0.806226 0.146000 -0.428761
v -0.814671 0.146000 -0.442542
v -0.825168 0.146000 -0.454832
v -0.837458 0.146000 -0.465329
v -0.851239 0.146000 -0.473774
v -0.866171 0.146000 -0.479959
v -0.881887 0.146000 -0.483732
v -1.662000 0.146000 -0.485000
v -1.678113 0.146000 -0.483732
v -1.693829 0.146000 -0.479959
v -1.708761 0.146000 -0.473774
v -1.722542 0.146000 -0.465329
v -1.734832 0.146000 -0.454832
v -1.745329 0.146000 -0.442542
v -1.753774 0.146000 -0.428761
v -1.759959 0.146000 -0.413829
v -1.763732 0.146000 -0.398113
v -1.765000 0.146000 0.382000
v -1.763732 0.146000 0.398113
v -1.759959 0.146000 0.413829
v -1.753774 0.146000 0.428761
v -1.745329 0.146000 0.442542
v -1.734832 0.146000 0.454832
v -1.722542 0.146000 0.465329
v -1.708761 0.146000 0.473774
v -1.693829 0.146000 0.479959
v -1.678113 0.146000 0.483732
v -0.898000 0.146000 0.485000
v -0.881887 0.146000 0.483732
v -0.866171 0.146000 0.479959
v -0.851239 0.146000 0.473774
v -0.837458 0.146000 0.465329
v -0.825168 0.146000 0.454832
v -0.814671 0.146000 0.442542
v -0.806226 0.146000 0.428761
v -0.800041 0.146000 0.413829
v -0.796268 0.146000 0.398113
f 6097 6098 6138
f 6097 6138 6137
f 6098 6099 6139
f 6098 6139 6138
f 6099 6100 6140
f 6099 6140 6139
f 6100 6101 6141
f 6100 6141 6140
f 6101 6102 6142
f 6101 6142 6141
f 6102 6103 6143
f 6102 6143 6142
f 6103 6104 6144
f 6103 6144 6143
f 6104 6105 6145
f 6104 6145 6144
f 6105 6106 6146
f 6105 6146 6145
f 6106 6107 6147
f 6106 6147 6146
f 6107 6108 6148
f 6107 6148 6147
f 6108 6109 6149
f 6108 6149 6148
f 6109 6110 6150
f 6109 6150 6149
f 6110 6111 6151
f 6110 6151 6150
f 6111 6112 6152
f 6111 6152 6151
f 6112 6113 6153
f 6112 6153 6152
f 6113 6114 6154
f 6113 6154 6153
f 6114 6115 6155
f 6114 6155 6154
f 6115 6116 6156
f 6115 6156 6155
f 6116 6117 6157
f 6116 6157 6156
f 6117 6118 6158
f 6117 6158 6157
f 6118 6119 6159
f 6118 6159 6158
f 6119 6120 6160
f 6119 6160 6159
f 6120 6121 6161
f 6120 6161 6160
f 6121 6122 6162
f 6121 6162 6161
f 6122 6123 6163
f 6122 6163 6162
f 6123 6124 6164
f 6123 6164 6163
f 6124 6125 6165
f 6124 6165 6164
f 6125 6126 6166
f 6125 6166 6165
f 6126 6127 6167
f 6126 6167 6166
f 6127 6128 6168
f 6127 6168 6167
f 6128 6129 6169
f 6128 6169 6168
f 6129 6130 6170
f 6129 6170 6169
f 6130 6131 6171
f 6130 6171 6170
f 6131 6132 6172
f 6131 6172 6171
f 6132 6133 6173
f 6132 6173 6172
f 6133 6134 6174
f 6133 6174 6173
f 6134 6135 6175
f 6134 6175 6174
f 6135 6136 6176
f 6135 6176 6175
f 6136 6097 6137
f 6136 6137 6176
f 6137 6138 6178
f 6137 6178 6177
f 6138 6139 6179
f 6138 6179 6178
f 6139 6140 6180
f 6139 6180 6179
f 6140 6141 6181
f 6140 6181 6180
f 6141 6142 6182
f 6141 6182 6181
f 6142 6143 6183
f 6142 6183 6182
f 6143 6144 6184
f 6143 6184 6183
f 6144 6145 6185
f 6144 6185 6184
f 6145 6146 6186
f 6145 6186 6185
f 6146 6147 6187
f 6146 6187 6186
f 6147 6148 6188
f 6147 6188 6187
f 6148 6149 6189
f 6148 6189 6188
f 6149 6150 6190
f 6149 6190 6189
f 6150 6151 6191
f 6150 6191 6190
f 6151 6152 6192
f 6151 6192 6191
f 6152 6153 6193
f 6152 6193 6192
f 6153 6154 6194
f 6153 6194 6193
f 6154 6155 6195
f 6154 6195 6194
f 6155 6156 6196
f 6155 6196 6195
f 6156 6157 6197
f 6156 6197 6196
f 6157 6158 6198
f 6157 6198 6197
f 6158 6159 6199
f 6158 6199 6198
f 6159 6160 6200
f 6159 6200 6199
f 6160 6161 6201
f 6160 6201 6200
f 6161 6162 6202
f 6161 6202 6201
f 6162 6163 6203
f 6162 6203 6202
f 6163 6164 6204
f 6163 6204 6203
f 6164 6165 6205
f 6164 6205 6204
f 6165 6166 6206
f 6165 6206 6205
f 6166 6167 6207
f 6166 6207 6206
f 6167 6168 6208
f 6167 6208 6207
f 6168 6169 6209
f 6168 6209 6208
f 6169 6170 6210
f 6169 6210 6209
f 6170 6171 6211
f 6170 6211 6210
f 6171 6172 6212
f 6171 6212 6211
f 6172 6173 6213
f 6172 6213 6212
f 6173 6174 6214
f 6173 6214 6213
f 6174 6175 6215
f 6174 6215 6214
f 6175 6176 6216
f 6175 6216 6215
f 6176 6137 6177
f 6176 6177 6216
f 6177 6178 6218
f 6177 6218 6217
f 6178 6179 6219
f 6178 6219 6218
f 6179 6180 6220
f 6179 6220 6219
f 6180 6181 6221
f 6180 6221 6220
f 6181 6182 6222
f 6181 6222 6221
f 6182 6183 6223
f 6182 6223 6222
f 6183 6184 6224
f 6183 6224 6223
f 6184 6185 6225
f 6184 6225 6224
f 6185 6186 6226
f 6185 6226 6225
f 6186 6187 6227
f 6186 6227 6226
f 6187 6188 6228
f 6187 6228 6227
f 6188 6189 6229
f 6188 6229 6228
f 6189 6190 6230
f 6189 6230 6229
f 6190 6191 6231
f 6190 6231 6230
f 6191 6192 6232
f 6191 6232 6231
f 6192 6193 6233
f 6192 6233 6232
f 6193 6194 6234
f 6193 6234 6233
f 6194 6195 6235
f 6194 6235 6234
f 6195 6196 6236
f 6195 6236 6235
f 6196 6197 6237
f 6196 6237 6236
f 6197 6198 6238
f 6197 6238 6237
f 6198 6199 6239
f 6198 6239 6238
f 6199 6200 6240
f 6199 6240 6239
f 6200 6201 6241
f 6200 6241 6240
f 6201 6202 6242
f 6201 6242 6241
f 6202 6203 6243
f 6202 6243 6242
f 6203 6204 6244
f 6203 6244 6243
f 6204 6205 6245
f 6204 6245 6244
f 6205 6206 6246
f 6205 6246 6245
f 6206 6207 6247
f 6206 6247 6246
f 6207 6208 6248
f 6207 6248 6247
f 6208 6209 6249
f 6208 6249 6248
f 6209 6210 6250
f 6209 6250 6249
f 6210 6211 6251
f 6210 6251 6250
f 6211 6212 6252
f 6211 6252 6251
f 6212 6213 6253
f 6212 6253 6252
f 6213 6214 6254
f 6213 6254 6253
f 6214 6215 6255
f 6214 6255 6254
f 6215 6216 6256
f 6215 6256 6255
f 6216 6177 6217
f 6216 6217 6256
f 6217 6218 6258
f 6217 6258 6257
f 6218 6219 6259
f 6218 6259 6258
f 6219 6220 6260
f 6219 6260 6259
f 6220 6221 6261
f 6220 6261 6260
f 6221 6222 6262
f 6221 6262 6261
f 6222 6223 6263
f 6222 6263 6262
f 6223 6224 6264
f 6223 6264 6263
f 6224 6225 6265
f 6224 6265 6264
f 6225 6226 6266
f 6225 6266 6265
f 6226 6227 6267
f 6226 6267 6266
f 6227 6228 6268
f 6227 6268 6267
f 6228 6229 6269
f 6228 6269 6268
f 6229 6230 6270
f 6229 6270 6269
f 6230 6231 6271
f 6230 6271 6270
f 6231 6232 6272
f 6231 6272 6271
f 6232 6233 6273
f 6232 6273 6272
f 6233 6234 6274
f 6233 6274 6273
f 6234 6235 6275
f 6234 6275 6274
f 6235 6236 6276
f 6235 6276 6275
f 6236 6237 6277
f 6236 6277 6276
f 6237 6238 6278
f 6237 6278 6277
f 6238 6239 6279
f 6238 6279 6278
f 6239 6240 6280
f 6239 6280 6279
f 6240 6241 6281
f 6240 6281 6280
f 6241 6242 6282
f 6241 6282 6281
f 6242 6243 6283
f 6242 6283 6282
f 6243 6244 6284
f 6243 6284 6283
f 6244 6245 6285
f 6244 6285 6284
f 6245 6246 6286
f 6245 6286 6285
f 6246 6247 6287
f 6246 6287 6286
f 6247 6248 6288
f 6247 6288 6287
f 6248 6249 6289
f 6248 6289 6288
f 6249 6250 6290
f 6249 6290 6289
f 6250 6251 6291
f 6250 6291 6290
f 6251 6252 6292
f 6251 6292 6291
f 6252 6253 6293
f 6252 6293 6292
f 6253 6254 6294
f 6253 6294 6293
f 6254 6255 6295
f 6254 6295 6294
f 6255 6256 6296
f 6255 6296 6295
f 6256 6217 6257
f 6256 6257 6296
f 6257 6258 6298
f 6257 6298 6297
f 6258 6259 6299
f 6258 6299 6298
f 6259 6260 6300
f 6259 6300 6299
f 6260 6261 6301
f 6260 6301 6300
f 6261 6262 6302
f 6261 6302 6301
f 6262 6263 6303
f 6262 6303 6302
f 6263 6264 6304
f 6263 6304 6303
f 6264 6265 6305
f 6264 6305 6304
f 6265 6266 6306
f 6265 6306 6305
f 6266 6267 6307
f 6266 6307 6306
f 6267 6268 6308
f 6267 6308 6307
f 6268 6269 6309
f 6268 6309 6308
f 6269 6270 6310
f 6269 6310 6309
f 6270 6271 6311
f 6270 6311 6310
f 6271 6272 6312
f 6271 6312 6311
f 6272 6273 6313
f 6272 6313 6312
f 6273 6274 6314
f 6273 6314 6313
f 6274 6275 6315
f 6274 6315 6314
f 6275 6276 6316
f 6275 6316 6315
f 6276 6277 6317
f 6276 6317 6316
f 6277 6278 6318
f 6277 6318 6317
f 6278 6279 6319
f 6278 6319 6318
f 6279 6280 6320
f 6279 6320 6319
f 6280 6281 6321
f 6280 6321 6320
f 6281 6282 6322
f 6281 6322 6321
f 6282 6283 6323
f 6282 6323 6322
f 6283 6284 6324
f 6283 6324 6323
f 6284 6285 6325
f 6284 6325 6324
f 6285 6286 6326
f 6285 6326 6325
f 6286 6287 6327
f 6286 6327 6326
f 6287 6288 6328
f 6287 6328 6327
f 6288 6289 6329
f 6288 6329 6328
f 6289 6290 6330
f 6289 6330 6329
f 6290 6291 6331
f 6290 6331 6330
f 6291 6292 6332
f 6291 6332 6331
f 6292 6293 6333
f 6292 6333 6332
f 6293 6294 6334
f 6293 6334 6333
f 6294 6295 6335
f 6294 6335 6334
f 6295 6296 6336
f 6295 6336 6335
f 6296 6257 6297
f 6296 6297 6336
f 6297 6298 6338
f 6297 6338 6337
f 6298 6299 6339
f 6298 6339 6338
f 6299 6300 6340
f 6299 6340 6339
f 6300 6301 6341
f 6300 6341 6340
f 6301 6302 6342
f 6301 6342 6341
f 6302 6303 6343
f 6302 6343 6342
f 6303 6304 6344
f 6303 6344 6343
f 6304 6305 6345
f 6304 6345 6344
f 6305 6306 6346
f 6305 6346 6345
f 6306 6307 6347
f 6306 6347 6346
f 6307 6308 6348
f 6307 6348 6347
f 6308 6309 6349
f 6308 6349 6348
f 6309 6310 6350
f 6309 6350 6349
f 6310 6311 6351
f 6310 6351 6350
f 6311 6312 6352
f 6311 6352 6351
f 6312 6313 6353
f 6312 6353 6352
f 6313 6314 6354
f 6313 6354 6353
f 6314 6315 6355
f 6314 6355 6354
f 6315 6316 6356
f 6315 6356 6355
f 6316 6317 6357
f 6316 6357 6356
f 6317 6318 6358
f 6317 6358 6357
f 6318 6319 6359
f 6318 6359 6358
f 6319 6320 6360
f 6319 6360 6359
f 6320 6321 6361
f 6320 6361 6360
f 6321 6322 6362
f 6321 6362 6361
f 6322 6323 6363
f 6322 6363 6362
f 6323 6324 6364
f 6323 6364 6363
f 6324 6325 6365
f 6324 6365 6364
f 6325 6326 6366
f 6325 6366 6365
f 6326 6327 6367
f 6326 6367 6366
f 6327 6328 6368
f 6327 6368 6367
f 6328 6329 6369
f 6328 6369 6368
f 6329 6330 6370
f 6329 6370 6369
f 6330 6331 6371
f 6330 6371 6370
f 6331 6332 6372
f 6331 6372 6371
f 6332 6333 6373
f 6332 6373 6372
f 6333 6334 6374
f 6333 6374 6373
f 6334 6335 6375
f 6334 6375 6374
f 6335 6336 6376
f 6335 6376 6375
f 6336 6297 6337
f 6336 6337 6376
f 6337 6338 6378
f 6337 6378 6377
f 6338 6339 6379
f 6338 6379 6378
f 6339 6340 6380
f 6339 6380 6379
f 6340 6341 6381
f 6340 6381 6380
f 6341 6342 6382
f 6341 6382 6381
f 6342 6343 6383
f 6342 6383 6382
f 6343 6344 6384
f 6343 6384 6383
f 6344 6345 6385
f 6344 6385 6384
f 6345 6346 6386
f 6345 6386 6385
f 6346 6347 6387
f 6346 6387 6386
f 6347 6348 6388
f 6347 6388 6387
f 6348 6349 6389
f 6348 6389 6388
f 6349 6350 6390
f 6349 6390 6389
f 6350 6351 6391
f 6350 6391 6390
f 6351 6352 6392
f 6351 6392 6391
f 6352 6353 6393
f 6352 6393 6392
f 6353 6354 6394
f 6353 6394 6393
f 6354 6355 6395
f 6354 6395 6394
f 6355 6356 6396
f 6355 6396 6395
f 6356 6357 6397
f 6356 6397 6396
f 6357 6358 6398
f 6357 6398 6397
f 6358 6359 6399
f 6358 6399 6398
f 6359 6360 6400
f 6359 6400 6399
f 6360 6361 6401
f 6360 6401 6400
f 6361 6362 6402
f 6361 6402 6401
f 6362 6363 6403
f 6362 6403 6402
f 6363 6364 6404
f 6363 6404 6403
f 6364 6365 6405
f 6364 6405 6404
f 6365 6366 6406
f 6365 6406 6405
f 6366 6367 6407
f 6366 6407 6406
f 6367 6368 6408
f 6367 6408 6407
f 6368 6369 6409
f 6368 6409 6408
f 6369 6370 6410
f 6369 6410 6409
f 6370 6371 6411
f 6370 6411 6410
f 6371 6372 6412
f 6371 6412 6411
f 6372 6373 6413
f 6372 6413 6412
f 6373 6374 6414
f 6373 6414 6413
f 6374 6375 6415
f 6374 6415 6414
f 6375 6376 6416
f 6375 6416 6415
f 6376 6337 6377
f 6376 6377 6416
f 6377 6378 6418
f 6377 6418 6417
f 6378 6379 6419
f 6378 6419 6418
f 6379 6380 6420
f 6379 6420 6419
f 6380 6381 6421
f 6380 6421 6420
f 6381 6382 6422
f 6381 6422 6421
f 6382 6383 6423
f 6382 6423 6422
f 6383 6384 6424
f 6383 6424 6423
f 6384 6385 6425
f 6384 6425 6424
f 6385 6386 6426
f 6385 6426 6425
f 6386 6387 6427
f 6386 6427 6426
f 6387 6388 6428
f 6387 6428 6427
f 6388 6389 6429
f 6388 6429 6428
f 6389 6390 6430
f 6389 6430 6429
f 6390 6391 6431
f 6390 6431 6430
f 6391 6392 6432
f 6391 6432 6431
f 6392 6393 6433
f 6392 6433 6432
f 6393 6394 6434
f 6393 6434 6433
f 6394 6395 6435
f 6394 6435 6434
f 6395 6396 6436
f 6395 6436 6435
f 6396 6397 6437
f 6396 6437 6436
f 6397 6398 6438
f 6397 6438 6437
f 6398 6399 6439
f 6398 6439 6438
f 6399 6400 6440
f 6399 6440 6439
f 6400 6401 6441
f 6400 6441 6440
f 6401 6402 6442
f 6401 6442 6441
f 6402 6403 6443
f 6402 6443 6442
f 6403 6404 6444
f 6403 6444 6443
f 6404 6405 6445
f 6404 6445 6444
f 6405 6406 6446
f 6405 6446 6445
f 6406 6407 6447
f 6406 6447 6446
f 6407 6408 6448
f 6407 6448 6447
f 6408 6409 6449
f 6408 6449 6448
f 6409 6410 6450
f 6409 6450 6449
f 6410 6411 6451
f 6410 6451 6450
f 6411 6412 6452
f 6411 6452 6451
f 6412 6413 6453
f 6412 6453 6452
f 6413 6414 6454
f 6413 6454 6453
f 6414 6415 6455
f 6414 6455 6454
f 6415 6416 6456
f 6415 6456 6455
f 6416 6377 6417
f 6416 6417 6456
f 6417 6418 6458
f 6417 6458 6457
f 6418 6419 6459
f 6418 6459 6458
f 6419 6420 6460
f 6419 6460 6459
f 6420 6421 6461
f 6420 6461 6460
f 6421 6422 6462
f 6421 6462 6461
f 6422 6423 6463
f 6422 6463 6462
f 6423 6424 6464
f 6423 6464 6463
f 6424 6425 6465
f 6424 6465 6464
f 6425 6426 6466
f 6425 6466 6465
f 6426 6427 6467
f 6426 6467 6466
f 6427 6428 6468
f 6427 6468 6467
f 6428 6429 6469
f 6428 6469 6468
f 6429 6430 6470
f 6429 6470 6469
f 6430 6431 6471
f 6430 6471 6470
f 6431 6432 6472
f 6431 6472 6471
f 6432 6433 6473
f 6432 6473 6472
f 6433 6434 6474
f 6433 6474 6473
f 6434 6435 6475
f 6434 6475 6474
f 6435 6436 6476
f 6435 6476 6475
f 6436 6437 6477
f 6436 6477 6476
f 6437 6438 6478
f 6437 6478 6477
f 6438 6439 6479
f 6438 6479 6478
f 6439 6440 6480
f 6439 6480 6479
f 6440 6441 6481
f 6440 6481 6480
f 6441 6442 6482
f 6441 6482 6481
f 6442 6443 6483
f 6442 6483 6482
f 6443 6444 6484
f 6443 6484 6483
f 6444 6445 6485
f 6444 6485 6484
f 6445 6446 6486
f 6445 6486 6485
f 6446 6447 6487
f 6446 6487 6486
f 6447 6448 6488
f 6447 6488 6487
f 6448 6449 6489
f 6448 6489 6488
f 6449 6450 6490
f 6449 6490 6489
f 6450 6451 6491
f 6450 6491 6490
f 6451 6452 6492
f 6451 6492 6491
f 6452 6453 6493
f 6452 6493 6492
f 6453 6454 6494
f 6453 6494 6493
f 6454 6455 6495
f 6454 6495 6494
f 6455 6456 6496
f 6455 6496 6495
f 6456 6417 6457
f 6456 6457 6496
f 6457 6458 6098
f 6457 6098 6097
f 6458 6459 6099
f 6458 6099 6098
f 6459 6460 6100
f 6459 6100 6099
f 6460 6461 6101
f 6460 6101 6100
f 6461 6462 6102
f 6461 6102 6101
f 6462 6463 6103
f 6462 6103 6102
f 6463 6464 6104
f 6463 6104 6103
f 6464 6465 6105
f 6464 6105 6104
f 6465 6466 6106
f 6465 6106 6105
f 6466 6467 6107
f 6466 6107 6106
f 6467 6468 6108
f 6467 6108 6107
f 6468 6469 6109
f 6468 6109 6108
f 6469 6470 6110
f 6469 6110 6109
f 6470 6471 6111
f 6470 6111 6110
f 6471 6472 6112
f 6471 6112 6111
f 6472 6473 6113
f 6472 6113 6112
f 6473 6474 6114
f 6473 6114 6113
f 6474 6475 6115
f 6474 6115 6114
f 6475 6476 6116
f 6475 6116 6115
f 6476 6477 6117
f 6476 6117 6116
f 6477 6478 6118
f 6477 6118 6117
f 6478 6479 6119
f 6478 6119 6118
f 6479 6480 6120
f 6479 6120 6119
f 6480 6481 6121
f 6480 6121 6120
f 6481 6482 6122
f 6481 6122 6121
f 6482 6483 6123
f 6482 6123 6122
f 6483 6484 6124
f 6483 6124 6123
f 6484 6485 6125
f 6484 6125 6124
f 6485 6486 6126
f 6485 6126 6125
f 6486 6487 6127
f 6486 6127 6126
f 6487 6488 6128
f 6487 6128 6127
f 6488 6489 6129
f 6488 6129 6128
f 6489 6490 6130
f 6489 6130 6129
f 6490 6491 6131
f 6490 6131 6130
f 6491 6492 6132
f 6491 6132 6131
f 6492 6493 6133
f 6492 6133 6132
f 6493 6494 6134
f 6493 6134 6133
f 6494 6495 6135
f 6494 6135 6134
f 6495 6496 6136
f 6495 6136 6135
f 6496 6457 6097
f 6496 6097 6136
o lava_flame
usemtl lava_relief
v -1.207454 0.164000 0.270088
v -1.142411 0.164000 0.226690
v -1.089794 0.164000 0.180790
v -1.050095 0.164000 0.132407
v -1.023663 0.164000 0.081497
v -1.010762 0.164000 0.027795
v -1.011801 0.164000 -0.029218
v -1.027490 0.164000 -0.090051
v -1.047432 0.164000 -0.131561
v -1.044238 0.164000 -0.143204
v -1.049576 0.164000 -0.127862
v -1.056912 0.164000 -0.111931
v -1.066826 0.164000 -0.095877
v -1.079860 0.164000 -0.080193
v -1.096499 0.164000 -0.065369
v -1.117184 0.164000 -0.051861
v -1.142344 0.164000 -0.040062
v -1.200089 0.164000 -0.021365
v -1.168137 0.164000 -0.067449
v -1.158730 0.164000 -0.092868
v -1.155056 0.164000 -0.122213
v -1.157956 0.164000 -0.154530
v -1.168253 0.164000 -0.188848
v -1.186773 0.164000 -0.224191
v -1.214350 0.164000 -0.259567
v -1.251821 0.164000 -0.293959
v -1.289516 0.164000 -0.319272
v -1.294814 0.164000 -0.302646
v -1.298333 0.164000 -0.273386
v -1.298333 0.164000 -0.242635
v -1.296857 0.164000 -0.210179
v -1.296104 0.164000 -0.175878
v -1.298396 0.164000 -0.139617
v -1.306104 0.164000 -0.101363
v -1.321536 0.164000 -0.061184
v -1.346719 0.164000 -0.019367
v -1.358636 0.164000 -0.003775
v -1.375999 0.164000 0.004966
v -1.395476 0.164000 0.004797
v -1.414556 0.164000 -0.003592
v -1.432042 0.164000 -0.019237
v -1.447198 0.164000 -0.041742
v -1.459210 0.164000 -0.071024
v -1.467150 0.164000 -0.107095
v -1.468045 0.164000 -0.120462
v -1.484306 0.164000 -0.096625
v -1.507922 0.164000 -0.046931
v -1.521138 0.164000 0.004335
v -1.522238 0.164000 0.056419
v -1.509446 0.164000 0.108828
v -1.480693 0.164000 0.161186
v -1.433666 0.164000 0.212910
v -1.366088 0.164000 0.263137
v -1.280012 0.164000 0.308680
v -1.203823 0.166930 0.276165
v -1.138107 0.166930 0.232318
v -1.084703 0.166930 0.185730
v -1.044160 0.166930 0.136321
v -1.016990 0.166930 0.083988
v -1.003677 0.166930 0.028568
v -1.004748 0.166930 -0.030178
v -1.020818 0.166930 -0.092488
v -1.049247 0.166930 -0.151667
v -1.050993 0.166930 -0.145303
v -1.056141 0.166930 -0.130508
v -1.063154 0.166930 -0.115279
v -1.072581 0.166930 -0.100014
v -1.084958 0.166930 -0.085119
v -1.100807 0.166930 -0.071000
v -1.120634 0.166930 -0.058052
v -1.144944 0.166930 -0.046652
v -1.182351 0.166930 -0.034540
v -1.161817 0.166930 -0.064156
v -1.151816 0.166930 -0.091180
v -1.147946 0.166930 -0.122089
v -1.150978 0.166930 -0.155876
v -1.161676 0.166930 -0.191529
v -1.180806 0.166930 -0.228036
v -1.209136 0.166930 -0.264378
v -1.247435 0.166930 -0.299529
v -1.293393 0.166930 -0.330392
v -1.301754 0.166930 -0.304155
v -1.305403 0.166930 -0.273809
v -1.305403 0.166930 -0.242474
v -1.303923 0.166930 -0.209941
v -1.303179 0.166930 -0.176023
v -1.305422 0.166930 -0.140542
v -1.312917 0.166930 -0.103343
v -1.327913 0.166930 -0.064299
v -1.352574 0.166930 -0.023350
v -1.363266 0.166930 -0.009359
v -1.377649 0.166930 -0.002119
v -1.393961 0.166930 -0.002261
v -1.410680 0.166930 -0.009611
v -1.426671 0.166930 -0.023917
v -1.440931 0.166930 -0.045093
v -1.452437 0.166930 -0.073142
v -1.460131 0.166930 -0.108097
v -1.462357 0.166930 -0.141345
v -1.490455 0.166930 -0.100155
v -1.514599 0.166930 -0.049353
v -1.528189 0.166930 0.003365
v -1.529326 0.166930 0.057195
v -1.516093 0.166930 0.111412
v -1.486488 0.166930 0.165323
v -1.438435 0.166930 0.218175
v -1.369872 0.166930 0.269134
v -1.280004 0.166930 0.316683
v -1.202318 0.174000 0.278683
v -1.136324 0.174000 0.234650
v -1.082593 0.174000 0.187778
v -1.041701 0.174000 0.137942
v -1.014225 0.174000 0.085021
v -1.000741 0.174000 0.028889
v -1.001824 0.174000 -0.030576
v -1.018052 0.174000 -0.093498
v -1.050000 0.174000 -0.160000
v -1.053793 0.174000 -0.146173
v -1.058861 0.174000 -0.131605
v -1.065741 0.174000 -0.116667
v -1.074966 0.174000 -0.101728
v -1.087071 0.174000 -0.087160
v -1.102593 0.174000 -0.073333
v -1.122064 0.174000 -0.060617
v -1.146022 0.174000 -0.049383
v -1.175000 0.174000 -0.040000
v -1.159198 0.174000 -0.062791
v -1.148951 0.174000 -0.090480
v -1.145000 0.174000 -0.122037
v -1.148086 0.174000 -0.156433
v -1.158951 0.174000 -0.192641
v -1.178333 0.174000 -0.229630
v -1.206975 0.174000 -0.266372
v -1.245617 0.174000 -0.301838
v -1.295000 0.174000 -0.335000
v -1.304630 0.174000 -0.304781
v -1.308333 0.174000 -0.273985
v -1.308333 0.174000 -0.242407
v -1.306852 0.174000 -0.209842
v -1.306111 0.174000 -0.176084
v -1.308333 0.174000 -0.140926
v -1.315741 0.174000 -0.104163
v -1.330556 0.174000 -0.065590
v -1.355000 0.174000 -0.025000
v -1.365185 0.174000 -0.011674
v -1.378333 0.174000 -0.005055
v -1.393333 0.174000 -0.005185
v -1.409074 0.174000 -0.012106
v -1.424444 0.174000 -0.025857
v -1.438333 0.174000 -0.046481
v -1.449630 0.174000 -0.074019
v -1.457222 0.174000 -0.108512
v -1.460000 0.174000 -0.150000
v -1.493004 0.174000 -0.101619
v -1.517366 0.174000 -0.050357
v -1.531111 0.174000 0.002963
v -1.532263 0.174000 0.057517
v -1.518848 0.174000 0.112483
v -1.488889 0.174000 0.167037
v -1.440412 0.174000 0.220357
v -1.371440 0.174000 0.271619
v -1.280000 0.174000 0.320000
v -1.202318 0.226000 0.278683
v -1.136324 0.226000 0.234650
v -1.082593 0.226000 0.187778
v -1.041701 0.226000 0.137942
v -1.014225 0.226000 0.085021
v -1.000741 0.226000 0.028889
v -1.001824 0.226000 -0.030576
v -1.018052 0.226000 -0.093498
v -1.050000 0.226000 -0.160000
v -1.053793 0.226000 -0.146173
v -1.058861 0.226000 -0.131605
v -1.065741 0.226000 -0.116667
v -1.074966 0.226000 -0.101728
v -1.087071 0.226000 -0.087160
v -1.102593 0.226000 -0.073333
v -1.122064 0.226000 -0.060617
v -1.146022 0.226000 -0.049383
v -1.175000 0.226000 -0.040000
v -1.159198 0.226000 -0.062791
v -1.148951 0.226000 -0.090480
v -1.145000 0.226000 -0.122037
v -1.148086 0.226000 -0.156433
v -1.158951 0.226000 -0.192641
v -1.178333 0.226000 -0.229630
v -1.206975 0.226000 -0.266372
v -1.245617 0.226000 -0.301838
v -1.295000 0.226000 -0.335000
v -1.304630 0.226000 -0.304781
v -1.308333 0.226000 -0.273985
v -1.308333 0.226000 -0.242407
v -1.306852 0.226000 -0.209842
v -1.306111 0.226000 -0.176084
v -1.308333 0.226000 -0.140926
v -1.315741 0.226000 -0.104163
v -1.330556 0.226000 -0.065590
v -1.355000 0.226000 -0.025000
v -1.365185 0.226000 -0.011674
v -1.378333 0.226000 -0.005055
v -1.393333 0.226000 -0.005185
v -1.409074 0.226000 -0.012106
v -1.424444 0.226000 -0.025857
v -1.438333 0.226000 -0.046481
v -1.449630 0.226000 -0.074019
v -1.457222 0.226000 -0.108512
v -1.460000 0.226000 -0.150000
v -1.493004 0.226000 -0.101619
v -1.517366 0.226000 -0.050357
v -1.531111 0.226000 0.002963
v -1.532263 0.226000 0.057517
v -1.518848 0.226000 0.112483
v -1.488889 0.226000 0.167037
v -1.440412 0.226000 0.220357
v -1.371440 0.226000 0.271619
v -1.280000 0.226000 0.320000
v -1.203823 0.233070 0.276165
v -1.138107 0.233070 0.232318
v -1.084703 0.233070 0.185730
v -1.044160 0.233070 0.136321
v -1.016990 0.233070 0.083988
v -1.003677 0.233070 0.028568
v -1.004748 0.233070 -0.030178
v -1.020818 0.233070 -0.092488
v -1.049247 0.233070 -0.151667
v -1.050993 0.233070 -0.145303
v -1.056141 0.233070 -0.130508
v -1.063154 0.233070 -0.115279
v -1.072581 0.233070 -0.100014
v -1.084958 0.233070 -0.085119
v -1.100807 0.233070 -0.071000
v -1.120634 0.233070 -0.058052
v -1.144944 0.233070 -0.046652
v -1.182351 0.233070 -0.034540
v -1.161817 0.233070 -0.064156
v -1.151816 0.233070 -0.091180
v -1.147946 0.233070 -0.122089
v -1.150978 0.233070 -0.155876
v -1.161676 0.233070 -0.191529
v -1.180806 0.233070 -0.228036
v -1.209136 0.233070 -0.264378
v -1.247435 0.233070 -0.299529
v -1.293393 0.233070 -0.330392
v -1.301754 0.233070 -0.304155
v -1.305403 0.233070 -0.273809
v -1.305403 0.233070 -0.242474
v -1.303923 0.233070 -0.209941
v -1.303179 0.233070 -0.176023
v -1.305422 0.233070 -0.140542
v -1.312917 0.233070 -0.103343
v -1.327913 0.233070 -0.064299
v -1.352574 0.233070 -0.023350
v -1.363266 0.233070 -0.009359
v -1.377649 0.233070 -0.002119
v -1.393961 0.233070 -0.002261
v -1.410680 0.233070 -0.009611
v -1.426671 0.233070 -0.023917
v -1.440931 0.233070 -0.045093
v -1.452437 0.233070 -0.073142
v -1.460131 0.233070 -0.108097
v -1.462357 0.233070 -0.141345
v -1.490455 0.233070 -0.100155
v -1.514599 0.233070 -0.049353
v -1.528189 0.233070 0.003365
v -1.529326 0.233070 0.057195
v -1.516093 0.233070 0.111412
v -1.486488 0.233070 0.165323
v -1.438435 0.233070 0.218175
v -1.369872 0.233070 0.269134
v -1.280004 0.233070 0.316683
v -1.207454 0.236000 0.270088
v -1.142411 0.236000 0.226690
v -1.089794 0.236000 0.180790
v -1.050095 0.236000 0.132407
v -1.023663 0.236000 0.081497
v -1.010762 0.236000 0.027795
v -1.011801 0.236000 -0.029218
v -1.027490 0.236000 -0.090051
v -1.047432 0.236000 -0.131561
v -1.044238 0.236000 -0.143204
v -1.049576 0.236000 -0.127862
v -1.056912 0.236000 -0.111931
v -1.066826 0.236000 -0.095877
v -1.079860 0.236000 -0.080193
v -1.096499 0.236000 -0.065369
v -1.117184 0.236000 -0.051861
v -1.142344 0.236000 -0.040062
v -1.200089 0.236000 -0.021365
v -1.168137 0.236000 -0.067449
v -1.158730 0.236000 -0.092868
v -1.155056 0.236000 -0.122213
v -1.157956 0.236000 -0.154530
v -1.168253 0.236000 -0.188848
v -1.186773 0.236000 -0.224191
v -1.214350 0.236000 -0.259567
v -1.251821 0.236000 -0.293959
v -1.289516 0.236000 -0.319272
v -1.294814 0.236000 -0.302646
v -1.298333 0.236000 -0.273386
v -1.298333 0.236000 -0.242635
v -1.296857 0.236000 -0.210179
v -1.296104 0.236000 -0.175878
v -1.298396 0.236000 -0.139617
v -1.306104 0.236000 -0.101363
v -1.321536 0.236000 -0.061184
v -1.346719 0.236000 -0.019367
v -1.358636 0.236000 -0.003775
v -1.375999 0.236000 0.004966
v -1.395476 0.236000 0.004797
v -1.414556 0.236000 -0.003592
v -1.432042 0.236000 -0.019237
v -1.447198 0.236000 -0.041742
v -1.459210 0.236000 -0.071024
v -1.467150 0.236000 -0.107095
v -1.468045 0.236000 -0.120462
v -1.484306 0.236000 -0.096625
v -1.507922 0.236000 -0.046931
v -1.521138 0.236000 0.004335
v -1.522238 0.236000 0.056419
v -1.509446 0.236000 0.108828
v -1.480693 0.236000 0.161186
v -1.433666 0.236000 0.212910
v -1.366088 0.236000 0.263137
v -1.280012 0.236000 0.308680
v -1.207454 0.164000 0.270088
v -1.142411 0.164000 0.226690
v -1.089794 0.164000 0.180790
v -1.050095 0.164000 0.132407
v -1.023663 0.164000 0.081497
v -1.010762 0.164000 0.027795
v -1.011801 0.164000 -0.029218
v -1.027490 0.164000 -0.090051
v -1.047432 0.164000 -0.131561
v -1.044238 0.164000 -0.143204
v -1.049576 0.164000 -0.127862
v -1.056912 0.164000 -0.111931
v -1.066826 0.164000 -0.095877
v -1.079860 0.164000 -0.080193
v -1.096499 0.164000 -0.065369
v -1.117184 0.164000 -0.051861
v -1.142344 0.164000 -0.040062
v -1.200089 0.164000 -0.021365
v -1.168137 0.164000 -0.067449
v -1.158730 0.164000 -0.092868
v -1.155056 0.164000 -0.122213
v -1.157956 0.164000 -0.154530
v -1.168253 0.164000 -0.188848
v -1.186773 0.164000 -0.224191
v -1.214350 0.164000 -0.259567
v -1.251821 0.164000 -0.293959
v -1.289516 0.164000 -0.319272
v -1.294814 0.164000 -0.302646
v -1.298333 0.164000 -0.273386
v -1.298333 0.164000 -0.242635
v -1.296857 0.164000 -0.210179
v -1.296104 0.164000 -0.175878
v -1.298396 0.164000 -0.139617
v -1.306104 0.164000 -0.101363
v -1.321536 0.164000 -0.061184
v -1.346719 0.164000 -0.019367
v -1.358636 0.164000 -0.003775
v -1.375999 0.164000 0.004966
v -1.395476 0.164000 0.004797
v -1.414556 0.164000 -0.003592
v -1.432042 0.164000 -0.019237
v -1.447198 0.164000 -0.041742
v -1.459210 0.164000 -0.071024
v -1.467150 0.164000 -0.107095
v -1.468045 0.164000 -0.120462
v -1.484306 0.164000 -0.096625
v -1.507922 0.164000 -0.046931
v -1.521138 0.164000 0.004335
v -1.522238 0.164000 0.056419
v -1.509446 0.164000 0.108828
v -1.480693 0.164000 0.161186
v -1.433666 0.164000 0.212910
v -1.366088 0.164000 0.263137
v -1.280012 0.164000 0.308680
v -1.207454 0.236000 0.270088
v -1.142411 0.236000 0.226690
v -1.089794 0.236000 0.180790
v -1.050095 0.236000 0.132407
v -1.023663 0.236000 0.081497
v -1.010762 0.236000 0.027795
v -1.011801 0.236000 -0.029218
v -1.027490 0.236000 -0.090051
v -1.047432 0.236000 -0.131561
v -1.044238 0.236000 -0.143204
v -1.049576 0.236000 -0.127862
v -1.056912 0.236000 -0.111931
v -1.066826 0.236000 -0.095877
v -1.079860 0.236000 -0.080193
v -1.096499 0.236000 -0.065369
v -1.117184 0.236000 -0.051861
v -1.142344 0.236000 -0.040062
v -1.200089 0.236000 -0.021365
v -1.168137 0.236000 -0.067449
v -1.158730 0.236000 -0.092868
v -1.155056 0.236000 -0.122213
v -1.157956 0.236000 -0.154530
v -1.168253 0.236000 -0.188848
v -1.186773 0.236000 -0.224191
v -1.214350 0.236000 -0.259567
v -1.251821 0.236000 -0.293959
v -1.289516 0.236000 -0.319272
v -1.294814 0.236000 -0.302646
v -1.298333 0.236000 -0.273386
v -1.298333 0.236000 -0.242635
v -1.296857 0.236000 -0.210179
v -1.296104 0.236000 -0.175878
v -1.298396 0.236000 -0.139617
v -1.306104 0.236000 -0.101363
v -1.321536 0.236000 -0.061184
v -1.346719 0.236000 -0.019367
v -1.358636 0.236000 -0.003775
v -1.375999 0.236000 0.004966
v -1.395476 0.236000 0.004797
v -1.414556 0.236000 -0.003592
v -1.432042 0.236000 -0.019237
v -1.447198 0.236000 -0.041742
v -1.459210 0.236000 -0.071024
v -1.467150 0.236000 -0.107095
v -1.468045 0.236000 -0.120462
v -1.484306 0.236000 -0.096625
v -1.507922 0.236000 -0.046931
v -1.521138 0.236000 0.004335
v -1.522238 0.236000 0.056419
v -1.509446 0.236000 0.108828
v -1.480693 0.236000 0.161186
v -1.433666 0.236000 0.212910
v -1.366088 0.236000 0.263137
v -1.280012 0.236000 0.308680
f 6497 6498 6552
f 6497 6552 6551
f 6498 6499 6553
f 6498 6553 6552
f 6499 6500 6554
f 6499 6554 6553
f 6500 6501 6555
f 6500 6555 6554
f 6501 6502 6556
f 6501 6556 6555
f 6502 6503 6557
f 6502 6557 6556
f 6503 6504 6558
f 6503 6558 6557
f 6504 6505 6559
f 6504 6559 6558
f 6505 6506 6560
f 6505 6560 6559
f 6506 6507 6561
f 6506 6561 6560
f 6507 6508 6562
f 6507 6562 6561
f 6508 6509 6563
f 6508 6563 6562
f 6509 6510 6564
f 6509 6564 6563
f 6510 6511 6565
f 6510 6565 6564
f 6511 6512 6566
f 6511 6566 6565
f 6512 6513 6567
f 6512 6567 6566
f 6513 6514 6568
f 6513 6568 6567
f 6514 6515 6569
f 6514 6569 6568
f 6515 6516 6570
f 6515 6570 6569
f 6516 6517 6571
f 6516 6571 6570
f 6517 6518 6572
f 6517 6572 6571
f 6518 6519 6573
f 6518 6573 6572
f 6519 6520 6574
f 6519 6574 6573
f 6520 6521 6575
f 6520 6575 6574
f 6521 6522 6576
f 6521 6576 6575
f 6522 6523 6577
f 6522 6577 6576
f 6523 6524 6578
f 6523 6578 6577
f 6524 6525 6579
f 6524 6579 6578
f 6525 6526 6580
f 6525 6580 6579
f 6526 6527 6581
f 6526 6581 6580
f 6527 6528 6582
f 6527 6582 6581
f 6528 6529 6583
f 6528 6583 6582
f 6529 6530 6584
f 6529 6584 6583
f 6530 6531 6585
f 6530 6585 6584
f 6531 6532 6586
f 6531 6586 6585
f 6532 6533 6587
f 6532 6587 6586
f 6533 6534 6588
f 6533 6588 6587
f 6534 6535 6589
f 6534 6589 6588
f 6535 6536 6590
f 6535 6590 6589
f 6536 6537 6591
f 6536 6591 6590
f 6537 6538 6592
f 6537 6592 6591
f 6538 6539 6593
f 6538 6593 6592
f 6539 6540 6594
f 6539 6594 6593
f 6540 6541 6595
f 6540 6595 6594
f 6541 6542 6596
f 6541 6596 6595
f 6542 6543 6597
f 6542 6597 6596
f 6543 6544 6598
f 6543 6598 6597
f 6544 6545 6599
f 6544 6599 6598
f 6545 6546 6600
f 6545 6600 6599
f 6546 6547 6601
f 6546 6601 6600
f 6547 6548 6602
f 6547 6602 6601
f 6548 6549 6603
f 6548 6603 6602
f 6549 6550 6604
f 6549 6604 6603
f 6550 6497 6551
f 6550 6551 6604
f 6551 6552 6606
f 6551 6606 6605
f 6552 6553 6607
f 6552 6607 6606
f 6553 6554 6608
f 6553 6608 6607
f 6554 6555 6609
f 6554 6609 6608
f 6555 6556 6610
f 6555 6610 6609
f 6556 6557 6611
f 6556 6611 6610
f 6557 6558 6612
f 6557 6612 6611
f 6558 6559 6613
f 6558 6613 6612
f 6559 6560 6614
f 6559 6614 6613
f 6560 6561 6615
f 6560 6615 6614
f 6561 6562 6616
f 6561 6616 6615
f 6562 6563 6617
f 6562 6617 6616
f 6563 6564 6618
f 6563 6618 6617
f 6564 6565 6619
f 6564 6619 6618
f 6565 6566 6620
f 6565 6620 6619
f 6566 6567 6621
f 6566 6621 6620
f 6567 6568 6622
f 6567 6622 6621
f 6568 6569 6623
f 6568 6623 6622
f 6569 6570 6624
f 6569 6624 6623
f 6570 6571 6625
f 6570 6625 6624
f 6571 6572 6626
f 6571 6626 6625
f 6572 6573 6627
f 6572 6627 6626
f 6573 6574 6628
f 6573 6628 6627
f 6574 6575 6629
f 6574 6629 6628
f 6575 6576 6630
f 6575 6630 6629
f 6576 6577 6631
f 6576 6631 6630
f 6577 6578 6632
f 6577 6632 6631
f 6578 6579 6633
f 6578 6633 6632
f 6579 6580 6634
f 6579 6634 6633
f 6580 6581 6635
f 6580 6635 6634
f 6581 6582 6636
f 6581 6636 6635
f 6582 6583 6637
f 6582 6637 6636
f 6583 6584 6638
f 6583 6638 6637
f 6584 6585 6639
f 6584 6639 6638
f 6585 6586 6640
f 6585 6640 6639
f 6586 6587 6641
f 6586 6641 6640
f 6587 6588 6642
f 6587 6642 6641
f 6588 6589 6643
f 6588 6643 6642
f 6589 6590 6644
f 6589 6644 6643
f 6590 6591 6645
f 6590 6645 6644
f 6591 6592 6646
f 6591 6646 6645
f 6592 6593 6647
f 6592 6647 6646
f 6593 6594 6648
f 6593 6648 6647
f 6594 6595 6649
f 6594 6649 6648
f 6595 6596 6650
f 6595 6650 6649
f 6596 6597 6651
f 6596 6651 6650
f 6597 6598 6652
f 6597 6652 6651
f 6598 6599 6653
f 6598 6653 6652
f 6599 6600 6654
f 6599 6654 6653
f 6600 6601 6655
f 6600 6655 6654
f 6601 6602 6656
f 6601 6656 6655
f 6602 6603 6657
f 6602 6657 6656
f 6603 6604 6658
f 6603 6658 6657
f 6604 6551 6605
f 6604 6605 6658
f 6605 6606 6660
f 6605 6660 6659
f 6606 6607 6661
f 6606 6661 6660
f 6607 6608 6662
f 6607 6662 6661
f 6608 6609 6663
f 6608 6663 6662
f 6609 6610 6664
f 6609 6664 6663
f 6610 6611 6665
f 6610 6665 6664
f 6611 6612 6666
f 6611 6666 6665
f 6612 6613 6667
f 6612 6667 6666
f 6613 6614 6668
f 6613 6668 6667
f 6614 6615 6669
f 6614 6669 6668
f 6615 6616 6670
f 6615 6670 6669
f 6616 6617 6671
f 6616 6671 6670
f 6617 6618 6672
f 6617 6672 6671
f 6618 6619 6673
f 6618 6673 6672
f 6619 6620 6674
f 6619 6674 6673
f 6620 6621 6675
f 6620 6675 6674
f 6621 6622 6676
f 6621 6676 6675
f 6622 6623 6677
f 6622 6677 6676
f 6623 6624 6678
f 6623 6678 6677
f 6624 6625 6679
f 6624 6679 6678
f 6625 6626 6680
f 6625 6680 6679
f 6626 6627 6681
f 6626 6681 6680
f 6627 6628 6682
f 6627 6682 6681
f 6628 6629 6683
f 6628 6683 6682
f 6629 6630 6684
f 6629 6684 6683
f 6630 6631 6685
f 6630 6685 6684
f 6631 6632 6686
f 6631 6686 6685
f 6632 6633 6687
f 6632 6687 6686
f 6633 6634 6688
f 6633 6688 6687
f 6634 6635 6689
f 6634 6689 6688
f 6635 6636 6690
f 6635 6690 6689
f 6636 6637 6691
f 6636 6691 6690
f 6637 6638 6692
f 6637 6692 6691
f 6638 6639 6693
f 6638 6693 6692
f 6639 6640 6694
f 6639 6694 6693
f 6640 6641 6695
f 6640 6695 6694
f 6641 6642 6696
f 6641 6696 6695
f 6642 6643 6697
f 6642 6697 6696
f 6643 6644 6698
f 6643 6698 6697
f 6644 6645 6699
f 6644 6699 6698
f 6645 6646 6700
f 6645 6700 6699
f 6646 6647 6701
f 6646 6701 6700
f 6647 6648 6702
f 6647 6702 6701
f 6648 6649 6703
f 6648 6703 6702
f 6649 6650 6704
f 6649 6704 6703
f 6650 6651 6705
f 6650 6705 6704
f 6651 6652 6706
f 6651 6706 6705
f 6652 6653 6707
f 6652 6707 6706
f 6653 6654 6708
f 6653 6708 6707
f 6654 6655 6709
f 6654 6709 6708
f 6655 6656 6710
f 6655 6710 6709
f 6656 6657 6711
f 6656 6711 6710
f 6657 6658 6712
f 6657 6712 6711
f 6658 6605 6659
f 6658 6659 6712
f 6659 6660 6714
f 6659 6714 6713
f 6660 6661 6715
f 6660 6715 6714
f 6661 6662 6716
f 6661 6716 6715
f 6662 6663 6717
f 6662 6717 6716
f 6663 6664 6718
f 6663 6718 6717
f 6664 6665 6719
f 6664 6719 6718
f 6665 6666 6720
f 6665 6720 6719
f 6666 6667 6721
f 6666 6721 6720
f 6667 6668 6722
f 6667 6722 6721
f 6668 6669 6723
f 6668 6723 6722
f 6669 6670 6724
f 6669 6724 6723
f 6670 6671 6725
f 6670 6725 6724
f 6671 6672 6726
f 6671 6726 6725
f 6672 6673 6727
f 6672 6727 6726
f 6673 6674 6728
f 6673 6728 6727
f 6674 6675 6729
f 6674 6729 6728
f 6675 6676 6730
f 6675 6730 6729
f 6676 6677 6731
f 6676 6731 6730
f 6677 6678 6732
f 6677 6732 6731
f 6678 6679 6733
f 6678 6733 6732
f 6679 6680 6734
f 6679 6734 6733
f 6680 6681 6735
f 6680 6735 6734
f 6681 6682 6736
f 6681 6736 6735
f 6682 6683 6737
f 6682 6737 6736
f 6683 6684 6738
f 6683 6738 6737
f 6684 6685 6739
f 6684 6739 6738
f 6685 6686 6740
f 6685 6740 6739
f 6686 6687 6741
f 6686 6741 6740
f 6687 6688 6742
f 6687 6742 6741
f 6688 6689 6743
f 6688 6743 6742
f 6689 6690 6744
f 6689 6744 6743
f 6690 6691 6745
f 6690 6745 6744
f 6691 6692 6746
f 6691 6746 6745
f 6692 6693 6747
f 6692 6747 6746
f 6693 6694 6748
f 6693 6748 6747
f 6694 6695 6749
f 6694 6749 6748
f 6695 6696 6750
f 6695 6750 6749
f 6696 6697 6751
f 6696 6751 6750
f 6697 6698 6752
f 6697 6752 6751
f 6698 6699 6753
f 6698 6753 6752
f 6699 6700 6754
f 6699 6754 6753
f 6700 6701 6755
f 6700 6755 6754
f 6701 6702 6756
f 6701 6756 6755
f 6702 6703 6757
f 6702 6757 6756
f 6703 6704 6758
f 6703 6758 6757
f 6704 6705 6759
f 6704 6759 6758
f 6705 6706 6760
f 6705 6760 6759
f 6706 6707 6761
f 6706 6761 6760
f 6707 6708 6762
f 6707 6762 6761
f 6708 6709 6763
f 6708 6763 6762
f 6709 6710 6764
f 6709 6764 6763
f 6710 6711 6765
f 6710 6765 6764
f 6711 6712 6766
f 6711 6766 6765
f 6712 6659 6713
f 6712 6713 6766
f 6713 6714 6768
f 6713 6768 6767
f 6714 6715 6769
f 6714 6769 6768
f 6715 6716 6770
f 6715 6770 6769
f 6716 6717 6771
f 6716 6771 6770
f 6717 6718 6772
f 6717 6772 6771
f 6718 6719 6773
f 6718 6773 6772
f 6719 6720 6774
f 6719 6774 6773
f 6720 6721 6775
f 6720 6775 6774
f 6721 6722 6776
f 6721 6776 6775
f 6722 6723 6777
f 6722 6777 6776
f 6723 6724 6778
f 6723 6778 6777
f 6724 6725 6779
f 6724 6779 6778
f 6725 6726 6780
f 6725 6780 6779
f 6726 6727 6781
f 6726 6781 6780
f 6727 6728 6782
f 6727 6782 6781
f 6728 6729 6783
f 6728 6783 6782
f 6729 6730 6784
f 6729 6784 6783
f 6730 6731 6785
f 6730 6785 6784
f 6731 6732 6786
f 6731 6786 6785
f 6732 6733 6787
f 6732 6787 6786
f 6733 6734 6788
f 6733 6788 6787
f 6734 6735 6789
f 6734 6789 6788
f 6735 6736 6790
f 6735 6790 6789
f 6736 6737 6791
f 6736 6791 6790
f 6737 6738 6792
f 6737 6792 6791
f 6738 6739 6793
f 6738 6793 6792
f 6739 6740 6794
f 6739 6794 6793
f 6740 6741 6795
f 6740 6795 6794
f 6741 6742 6796
f 6741 6796 6795
f 6742 6743 6797
f 6742 6797 6796
f 6743 6744 6798
f 6743 6798 6797
f 6744 6745 6799
f 6744 6799 6798
f 6745 6746 6800
f 6745 6800 6799
f 6746 6747 6801
f 6746 6801 6800
f 6747 6748 6802
f 6747 6802 6801
f 6748 6749 6803
f 6748 6803 6802
f 6749 6750 6804
f 6749 6804 6803
f 6750 6751 6805
f 6750 6805 6804
f 6751 6752 6806
f 6751 6806 6805
f 6752 6753 6807
f 6752 6807 6806
f 6753 6754 6808
f 6753 6808 6807
f 6754 6755 6809
f 6754 6809 6808
f 6755 6756 6810
f 6755 6810 6809
f 6756 6757 6811
f 6756 6811 6810
f 6757 6758 6812
f 6757 6812 6811
f 6758 6759 6813
f 6758 6813 6812
f 6759 6760 6814
f 6759 6814 6813
f 6760 6761 6815
f 6760 6815 6814
f 6761 6762 6816
f 6761 6816 6815
f 6762 6763 6817
f 6762 6817 6816
f 6763 6764 6818
f 6763 6818 6817
f 6764 6765 6819
f 6764 6819 6818
f 6765 6766 6820
f 6765 6820 6819
f 6766 6713 6767
f 6766 6767 6820
f 6822 6821 6874
f 6823 6822 6874
f 6824 6823 6874
f 6825 6824 6874
f 6826 6825 6874
f 6827 6826 6874
f 6828 6827 6874
f 6831 6830 6829
f 6831 6829 6828
f 6832 6831 6828
f 6832 6828 6874
f 6833 6832 6874
f 6834 6833 6874
f 6835 6834 6874
f 6836 6835 6874
f 6837 6836 6874
f 6838 6837 6874
f 6840 6839 6838
f 6841 6840 6838
f 6842 6841 6838
f 6843 6842 6838
f 6843 6838 6874
f 6844 6843 6874
f 6845 6844 6874
f 6846 6845 6874
f 6847 6846 6874
f 6848 6847 6874
f 6849 6848 6874
f 6851 6850 6849
f 6851 6849 6874
f 6852 6851 6874
f 6853 6852 6874
f 6854 6853 6874
f 6855 6854 6874
f 6856 6855 6874
f 6857 6856 6874
f 6858 6857 6874
f 6859 6858 6874
f 6860 6859 6874
f 6861 6860 6874
f 6862 6861 6874
f 6866 6865 6864
f 6866 6864 6863
f 6866 6863 6862
f 6866 6862 6874
f 6867 6866 6874
f 6868 6867 6874
f 6869 6868 6874
f 6870 6869 6874
f 6871 6870 6874
f 6872 6871 6874
f 6874 6873 6872
f 6928 6875 6876
f 6928 6876 6877
f 6928 6877 6878
f 6928 6878 6879
f 6928 6879 6880
f 6928 6880 6881
f 6928 6881 6882
f 6883 6884 6885
f 6882 6883 6885
f 6882 6885 6886
f 6928 6882 6886
f 6928 6886 6887
f 6928 6887 6888
f 6928 6888 6889
f 6928 6889 6890
f 6928 6890 6891
f 6928 6891 6892
f 6892 6893 6894
f 6892 6894 6895
f 6892 6895 6896
f 6892 6896 6897
f 6928 6892 6897
f 6928 6897 6898
f 6928 6898 6899
f 6928 6899 6900
f 6928 6900 6901
f 6928 6901 6902
f 6928 6902 6903
f 6903 6904 6905
f 6928 6903 6905
f 6928 6905 6906
f 6928 6906 6907
f 6928 6907 6908
f 6928 6908 6909
f 6928 6909 6910
f 6928 6910 6911
f 6928 6911 6912
f 6928 6912 6913
f 6928 6913 6914
f 6928 6914 6915
f 6928 6915 6916
f 6918 6919 6920
f 6917 6918 6920
f 6916 6917 6920
f 6928 6916 6920
f 6928 6920 6921
f 6928 6921 6922
f 6928 6922 6923
f 6928 6923 6924
f 6928 6924 6925
f 6928 6925 6926
f 6926 6927 6928
o siren_base
usemtl siren_base
v 0.479999 0.000000 -0.384309
v 0.478775 0.000000 -0.399853
v 0.475297 0.000000 -0.414339
v 0.469596 0.000000 -0.428104
v 0.461812 0.000000 -0.440807
v 0.452136 0.000000 -0.452136
v 0.440807 0.000000 -0.461812
v 0.428104 0.000000 -0.469596
v 0.414339 0.000000 -0.475297
v 0.400531 0.000000 -0.478613
v -0.384309 0.000000 -0.479999
v -0.399853 0.000000 -0.478775
v -0.414339 0.000000 -0.475297
v -0.428104 0.000000 -0.469596
v -0.440807 0.000000 -0.461812
v -0.452136 0.000000 -0.452136
v -0.461812 0.000000 -0.440807
v -0.469596 0.000000 -0.428104
v -0.475297 0.000000 -0.414339
v -0.478613 0.000000 -0.400531
v -0.479999 0.000000 0.384309
v -0.478775 0.000000 0.399853
v -0.475297 0.000000 0.414339
v -0.469596 0.000000 0.428104
v -0.461812 0.000000 0.440807
v -0.452136 0.000000 0.452136
v -0.440807 0.000000 0.461812
v -0.428104 0.000000 0.469596
v -0.414339 0.000000 0.475297
v -0.400531 0.000000 0.478613
v 0.384309 0.000000 0.479999
v 0.399853 0.000000 0.478775
v 0.414339 0.000000 0.475297
v 0.428104 0.000000 0.469596
v 0.440807 0.000000 0.461812
v 0.452136 0.000000 0.452136
v 0.461812 0.000000 0.440807
v 0.469596 0.000000 0.428104
v 0.475297 0.000000 0.414339
v 0.478613 0.000000 0.400531
v 0.492726 0.005274 -0.384797
v 0.491384 0.005274 -0.401850
v 0.487438 0.005274 -0.418284
v 0.480970 0.005274 -0.433899
v 0.472139 0.005274 -0.448310
v 0.461162 0.005274 -0.461162
v 0.448310 0.005274 -0.472139
v 0.433899 0.005274 -0.480970
v 0.418284 0.005274 -0.487438
v 0.402048 0.005274 -0.491336
v -0.384797 0.005274 -0.492726
v -0.401850 0.005274 -0.491384
v -0.418284 0.005274 -0.487438
v -0.433899 0.005274 -0.480970
v -0.448310 0.005274 -0.472139
v -0.461162 0.005274 -0.461162
v -0.472139 0.005274 -0.448310
v -0.480970 0.005274 -0.433899
v -0.487438 0.005274 -0.418284
v -0.491336 0.005274 -0.402048
v -0.492726 0.005274 0.384797
v -0.491384 0.005274 0.401850
v -0.487438 0.005274 0.418284
v -0.480970 0.005274 0.433899
v -0.472139 0.005274 0.448310
v -0.461162 0.005274 0.461162
v -0.448310 0.005274 0.472139
v -0.433899 0.005274 0.480970
v -0.418284 0.005274 0.487438
v -0.402048 0.005274 0.491336
v 0.384797 0.005274 0.492726
v 0.401850 0.005274 0.491384
v 0.418284 0.005274 0.487438
v 0.433899 0.005274 0.480970
v 0.448310 0.005274 0.472139
v 0.461162 0.005274 0.461162
v 0.472139 0.005274 0.448310
v 0.480970 0.005274 0.433899
v 0.487438 0.005274 0.418284
v 0.491336 0.005274 0.402048
v 0.498000 0.018000 -0.385000
v 0.496609 0.018000 -0.402677
v 0.492469 0.018000 -0.419919
v 0.485684 0.018000 -0.436301
v 0.476419 0.018000 -0.451420
v 0.464903 0.018000 -0.464903
v 0.451420 0.018000 -0.476419
v 0.436301 0.018000 -0.485684
v 0.419919 0.018000 -0.492469
v 0.402677 0.018000 -0.496609
v -0.385000 0.018000 -0.498000
v -0.402677 0.018000 -0.496609
v -0.419919 0.018000 -0.492469
v -0.436301 0.018000 -0.485684
v -0.451420 0.018000 -0.476419
v -0.464903 0.018000 -0.464903
v -0.476419 0.018000 -0.451420
v -0.485684 0.018000 -0.436301
v -0.492469 0.018000 -0.419919
v -0.496609 0.018000 -0.402677
v -0.498000 0.018000 0.385000
v -0.496609 0.018000 0.402677
v -0.492469 0.018000 0.419919
v -0.485684 0.018000 0.436301
v -0.476419 0.018000 0.451420
v -0.464903 0.018000 0.464903
v -0.451420 0.018000 0.476419
v -0.436301 0.018000 0.485684
v -0.419919 0.018000 0.492469
v -0.402677 0.018000 0.496609
v 0.385000 0.018000 0.498000
v 0.402677 0.018000 0.496609
v 0.419919 0.018000 0.492469
v 0.436301 0.018000 0.485684
v 0.451420 0.018000 0.476419
v 0.464903 0.018000 0.464903
v 0.476419 0.018000 0.451420
v 0.485684 0.018000 0.436301
v 0.492469 0.018000 0.419919
v 0.496609 0.018000 0.402677
v 0.498000 0.137000 -0.385000
v 0.496609 0.137000 -0.402677
v 0.492469 0.137000 -0.419919
v 0.485684 0.137000 -0.436301
v 0.476419 0.137000 -0.451420
v 0.464903 0.137000 -0.464903
v 0.451420 0.137000 -0.476419
v 0.436301 0.137000 -0.485684
v 0.419919 0.137000 -0.492469
v 0.402677 0.137000 -0.496609
v -0.385000 0.137000 -0.498000
v -0.402677 0.137000 -0.496609
v -0.419919 0.137000 -0.492469
v -0.436301 0.137000 -0.485684
v -0.451420 0.137000 -0.476419
v -0.464903 0.137000 -0.464903
v -0.476419 0.137000 -0.451420
v -0.485684 0.137000 -0.436301
v -0.492469 0.137000 -0.419919
v -0.496609 0.137000 -0.402677
v -0.498000 0.137000 0.385000
v -0.496609 0.137000 0.402677
v -0.492469 0.137000 0.419919
v -0.485684 0.137000 0.436301
v -0.476419 0.137000 0.451420
v -0.464903 0.137000 0.464903
v -0.451420 0.137000 0.476419
v -0.436301 0.137000 0.485684
v -0.419919 0.137000 0.492469
v -0.402677 0.137000 0.496609
v 0.385000 0.137000 0.498000
v 0.402677 0.137000 0.496609
v 0.419919 0.137000 0.492469
v 0.436301 0.137000 0.485684
v 0.451420 0.137000 0.476419
v 0.464903 0.137000 0.464903
v 0.476419 0.137000 0.451420
v 0.485684 0.137000 0.436301
v 0.492469 0.137000 0.419919
v 0.496609 0.137000 0.402677
v 0.492726 0.149726 -0.384797
v 0.491384 0.149726 -0.401850
v 0.487438 0.149726 -0.418284
v 0.480970 0.149726 -0.433899
v 0.472139 0.149726 -0.448310
v 0.461162 0.149726 -0.461162
v 0.448310 0.149726 -0.472139
v 0.433899 0.149726 -0.480970
v 0.418284 0.149726 -0.487438
v 0.402048 0.149726 -0.491336
v -0.384797 0.149726 -0.492726
v -0.401850 0.149726 -0.491384
v -0.418284 0.149726 -0.487438
v -0.433899 0.149726 -0.480970
v -0.448310 0.149726 -0.472139
v -0.461162 0.149726 -0.461162
v -0.472139 0.149726 -0.448310
v -0.480970 0.149726 -0.433899
v -0.487438 0.149726 -0.418284
v -0.491336 0.149726 -0.402048
v -0.492726 0.149726 0.384797
v -0.491384 0.149726 0.401850
v -0.487438 0.149726 0.418284
v -0.480970 0.149726 0.433899
v -0.472139 0.149726 0.448310
v -0.461162 0.149726 0.461162
v -0.448310 0.149726 0.472139
v -0.433899 0.149726 0.480970
v -0.418284 0.149726 0.487438
v -0.402048 0.149726 0.491336
v 0.384797 0.149726 0.492726
v 0.401850 0.149726 0.491384
v 0.418284 0.149726 0.487438
v 0.433899 0.149726 0.480970
v 0.448310 0.149726 0.472139
v 0.461162 0.149726 0.461162
v 0.472139 0.149726 0.448310
v 0.480970 0.149726 0.433899
v 0.487438 0.149726 0.418284
v 0.491336 0.149726 0.402048
v 0.479999 0.155000 -0.384309
v 0.478775 0.155000 -0.399853
v 0.475297 0.155000 -0.414339
v 0.469596 0.155000 -0.428104
v 0.461812 0.155000 -0.440807
v 0.452136 0.155000 -0.452136
v 0.440807 0.155000 -0.461812
v 0.428104 0.155000 -0.469596
v 0.414339 0.155000 -0.475297
v 0.400531 0.155000 -0.478613
v -0.384309 0.155000 -0.479999
v -0.399853 0.155000 -0.478775
v -0.414339 0.155000 -0.475297
v -0.428104 0.155000 -0.469596
v -0.440807 0.155000 -0.461812
v -0.452136 0.155000 -0.452136
v -0.461812 0.155000 -0.440807
v -0.469596 0.155000 -0.428104
v -0.475297 0.155000 -0.414339
v -0.478613 0.155000 -0.400531
v -0.479999 0.155000 0.384309
v -0.478775 0.155000 0.399853
v -0.475297 0.155000 0.414339
v -0.469596 0.155000 0.428104
v -0.461812 0.155000 0.440807
v -0.452136 0.155000 0.452136
v -0.440807 0.155000 0.461812
v -0.428104 0.155000 0.469596
v -0.414339 0.155000 0.475297
v -0.400531 0.155000 0.478613
v 0.384309 0.155000 0.479999
v 0.399853 0.155000 0.478775
v 0.414339 0.155000 0.475297
v 0.428104 0.155000 0.469596
v 0.440807 0.155000 0.461812
v 0.452136 0.155000 0.452136
v 0.461812 0.155000 0.440807
v 0.469596 0.155000 0.428104
v 0.475297 0.155000 0.414339
v 0.478613 0.155000 0.400531
v 0.479999 0.000000 -0.384309
v 0.478775 0.000000 -0.399853
v 0.475297 0.000000 -0.414339
v 0.469596 0.000000 -0.428104
v 0.461812 0.000000 -0.440807
v 0.452136 0.000000 -0.452136
v 0.440807 0.000000 -0.461812
v 0.428104 0.000000 -0.469596
v 0.414339 0.000000 -0.475297
v 0.400531 0.000000 -0.478613
v -0.384309 0.000000 -0.479999
v -0.399853 0.000000 -0.478775
v -0.414339 0.000000 -0.475297
v -0.428104 0.000000 -0.469596
v -0.440807 0.000000 -0.461812
v -0.452136 0.000000 -0.452136
v -0.461812 0.000000 -0.440807
v -0.469596 0.000000 -0.428104
v -0.475297 0.000000 -0.414339
v -0.478613 0.000000 -0.400531
v -0.479999 0.000000 0.384309
v -0.478775 0.000000 0.399853
v -0.475297 0.000000 0.414339
v -0.469596 0.000000 0.428104
v -0.461812 0.000000 0.440807
v -0.452136 0.000000 0.452136
v -0.440807 0.000000 0.461812
v -0.428104 0.000000 0.469596
v -0.414339 0.000000 0.475297
v -0.400531 0.000000 0.478613
v 0.384309 0.000000 0.479999
v 0.399853 0.000000 0.478775
v 0.414339 0.000000 0.475297
v 0.428104 0.000000 0.469596
v 0.440807 0.000000 0.461812
v 0.452136 0.000000 0.452136
v 0.461812 0.000000 0.440807
v 0.469596 0.000000 0.428104
v 0.475297 0.000000 0.414339
v 0.478613 0.000000 0.400531
v 0.479999 0.155000 -0.384309
v 0.478775 0.155000 -0.399853
v 0.475297 0.155000 -0.414339
v 0.469596 0.155000 -0.428104
v 0.461812 0.155000 -0.440807
v 0.452136 0.155000 -0.452136
v 0.440807 0.155000 -0.461812
v 0.428104 0.155000 -0.469596
v 0.414339 0.155000 -0.475297
v 0.400531 0.155000 -0.478613
v -0.384309 0.155000 -0.479999
v -0.399853 0.155000 -0.478775
v -0.414339 0.155000 -0.475297
v -0.428104 0.155000 -0.469596
v -0.440807 0.155000 -0.461812
v -0.452136 0.155000 -0.452136
v -0.461812 0.155000 -0.440807
v -0.469596 0.155000 -0.428104
v -0.475297 0.155000 -0.414339
v -0.478613 0.155000 -0.400531
v -0.479999 0.155000 0.384309
v -0.478775 0.155000 0.399853
v -0.475297 0.155000 0.414339
v -0.469596 0.155000 0.428104
v -0.461812 0.155000 0.440807
v -0.452136 0.155000 0.452136
v -0.440807 0.155000 0.461812
v -0.428104 0.155000 0.469596
v -0.414339 0.155000 0.475297
v -0.400531 0.155000 0.478613
v 0.384309 0.155000 0.479999
v 0.399853 0.155000 0.478775
v 0.414339 0.155000 0.475297
v 0.428104 0.155000 0.469596
v 0.440807 0.155000 0.461812
v 0.452136 0.155000 0.452136
v 0.461812 0.155000 0.440807
v 0.469596 0.155000 0.428104
v 0.475297 0.155000 0.414339
v 0.478613 0.155000 0.400531
f 6929 6930 6970
f 6929 6970 6969
f 6930 6931 6971
f 6930 6971 6970
f 6931 6932 6972
f 6931 6972 6971
f 6932 6933 6973
f 6932 6973 6972
f 6933 6934 6974
f 6933 6974 6973
f 6934 6935 6975
f 6934 6975 6974
f 6935 6936 6976
f 6935 6976 6975
f 6936 6937 6977
f 6936 6977 6976
f 6937 6938 6978
f 6937 6978 6977
f 6938 6939 6979
f 6938 6979 6978
f 6939 6940 6980
f 6939 6980 6979
f 6940 6941 6981
f 6940 6981 6980
f 6941 6942 6982
f 6941 6982 6981
f 6942 6943 6983
f 6942 6983 6982
f 6943 6944 6984
f 6943 6984 6983
f 6944 6945 6985
f 6944 6985 6984
f 6945 6946 6986
f 6945 6986 6985
f 6946 6947 6987
f 6946 6987 6986
f 6947 6948 6988
f 6947 6988 6987
f 6948 6949 6989
f 6948 6989 6988
f 6949 6950 6990
f 6949 6990 6989
f 6950 6951 6991
f 6950 6991 6990
f 6951 6952 6992
f 6951 6992 6991
f 6952 6953 6993
f 6952 6993 6992
f 6953 6954 6994
f 6953 6994 6993
f 6954 6955 6995
f 6954 6995 6994
f 6955 6956 6996
f 6955 6996 6995
f 6956 6957 6997
f 6956 6997 6996
f 6957 6958 6998
f 6957 6998 6997
f 6958 6959 6999
f 6958 6999 6998
f 6959 6960 7000
f 6959 7000 6999
f 6960 6961 7001
f 6960 7001 7000
f 6961 6962 7002
f 6961 7002 7001
f 6962 6963 7003
f 6962 7003 7002
f 6963 6964 7004
f 6963 7004 7003
f 6964 6965 7005
f 6964 7005 7004
f 6965 6966 7006
f 6965 7006 7005
f 6966 6967 7007
f 6966 7007 7006
f 6967 6968 7008
f 6967 7008 7007
f 6968 6929 6969
f 6968 6969 7008
f 6969 6970 7010
f 6969 7010 7009
f 6970 6971 7011
f 6970 7011 7010
f 6971 6972 7012
f 6971 7012 7011
f 6972 6973 7013
f 6972 7013 7012
f 6973 6974 7014
f 6973 7014 7013
f 6974 6975 7015
f 6974 7015 7014
f 6975 6976 7016
f 6975 7016 7015
f 6976 6977 7017
f 6976 7017 7016
f 6977 6978 7018
f 6977 7018 7017
f 6978 6979 7019
f 6978 7019 7018
f 6979 6980 7020
f 6979 7020 7019
f 6980 6981 7021
f 6980 7021 7020
f 6981 6982 7022
f 6981 7022 7021
f 6982 6983 7023
f 6982 7023 7022
f 6983 6984 7024
f 6983 7024 7023
f 6984 6985 7025
f 6984 7025 7024
f 6985 6986 7026
f 6985 7026 7025
f 6986 6987 7027
f 6986 7027 7026
f 6987 6988 7028
f 6987 7028 7027
f 6988 6989 7029
f 6988 7029 7028
f 6989 6990 7030
f 6989 7030 7029
f 6990 6991 7031
f 6990 7031 7030
f 6991 6992 7032
f 6991 7032 7031
f 6992 6993 7033
f 6992 7033 7032
f 6993 6994 7034
f 6993 7034 7033
f 6994 6995 7035
f 6994 7035 7034
f 6995 6996 7036
f 6995 7036 7035
f 6996 6997 7037
f 6996 7037 7036
f 6997 6998 7038
f 6997 7038 7037
f 6998 6999 7039
f 6998 7039 7038
f 6999 7000 7040
f 6999 7040 7039
f 7000 7001 7041
f 7000 7041 7040
f 7001 7002 7042
f 7001 7042 7041
f 7002 7003 7043
f 7002 7043 7042
f 7003 7004 7044
f 7003 7044 7043
f 7004 7005 7045
f 7004 7045 7044
f 7005 7006 7046
f 7005 7046 7045
f 7006 7007 7047
f 7006 7047 7046
f 7007 7008 7048
f 7007 7048 7047
f 7008 6969 7009
f 7008 7009 7048
f 7009 7010 7050
f 7009 7050 7049
f 7010 7011 7051
f 7010 7051 7050
f 7011 7012 7052
f 7011 7052 7051
f 7012 7013 7053
f 7012 7053 7052
f 7013 7014 7054
f 7013 7054 7053
f 7014 7015 7055
f 7014 7055 7054
f 7015 7016 7056
f 7015 7056 7055
f 7016 7017 7057
f 7016 7057 7056
f 7017 7018 7058
f 7017 7058 7057
f 7018 7019 7059
f 7018 7059 7058
f 7019 7020 7060
f 7019 7060 7059
f 7020 7021 7061
f 7020 7061 7060
f 7021 7022 7062
f 7021 7062 7061
f 7022 7023 7063
f 7022 7063 7062
f 7023 7024 7064
f 7023 7064 7063
f 7024 7025 7065
f 7024 7065 7064
f 7025 7026 7066
f 7025 7066 7065
f 7026 7027 7067
f 7026 7067 7066
f 7027 7028 7068
f 7027 7068 7067
f 7028 7029 7069
f 7028 7069 7068
f 7029 7030 7070
f 7029 7070 7069
f 7030 7031 7071
f 7030 7071 7070
f 7031 7032 7072
f 7031 7072 7071
f 7032 7033 7073
f 7032 7073 7072
f 7033 7034 7074
f 7033 7074 7073
f 7034 7035 7075
f 7034 7075 7074
f 7035 7036 7076
f 7035 7076 7075
f 7036 7037 7077
f 7036 7077 7076
f 7037 7038 7078
f 7037 7078 7077
f 7038 7039 7079
f 7038 7079 7078
f 7039 7040 7080
f 7039 7080 7079
f 7040 7041 7081
f 7040 7081 7080
f 7041 7042 7082
f 7041 7082 7081
f 7042 7043 7083
f 7042 7083 7082
f 7043 7044 7084
f 7043 7084 7083
f 7044 7045 7085
f 7044 7085 7084
f 7045 7046 7086
f 7045 7086 7085
f 7046 7047 7087
f 7046 7087 7086
f 7047 7048 7088
f 7047 7088 7087
f 7048 7009 7049
f 7048 7049 7088
f 7049 7050 7090
f 7049 7090 7089
f 7050 7051 7091
f 7050 7091 7090
f 7051 7052 7092
f 7051 7092 7091
f 7052 7053 7093
f 7052 7093 7092
f 7053 7054 7094
f 7053 7094 7093
f 7054 7055 7095
f 7054 7095 7094
f 7055 7056 7096
f 7055 7096 7095
f 7056 7057 7097
f 7056 7097 7096
f 7057 7058 7098
f 7057 7098 7097
f 7058 7059 7099
f 7058 7099 7098
f 7059 7060 7100
f 7059 7100 7099
f 7060 7061 7101
f 7060 7101 7100
f 7061 7062 7102
f 7061 7102 7101
f 7062 7063 7103
f 7062 7103 7102
f 7063 7064 7104
f 7063 7104 7103
f 7064 7065 7105
f 7064 7105 7104
f 7065 7066 7106
f 7065 7106 7105
f 7066 7067 7107
f 7066 7107 7106
f 7067 7068 7108
f 7067 7108 7107
f 7068 7069 7109
f 7068 7109 7108
f 7069 7070 7110
f 7069 7110 7109
f 7070 7071 7111
f 7070 7111 7110
f 7071 7072 7112
f 7071 7112 7111
f 7072 7073 7113
f 7072 7113 7112
f 7073 7074 7114
f 7073 7114 7113
f 7074 7075 7115
f 7074 7115 7114
f 7075 7076 7116
f 7075 7116 7115
f 7076 7077 7117
f 7076 7117 7116
f 7077 7078 7118
f 7077 7118 7117
f 7078 7079 7119
f 7078 7119 7118
f 7079 7080 7120
f 7079 7120 7119
f 7080 7081 7121
f 7080 7121 7120
f 7081 7082 7122
f 7081 7122 7121
f 7082 7083 7123
f 7082 7123 7122
f 7083 7084 7124
f 7083 7124 7123
f 7084 7085 7125
f 7084 7125 7124
f 7085 7086 7126
f 7085 7126 7125
f 7086 7087 7127
f 7086 7127 7126
f 7087 7088 7128
f 7087 7128 7127
f 7088 7049 7089
f 7088 7089 7128
f 7089 7090 7130
f 7089 7130 7129
f 7090 7091 7131
f 7090 7131 7130
f 7091 7092 7132
f 7091 7132 7131
f 7092 7093 7133
f 7092 7133 7132
f 7093 7094 7134
f 7093 7134 7133
f 7094 7095 7135
f 7094 7135 7134
f 7095 7096 7136
f 7095 7136 7135
f 7096 7097 7137
f 7096 7137 7136
f 7097 7098 7138
f 7097 7138 7137
f 7098 7099 7139
f 7098 7139 7138
f 7099 7100 7140
f 7099 7140 7139
f 7100 7101 7141
f 7100 7141 7140
f 7101 7102 7142
f 7101 7142 7141
f 7102 7103 7143
f 7102 7143 7142
f 7103 7104 7144
f 7103 7144 7143
f 7104 7105 7145
f 7104 7145 7144
f 7105 7106 7146
f 7105 7146 7145
f 7106 7107 7147
f 7106 7147 7146
f 7107 7108 7148
f 7107 7148 7147
f 7108 7109 7149
f 7108 7149 7148
f 7109 7110 7150
f 7109 7150 7149
f 7110 7111 7151
f 7110 7151 7150
f 7111 7112 7152
f 7111 7152 7151
f 7112 7113 7153
f 7112 7153 7152
f 7113 7114 7154
f 7113 7154 7153
f 7114 7115 7155
f 7114 7155 7154
f 7115 7116 7156
f 7115 7156 7155
f 7116 7117 7157
f 7116 7157 7156
f 7117 7118 7158
f 7117 7158 7157
f 7118 7119 7159
f 7118 7159 7158
f 7119 7120 7160
f 7119 7160 7159
f 7120 7121 7161
f 7120 7161 7160
f 7121 7122 7162
f 7121 7162 7161
f 7122 7123 7163
f 7122 7163 7162
f 7123 7124 7164
f 7123 7164 7163
f 7124 7125 7165
f 7124 7165 7164
f 7125 7126 7166
f 7125 7166 7165
f 7126 7127 7167
f 7126 7167 7166
f 7127 7128 7168
f 7127 7168 7167
f 7128 7089 7129
f 7128 7129 7168
f 7170 7169 7208
f 7171 7170 7208
f 7172 7171 7208
f 7173 7172 7208
f 7174 7173 7208
f 7175 7174 7208
f 7176 7175 7208
f 7177 7176 7208
f 7178 7177 7208
f 7179 7178 7208
f 7180 7179 7208
f 7181 7180 7208
f 7182 7181 7208
f 7183 7182 7208
f 7184 7183 7208
f 7185 7184 7208
f 7186 7185 7208
f 7187 7186 7208
f 7188 7187 7208
f 7189 7188 7208
f 7190 7189 7208
f 7191 7190 7208
f 7192 7191 7208
f 7193 7192 7208
f 7194 7193 7208
f 7195 7194 7208
f 7196 7195 7208
f 7197 7196 7208
f 7198 7197 7208
f 7199 7198 7208
f 7200 7199 7208
f 7201 7200 7208
f 7202 7201 7208
f 7203 7202 7208
f 7204 7203 7208
f 7205 7204 7208
f 7206 7205 7208
f 7208 7207 7206
f 7248 7209 7210
f 7248 7210 7211
f 7248 7211 7212
f 7248 7212 7213
f 7248 7213 7214
f 7248 7214 7215
f 7248 7215 7216
f 7248 7216 7217
f 7248 7217 7218
f 7248 7218 7219
f 7248 7219 7220
f 7248 7220 7221
f 7248 7221 7222
f 7248 7222 7223
f 7248 7223 7224
f 7248 7224 7225
f 7248 7225 7226
f 7248 7226 7227
f 7248 7227 7228
f 7248 7228 7229
f 7248 7229 7230
f 7248 7230 7231
f 7248 7231 7232
f 7248 7232 7233
f 7248 7233 7234
f 7248 7234 7235
f 7248 7235 7236
f 7248 7236 7237
f 7248 7237 7238
f 7248 7238 7239
f 7248 7239 7240
f 7248 7240 7241
f 7248 7241 7242
f 7248 7242 7243
f 7248 7243 7244
f 7248 7244 7245
f 7248 7245 7246
f 7246 7247 7248
o siren_recess
usemtl siren_recess
v 0.414000 0.144000 -0.329769
v 0.412947 0.144000 -0.343138
v 0.409871 0.144000 -0.355952
v 0.404828 0.144000 -0.368127
v 0.397942 0.144000 -0.379363
v 0.389384 0.144000 -0.389384
v 0.379363 0.144000 -0.397942
v 0.368127 0.144000 -0.404828
v 0.355952 0.144000 -0.409871
v 0.343364 0.144000 -0.412893
v -0.329769 0.144000 -0.414000
v -0.343138 0.144000 -0.412947
v -0.355952 0.144000 -0.409871
v -0.368127 0.144000 -0.404828
v -0.379363 0.144000 -0.397942
v -0.389384 0.144000 -0.389384
v -0.397942 0.144000 -0.379363
v -0.404828 0.144000 -0.368127
v -0.409871 0.144000 -0.355952
v -0.412893 0.144000 -0.343364
v -0.414000 0.144000 0.329769
v -0.412947 0.144000 0.343138
v -0.409871 0.144000 0.355952
v -0.404828 0.144000 0.368127
v -0.397942 0.144000 0.379363
v -0.389384 0.144000 0.389384
v -0.379363 0.144000 0.397942
v -0.368127 0.144000 0.404828
v -0.355952 0.144000 0.409871
v -0.343364 0.144000 0.412893
v 0.329769 0.144000 0.414000
v 0.343138 0.144000 0.412947
v 0.355952 0.144000 0.409871
v 0.368127 0.144000 0.404828
v 0.379363 0.144000 0.397942
v 0.389384 0.144000 0.389384
v 0.397942 0.144000 0.379363
v 0.404828 0.144000 0.368127
v 0.409871 0.144000 0.355952
v 0.412893 0.144000 0.343364
v 0.418242 0.145758 -0.329932
v 0.417150 0.145758 -0.343803
v 0.413918 0.145758 -0.357267
v 0.408619 0.145758 -0.370059
v 0.401385 0.145758 -0.381864
v 0.392393 0.145758 -0.392393
v 0.381864 0.145758 -0.401385
v 0.370059 0.145758 -0.408619
v 0.357267 0.145758 -0.413918
v 0.343870 0.145758 -0.417134
v -0.329932 0.145758 -0.418242
v -0.343803 0.145758 -0.417150
v -0.357267 0.145758 -0.413918
v -0.370059 0.145758 -0.408619
v -0.381864 0.145758 -0.401385
v -0.392393 0.145758 -0.392393
v -0.401385 0.145758 -0.381864
v -0.408619 0.145758 -0.370059
v -0.413918 0.145758 -0.357267
v -0.417134 0.145758 -0.343870
v -0.418242 0.145758 0.329932
v -0.417150 0.145758 0.343803
v -0.413918 0.145758 0.357267
v -0.408619 0.145758 0.370059
v -0.401385 0.145758 0.381864
v -0.392393 0.145758 0.392393
v -0.381864 0.145758 0.401385
v -0.370059 0.145758 0.408619
v -0.357267 0.145758 0.413918
v -0.343870 0.145758 0.417134
v 0.329932 0.145758 0.418242
v 0.343803 0.145758 0.417150
v 0.357267 0.145758 0.413918
v 0.370059 0.145758 0.408619
v 0.381864 0.145758 0.401385
v 0.392393 0.145758 0.392393
v 0.401385 0.145758 0.381864
v 0.408619 0.145758 0.370059
v 0.413918 0.145758 0.357267
v 0.417134 0.145758 0.343870
v 0.420000 0.150000 -0.330000
v 0.418892 0.150000 -0.344079
v 0.415595 0.150000 -0.357812
v 0.410191 0.150000 -0.370859
v 0.402812 0.150000 -0.382901
v 0.393640 0.150000 -0.393640
v 0.382901 0.150000 -0.402812
v 0.370859 0.150000 -0.410191
v 0.357812 0.150000 -0.415595
v 0.344079 0.150000 -0.418892
v -0.330000 0.150000 -0.420000
v -0.344079 0.150000 -0.418892
v -0.357812 0.150000 -0.415595
v -0.370859 0.150000 -0.410191
v -0.382901 0.150000 -0.402812
v -0.393640 0.150000 -0.393640
v -0.402812 0.150000 -0.382901
v -0.410191 0.150000 -0.370859
v -0.415595 0.150000 -0.357812
v -0.418892 0.150000 -0.344079
v -0.420000 0.150000 0.330000
v -0.418892 0.150000 0.344079
v -0.415595 0.150000 0.357812
v -0.410191 0.150000 0.370859
v -0.402812 0.150000 0.382901
v -0.393640 0.150000 0.393640
v -0.382901 0.150000 0.402812
v -0.370859 0.150000 0.410191
v -0.357812 0.150000 0.415595
v -0.344079 0.150000 0.418892
v 0.330000 0.150000 0.420000
v 0.344079 0.150000 0.418892
v 0.357812 0.150000 0.415595
v 0.370859 0.150000 0.410191
v 0.382901 0.150000 0.402812
v 0.393640 0.150000 0.393640
v 0.402812 0.150000 0.382901
v 0.410191 0.150000 0.370859
v 0.415595 0.150000 0.357812
v 0.418892 0.150000 0.344079
v 0.420000 0.159000 -0.330000
v 0.418892 0.159000 -0.344079
v 0.415595 0.159000 -0.357812
v 0.410191 0.159000 -0.370859
v 0.402812 0.159000 -0.382901
v 0.393640 0.159000 -0.393640
v 0.382901 0.159000 -0.402812
v 0.370859 0.159000 -0.410191
v 0.357812 0.159000 -0.415595
v 0.344079 0.159000 -0.418892
v -0.330000 0.159000 -0.420000
v -0.344079 0.159000 -0.418892
v -0.357812 0.159000 -0.415595
v -0.370859 0.159000 -0.410191
v -0.382901 0.159000 -0.402812
v -0.393640 0.159000 -0.393640
v -0.402812 0.159000 -0.382901
v -0.410191 0.159000 -0.370859
v -0.415595 0.159000 -0.357812
v -0.418892 0.159000 -0.344079
v -0.420000 0.159000 0.330000
v -0.418892 0.159000 0.344079
v -0.415595 0.159000 0.357812
v -0.410191 0.159000 0.370859
v -0.402812 0.159000 0.382901
v -0.393640 0.159000 0.393640
v -0.382901 0.159000 0.402812
v -0.370859 0.159000 0.410191
v -0.357812 0.159000 0.415595
v -0.344079 0.159000 0.418892
v 0.330000 0.159000 0.420000
v 0.344079 0.159000 0.418892
v 0.357812 0.159000 0.415595
v 0.370859 0.159000 0.410191
v 0.382901 0.159000 0.402812
v 0.393640 0.159000 0.393640
v 0.402812 0.159000 0.382901
v 0.410191 0.159000 0.370859
v 0.415595 0.159000 0.357812
v 0.418892 0.159000 0.344079
v 0.418242 0.163242 -0.329932
v 0.417150 0.163242 -0.343803
v 0.413918 0.163242 -0.357267
v 0.408619 0.163242 -0.370059
v 0.401385 0.163242 -0.381864
v 0.392393 0.163242 -0.392393
v 0.381864 0.163242 -0.401385
v 0.370059 0.163242 -0.408619
v 0.357267 0.163242 -0.413918
v 0.343870 0.163242 -0.417134
v -0.329932 0.163242 -0.418242
v -0.343803 0.163242 -0.417150
v -0.357267 0.163242 -0.413918
v -0.370059 0.163242 -0.408619
v -0.381864 0.163242 -0.401385
v -0.392393 0.163242 -0.392393
v -0.401385 0.163242 -0.381864
v -0.408619 0.163242 -0.370059
v -0.413918 0.163242 -0.357267
v -0.417134 0.163242 -0.343870
v -0.418242 0.163242 0.329932
v -0.417150 0.163242 0.343803
v -0.413918 0.163242 0.357267
v -0.408619 0.163242 0.370059
v -0.401385 0.163242 0.381864
v -0.392393 0.163242 0.392393
v -0.381864 0.163242 0.401385
v -0.370059 0.163242 0.408619
v -0.357267 0.163242 0.413918
v -0.343870 0.163242 0.417134
v 0.329932 0.163242 0.418242
v 0.343803 0.163242 0.417150
v 0.357267 0.163242 0.413918
v 0.370059 0.163242 0.408619
v 0.381864 0.163242 0.401385
v 0.392393 0.163242 0.392393
v 0.401385 0.163242 0.381864
v 0.408619 0.163242 0.370059
v 0.413918 0.163242 0.357267
v 0.417134 0.163242 0.343870
v 0.414000 0.165000 -0.329769
v 0.412947 0.165000 -0.343138
v 0.409871 0.165000 -0.355952
v 0.404828 0.165000 -0.368127
v 0.397942 0.165000 -0.379363
v 0.389384 0.165000 -0.389384
v 0.379363 0.165000 -0.397942
v 0.368127 0.165000 -0.404828
v 0.355952 0.165000 -0.409871
v 0.343364 0.165000 -0.412893
v -0.329769 0.165000 -0.414000
v -0.343138 0.165000 -0.412947
v -0.355952 0.165000 -0.409871
v -0.368127 0.165000 -0.404828
v -0.379363 0.165000 -0.397942
v -0.389384 0.165000 -0.389384
v -0.397942 0.165000 -0.379363
v -0.404828 0.165000 -0.368127
v -0.409871 0.165000 -0.355952
v -0.412893 0.165000 -0.343364
v -0.414000 0.165000 0.329769
v -0.412947 0.165000 0.343138
v -0.409871 0.165000 0.355952
v -0.404828 0.165000 0.368127
v -0.397942 0.165000 0.379363
v -0.389384 0.165000 0.389384
v -0.379363 0.165000 0.397942
v -0.368127 0.165000 0.404828
v -0.355952 0.165000 0.409871
v -0.343364 0.165000 0.412893
v 0.329769 0.165000 0.414000
v 0.343138 0.165000 0.412947
v 0.355952 0.165000 0.409871
v 0.368127 0.165000 0.404828
v 0.379363 0.165000 0.397942
v 0.389384 0.165000 0.389384
v 0.397942 0.165000 0.379363
v 0.404828 0.165000 0.368127
v 0.409871 0.165000 0.355952
v 0.412893 0.165000 0.343364
v 0.414000 0.144000 -0.329769
v 0.412947 0.144000 -0.343138
v 0.409871 0.144000 -0.355952
v 0.404828 0.144000 -0.368127
v 0.397942 0.144000 -0.379363
v 0.389384 0.144000 -0.389384
v 0.379363 0.144000 -0.397942
v 0.368127 0.144000 -0.404828
v 0.355952 0.144000 -0.409871
v 0.343364 0.144000 -0.412893
v -0.329769 0.144000 -0.414000
v -0.343138 0.144000 -0.412947
v -0.355952 0.144000 -0.409871
v -0.368127 0.144000 -0.404828
v -0.379363 0.144000 -0.397942
v -0.389384 0.144000 -0.389384
v -0.397942 0.144000 -0.379363
v -0.404828 0.144000 -0.368127
v -0.409871 0.144000 -0.355952
v -0.412893 0.144000 -0.343364
v -0.414000 0.144000 0.329769
v -0.412947 0.144000 0.343138
v -0.409871 0.144000 0.355952
v -0.404828 0.144000 0.368127
v -0.397942 0.144000 0.379363
v -0.389384 0.144000 0.389384
v -0.379363 0.144000 0.397942
v -0.368127 0.144000 0.404828
v -0.355952 0.144000 0.409871
v -0.343364 0.144000 0.412893
v 0.329769 0.144000 0.414000
v 0.343138 0.144000 0.412947
v 0.355952 0.144000 0.409871
v 0.368127 0.144000 0.404828
v 0.379363 0.144000 0.397942
v 0.389384 0.144000 0.389384
v 0.397942 0.144000 0.379363
v 0.404828 0.144000 0.368127
v 0.409871 0.144000 0.355952
v 0.412893 0.144000 0.343364
v 0.414000 0.165000 -0.329769
v 0.412947 0.165000 -0.343138
v 0.409871 0.165000 -0.355952
v 0.404828 0.165000 -0.368127
v 0.397942 0.165000 -0.379363
v 0.389384 0.165000 -0.389384
v 0.379363 0.165000 -0.397942
v 0.368127 0.165000 -0.404828
v 0.355952 0.165000 -0.409871
v 0.343364 0.165000 -0.412893
v -0.329769 0.165000 -0.414000
v -0.343138 0.165000 -0.412947
v -0.355952 0.165000 -0.409871
v -0.368127 0.165000 -0.404828
v -0.379363 0.165000 -0.397942
v -0.389384 0.165000 -0.389384
v -0.397942 0.165000 -0.379363
v -0.404828 0.165000 -0.368127
v -0.409871 0.165000 -0.355952
v -0.412893 0.165000 -0.343364
v -0.414000 0.165000 0.329769
v -0.412947 0.165000 0.343138
v -0.409871 0.165000 0.355952
v -0.404828 0.165000 0.368127
v -0.397942 0.165000 0.379363
v -0.389384 0.165000 0.389384
v -0.379363 0.165000 0.397942
v -0.368127 0.165000 0.404828
v -0.355952 0.165000 0.409871
v -0.343364 0.165000 0.412893
v 0.329769 0.165000 0.414000
v 0.343138 0.165000 0.412947
v 0.355952 0.165000 0.409871
v 0.368127 0.165000 0.404828
v 0.379363 0.165000 0.397942
v 0.389384 0.165000 0.389384
v 0.397942 0.165000 0.379363
v 0.404828 0.165000 0.368127
v 0.409871 0.165000 0.355952
v 0.412893 0.165000 0.343364
f 7249 7250 7290
f 7249 7290 7289
f 7250 7251 7291
f 7250 7291 7290
f 7251 7252 7292
f 7251 7292 7291
f 7252 7253 7293
f 7252 7293 7292
f 7253 7254 7294
f 7253 7294 7293
f 7254 7255 7295
f 7254 7295 7294
f 7255 7256 7296
f 7255 7296 7295
f 7256 7257 7297
f 7256 7297 7296
f 7257 7258 7298
f 7257 7298 7297
f 7258 7259 7299
f 7258 7299 7298
f 7259 7260 7300
f 7259 7300 7299
f 7260 7261 7301
f 7260 7301 7300
f 7261 7262 7302
f 7261 7302 7301
f 7262 7263 7303
f 7262 7303 7302
f 7263 7264 7304
f 7263 7304 7303
f 7264 7265 7305
f 7264 7305 7304
f 7265 7266 7306
f 7265 7306 7305
f 7266 7267 7307
f 7266 7307 7306
f 7267 7268 7308
f 7267 7308 7307
f 7268 7269 7309
f 7268 7309 7308
f 7269 7270 7310
f 7269 7310 7309
f 7270 7271 7311
f 7270 7311 7310
f 7271 7272 7312
f 7271 7312 7311
f 7272 7273 7313
f 7272 7313 7312
f 7273 7274 7314
f 7273 7314 7313
f 7274 7275 7315
f 7274 7315 7314
f 7275 7276 7316
f 7275 7316 7315
f 7276 7277 7317
f 7276 7317 7316
f 7277 7278 7318
f 7277 7318 7317
f 7278 7279 7319
f 7278 7319 7318
f 7279 7280 7320
f 7279 7320 7319
f 7280 7281 7321
f 7280 7321 7320
f 7281 7282 7322
f 7281 7322 7321
f 7282 7283 7323
f 7282 7323 7322
f 7283 7284 7324
f 7283 7324 7323
f 7284 7285 7325
f 7284 7325 7324
f 7285 7286 7326
f 7285 7326 7325
f 7286 7287 7327
f 7286 7327 7326
f 7287 7288 7328
f 7287 7328 7327
f 7288 7249 7289
f 7288 7289 7328
f 7289 7290 7330
f 7289 7330 7329
f 7290 7291 7331
f 7290 7331 7330
f 7291 7292 7332
f 7291 7332 7331
f 7292 7293 7333
f 7292 7333 7332
f 7293 7294 7334
f 7293 7334 7333
f 7294 7295 7335
f 7294 7335 7334
f 7295 7296 7336
f 7295 7336 7335
f 7296 7297 7337
f 7296 7337 7336
f 7297 7298 7338
f 7297 7338 7337
f 7298 7299 7339
f 7298 7339 7338
f 7299 7300 7340
f 7299 7340 7339
f 7300 7301 7341
f 7300 7341 7340
f 7301 7302 7342
f 7301 7342 7341
f 7302 7303 7343
f 7302 7343 7342
f 7303 7304 7344
f 7303 7344 7343
f 7304 7305 7345
f 7304 7345 7344
f 7305 7306 7346
f 7305 7346 7345
f 7306 7307 7347
f 7306 7347 7346
f 7307 7308 7348
f 7307 7348 7347
f 7308 7309 7349
f 7308 7349 7348
f 7309 7310 7350
f 7309 7350 7349
f 7310 7311 7351
f 7310 7351 7350
f 7311 7312 7352
f 7311 7352 7351
f 7312 7313 7353
f 7312 7353 7352
f 7313 7314 7354
f 7313 7354 7353
f 7314 7315 7355
f 7314 7355 7354
f 7315 7316 7356
f 7315 7356 7355
f 7316 7317 7357
f 7316 7357 7356
f 7317 7318 7358
f 7317 7358 7357
f 7318 7319 7359
f 7318 7359 7358
f 7319 7320 7360
f 7319 7360 7359
f 7320 7321 7361
f 7320 7361 7360
f 7321 7322 7362
f 7321 7362 7361
f 7322 7323 7363
f 7322 7363 7362
f 7323 7324 7364
f 7323 7364 7363
f 7324 7325 7365
f 7324 7365 7364
f 7325 7326 7366
f 7325 7366 7365
f 7326 7327 7367
f 7326 7367 7366
f 7327 7328 7368
f 7327 7368 7367
f 7328 7289 7329
f 7328 7329 7368
f 7329 7330 7370
f 7329 7370 7369
f 7330 7331 7371
f 7330 7371 7370
f 7331 7332 7372
f 7331 7372 7371
f 7332 7333 7373
f 7332 7373 7372
f 7333 7334 7374
f 7333 7374 7373
f 7334 7335 7375
f 7334 7375 7374
f 7335 7336 7376
f 7335 7376 7375
f 7336 7337 7377
f 7336 7377 7376
f 7337 7338 7378
f 7337 7378 7377
f 7338 7339 7379
f 7338 7379 7378
f 7339 7340 7380
f 7339 7380 7379
f 7340 7341 7381
f 7340 7381 7380
f 7341 7342 7382
f 7341 7382 7381
f 7342 7343 7383
f 7342 7383 7382
f 7343 7344 7384
f 7343 7384 7383
f 7344 7345 7385
f 7344 7385 7384
f 7345 7346 7386
f 7345 7386 7385
f 7346 7347 7387
f 7346 7387 7386
f 7347 7348 7388
f 7347 7388 7387
f 7348 7349 7389
f 7348 7389 7388
f 7349 7350 7390
f 7349 7390 7389
f 7350 7351 7391
f 7350 7391 7390
f 7351 7352 7392
f 7351 7392 7391
f 7352 7353 7393
f 7352 7393 7392
f 7353 7354 7394
f 7353 7394 7393
f 7354 7355 7395
f 7354 7395 7394
f 7355 7356 7396
f 7355 7396 7395
f 7356 7357 7397
f 7356 7397 7396
f 7357 7358 7398
f 7357 7398 7397
f 7358 7359 7399
f 7358 7399 7398
f 7359 7360 7400
f 7359 7400 7399
f 7360 7361 7401
f 7360 7401 7400
f 7361 7362 7402
f 7361 7402 7401
f 7362 7363 7403
f 7362 7403 7402
f 7363 7364 7404
f 7363 7404 7403
f 7364 7365 7405
f 7364 7405 7404
f 7365 7366 7406
f 7365 7406 7405
f 7366 7367 7407
f 7366 7407 7406
f 7367 7368 7408
f 7367 7408 7407
f 7368 7329 7369
f 7368 7369 7408
f 7369 7370 7410
f 7369 7410 7409
f 7370 7371 7411
f 7370 7411 7410
f 7371 7372 7412
f 7371 7412 7411
f 7372 7373 7413
f 7372 7413 7412
f 7373 7374 7414
f 7373 7414 7413
f 7374 7375 7415
f 7374 7415 7414
f 7375 7376 7416
f 7375 7416 7415
f 7376 7377 7417
f 7376 7417 7416
f 7377 7378 7418
f 7377 7418 7417
f 7378 7379 7419
f 7378 7419 7418
f 7379 7380 7420
f 7379 7420 7419
f 7380 7381 7421
f 7380 7421 7420
f 7381 7382 7422
f 7381 7422 7421
f 7382 7383 7423
f 7382 7423 7422
f 7383 7384 7424
f 7383 7424 7423
f 7384 7385 7425
f 7384 7425 7424
f 7385 7386 7426
f 7385 7426 7425
f 7386 7387 7427
f 7386 7427 7426
f 7387 7388 7428
f 7387 7428 7427
f 7388 7389 7429
f 7388 7429 7428
f 7389 7390 7430
f 7389 7430 7429
f 7390 7391 7431
f 7390 7431 7430
f 7391 7392 7432
f 7391 7432 7431
f 7392 7393 7433
f 7392 7433 7432
f 7393 7394 7434
f 7393 7434 7433
f 7394 7395 7435
f 7394 7435 7434
f 7395 7396 7436
f 7395 7436 7435
f 7396 7397 7437
f 7396 7437 7436
f 7397 7398 7438
f 7397 7438 7437
f 7398 7399 7439
f 7398 7439 7438
f 7399 7400 7440
f 7399 7440 7439
f 7400 7401 7441
f 7400 7441 7440
f 7401 7402 7442
f 7401 7442 7441
f 7402 7403 7443
f 7402 7443 7442
f 7403 7404 7444
f 7403 7444 7443
f 7404 7405 7445
f 7404 7445 7444
f 7405 7406 7446
f 7405 7446 7445
f 7406 7407 7447
f 7406 7447 7446
f 7407 7408 7448
f 7407 7448 7447
f 7408 7369 7409
f 7408 7409 7448
f 7409 7410 7450
f 7409 7450 7449
f 7410 7411 7451
f 7410 7451 7450
f 7411 7412 7452
f 7411 7452 7451
f 7412 7413 7453
f 7412 7453 7452
f 7413 7414 7454
f 7413 7454 7453
f 7414 7415 7455
f 7414 7455 7454
f 7415 7416 7456
f 7415 7456 7455
f 7416 7417 7457
f 7416 7457 7456
f 7417 7418 7458
f 7417 7458 7457
f 7418 7419 7459
f 7418 7459 7458
f 7419 7420 7460
f 7419 7460 7459
f 7420 7421 7461
f 7420 7461 7460
f 7421 7422 7462
f 7421 7462 7461
f 7422 7423 7463
f 7422 7463 7462
f 7423 7424 7464
f 7423 7464 7463
f 7424 7425 7465
f 7424 7465 7464
f 7425 7426 7466
f 7425 7466 7465
f 7426 7427 7467
f 7426 7467 7466
f 7427 7428 7468
f 7427 7468 7467
f 7428 7429 7469
f 7428 7469 7468
f 7429 7430 7470
f 7429 7470 7469
f 7430 7431 7471
f 7430 7471 7470
f 7431 7432 7472
f 7431 7472 7471
f 7432 7433 7473
f 7432 7473 7472
f 7433 7434 7474
f 7433 7474 7473
f 7434 7435 7475
f 7434 7475 7474
f 7435 7436 7476
f 7435 7476 7475
f 7436 7437 7477
f 7436 7477 7476
f 7437 7438 7478
f 7437 7478 7477
f 7438 7439 7479
f 7438 7479 7478
f 7439 7440 7480
f 7439 7480 7479
f 7440 7441 7481
f 7440 7481 7480
f 7441 7442 7482
f 7441 7482 7481
f 7442 7443 7483
f 7442 7483 7482
f 7443 7444 7484
f 7443 7484 7483
f 7444 7445 7485
f 7444 7485 7484
f 7445 7446 7486
f 7445 7486 7485
f 7446 7447 7487
f 7446 7487 7486
f 7447 7448 7488
f 7447 7488 7487
f 7448 7409 7449
f 7448 7449 7488
f 7490 7489 7528
f 7491 7490 7528
f 7492 7491 7528
f 7493 7492 7528
f 7494 7493 7528
f 7495 7494 7528
f 7496 7495 7528
f 7497 7496 7528
f 7498 7497 7528
f 7499 7498 7528
f 7500 7499 7528
f 7501 7500 7528
f 7502 7501 7528
f 7503 7502 7528
f 7504 7503 7528
f 7505 7504 7528
f 7506 7505 7528
f 7507 7506 7528
f 7508 7507 7528
f 7509 7508 7528
f 7510 7509 7528
f 7511 7510 7528
f 7512 7511 7528
f 7513 7512 7528
f 7514 7513 7528
f 7515 7514 7528
f 7516 7515 7528
f 7517 7516 7528
f 7518 7517 7528
f 7519 7518 7528
f 7520 7519 7528
f 7521 7520 7528
f 7522 7521 7528
f 7523 7522 7528
f 7524 7523 7528
f 7525 7524 7528
f 7526 7525 7528
f 7528 7527 7526
f 7568 7529 7530
f 7568 7530 7531
f 7568 7531 7532
f 7568 7532 7533
f 7568 7533 7534
f 7568 7534 7535
f 7568 7535 7536
f 7568 7536 7537
f 7568 7537 7538
f 7568 7538 7539
f 7568 7539 7540
f 7568 7540 7541
f 7568 7541 7542
f 7568 7542 7543
f 7568 7543 7544
f 7568 7544 7545
f 7568 7545 7546
f 7568 7546 7547
f 7568 7547 7548
f 7568 7548 7549
f 7568 7549 7550
f 7568 7550 7551
f 7568 7551 7552
f 7568 7552 7553
f 7568 7553 7554
f 7568 7554 7555
f 7568 7555 7556
f 7568 7556 7557
f 7568 7557 7558
f 7568 7558 7559
f 7568 7559 7560
f 7568 7560 7561
f 7568 7561 7562
f 7568 7562 7563
f 7568 7563 7564
f 7568 7564 7565
f 7568 7565 7566
f 7566 7567 7568
o siren_rounded_rim
usemtl siren_base
v 0.500000 0.105000 -0.385000
v 0.498584 0.105000 -0.402990
v 0.494371 0.105000 -0.420537
v 0.487466 0.105000 -0.437209
v 0.478037 0.105000 -0.452595
v 0.466317 0.105000 -0.466317
v 0.452595 0.105000 -0.478037
v 0.437209 0.105000 -0.487466
v 0.420537 0.105000 -0.494371
v 0.402990 0.105000 -0.498584
v -0.385000 0.105000 -0.500000
v -0.402990 0.105000 -0.498584
v -0.420537 0.105000 -0.494371
v -0.437209 0.105000 -0.487466
v -0.452595 0.105000 -0.478037
v -0.466317 0.105000 -0.466317
v -0.478037 0.105000 -0.452595
v -0.487466 0.105000 -0.437209
v -0.494371 0.105000 -0.420537
v -0.498584 0.105000 -0.402990
v -0.500000 0.105000 0.385000
v -0.498584 0.105000 0.402990
v -0.494371 0.105000 0.420537
v -0.487466 0.105000 0.437209
v -0.478037 0.105000 0.452595
v -0.466317 0.105000 0.466317
v -0.452595 0.105000 0.478037
v -0.437209 0.105000 0.487466
v -0.420537 0.105000 0.494371
v -0.402990 0.105000 0.498584
v 0.385000 0.105000 0.500000
v 0.402990 0.105000 0.498584
v 0.420537 0.105000 0.494371
v 0.437209 0.105000 0.487466
v 0.452595 0.105000 0.478037
v 0.466317 0.105000 0.466317
v 0.478037 0.105000 0.452595
v 0.487466 0.105000 0.437209
v 0.494371 0.105000 0.420537
v 0.498584 0.105000 0.402990
v 0.500000 0.230000 -0.385000
v 0.498584 0.230000 -0.402990
v 0.494371 0.230000 -0.420537
v 0.487466 0.230000 -0.437209
v 0.478037 0.230000 -0.452595
v 0.466317 0.230000 -0.466317
v 0.452595 0.230000 -0.478037
v 0.437209 0.230000 -0.487466
v 0.420537 0.230000 -0.494371
v 0.402990 0.230000 -0.498584
v -0.385000 0.230000 -0.500000
v -0.402990 0.230000 -0.498584
v -0.420537 0.230000 -0.494371
v -0.437209 0.230000 -0.487466
v -0.452595 0.230000 -0.478037
v -0.466317 0.230000 -0.466317
v -0.478037 0.230000 -0.452595
v -0.487466 0.230000 -0.437209
v -0.494371 0.230000 -0.420537
v -0.498584 0.230000 -0.402990
v -0.500000 0.230000 0.385000
v -0.498584 0.230000 0.402990
v -0.494371 0.230000 0.420537
v -0.487466 0.230000 0.437209
v -0.478037 0.230000 0.452595
v -0.466317 0.230000 0.466317
v -0.452595 0.230000 0.478037
v -0.437209 0.230000 0.487466
v -0.420537 0.230000 0.494371
v -0.402990 0.230000 0.498584
v 0.385000 0.230000 0.500000
v 0.402990 0.230000 0.498584
v 0.420537 0.230000 0.494371
v 0.437209 0.230000 0.487466
v 0.452595 0.230000 0.478037
v 0.466317 0.230000 0.466317
v 0.478037 0.230000 0.452595
v 0.487466 0.230000 0.437209
v 0.494371 0.230000 0.420537
v 0.498584 0.230000 0.402990
v 0.495500 0.245000 -0.385500
v 0.494146 0.245000 -0.402708
v 0.490116 0.245000 -0.419492
v 0.483511 0.245000 -0.435439
v 0.474492 0.245000 -0.450156
v 0.463282 0.245000 -0.463282
v 0.450156 0.245000 -0.474492
v 0.435439 0.245000 -0.483511
v 0.419492 0.245000 -0.490116
v 0.402708 0.245000 -0.494146
v -0.385500 0.245000 -0.495500
v -0.402708 0.245000 -0.494146
v -0.419492 0.245000 -0.490116
v -0.435439 0.245000 -0.483511
v -0.450156 0.245000 -0.474492
v -0.463282 0.245000 -0.463282
v -0.474492 0.245000 -0.450156
v -0.483511 0.245000 -0.435439
v -0.490116 0.245000 -0.419492
v -0.494146 0.245000 -0.402708
v -0.495500 0.245000 0.385500
v -0.494146 0.245000 0.402708
v -0.490116 0.245000 0.419492
v -0.483511 0.245000 0.435439
v -0.474492 0.245000 0.450156
v -0.463282 0.245000 0.463282
v -0.450156 0.245000 0.474492
v -0.435439 0.245000 0.483511
v -0.419492 0.245000 0.490116
v -0.402708 0.245000 0.494146
v 0.385500 0.245000 0.495500
v 0.402708 0.245000 0.494146
v 0.419492 0.245000 0.490116
v 0.435439 0.245000 0.483511
v 0.450156 0.245000 0.474492
v 0.463282 0.245000 0.463282
v 0.474492 0.245000 0.450156
v 0.483511 0.245000 0.435439
v 0.490116 0.245000 0.419492
v 0.494146 0.245000 0.402708
v 0.485000 0.253000 -0.382000
v 0.483732 0.253000 -0.398113
v 0.479959 0.253000 -0.413829
v 0.473774 0.253000 -0.428761
v 0.465329 0.253000 -0.442542
v 0.454832 0.253000 -0.454832
v 0.442542 0.253000 -0.465329
v 0.428761 0.253000 -0.473774
v 0.413829 0.253000 -0.479959
v 0.398113 0.253000 -0.483732
v -0.382000 0.253000 -0.485000
v -0.398113 0.253000 -0.483732
v -0.413829 0.253000 -0.479959
v -0.428761 0.253000 -0.473774
v -0.442542 0.253000 -0.465329
v -0.454832 0.253000 -0.454832
v -0.465329 0.253000 -0.442542
v -0.473774 0.253000 -0.428761
v -0.479959 0.253000 -0.413829
v -0.483732 0.253000 -0.398113
v -0.485000 0.253000 0.382000
v -0.483732 0.253000 0.398113
v -0.479959 0.253000 0.413829
v -0.473774 0.253000 0.428761
v -0.465329 0.253000 0.442542
v -0.454832 0.253000 0.454832
v -0.442542 0.253000 0.465329
v -0.428761 0.253000 0.473774
v -0.413829 0.253000 0.479959
v -0.398113 0.253000 0.483732
v 0.382000 0.253000 0.485000
v 0.398113 0.253000 0.483732
v 0.413829 0.253000 0.479959
v 0.428761 0.253000 0.473774
v 0.442542 0.253000 0.465329
v 0.454832 0.253000 0.454832
v 0.465329 0.253000 0.442542
v 0.473774 0.253000 0.428761
v 0.479959 0.253000 0.413829
v 0.483732 0.253000 0.398113
v 0.419000 0.253000 -0.329000
v 0.417892 0.253000 -0.343079
v 0.414595 0.253000 -0.356812
v 0.409191 0.253000 -0.369859
v 0.401812 0.253000 -0.381901
v 0.392640 0.253000 -0.392640
v 0.381901 0.253000 -0.401812
v 0.369859 0.253000 -0.409191
v 0.356812 0.253000 -0.414595
v 0.343079 0.253000 -0.417892
v -0.329000 0.253000 -0.419000
v -0.343079 0.253000 -0.417892
v -0.356812 0.253000 -0.414595
v -0.369859 0.253000 -0.409191
v -0.381901 0.253000 -0.401812
v -0.392640 0.253000 -0.392640
v -0.401812 0.253000 -0.381901
v -0.409191 0.253000 -0.369859
v -0.414595 0.253000 -0.356812
v -0.417892 0.253000 -0.343079
v -0.419000 0.253000 0.329000
v -0.417892 0.253000 0.343079
v -0.414595 0.253000 0.356812
v -0.409191 0.253000 0.369859
v -0.401812 0.253000 0.381901
v -0.392640 0.253000 0.392640
v -0.381901 0.253000 0.401812
v -0.369859 0.253000 0.409191
v -0.356812 0.253000 0.414595
v -0.343079 0.253000 0.417892
v 0.329000 0.253000 0.419000
v 0.343079 0.253000 0.417892
v 0.356812 0.253000 0.414595
v 0.369859 0.253000 0.409191
v 0.381901 0.253000 0.401812
v 0.392640 0.253000 0.392640
v 0.401812 0.253000 0.381901
v 0.409191 0.253000 0.369859
v 0.414595 0.253000 0.356812
v 0.417892 0.253000 0.343079
v 0.410500 0.246000 -0.326500
v 0.409466 0.246000 -0.339640
v 0.406389 0.246000 -0.352457
v 0.401345 0.246000 -0.364635
v 0.394457 0.246000 -0.375874
v 0.385897 0.246000 -0.385897
v 0.375874 0.246000 -0.394457
v 0.364635 0.246000 -0.401345
v 0.352457 0.246000 -0.406389
v 0.339640 0.246000 -0.409466
v -0.326500 0.246000 -0.410500
v -0.339640 0.246000 -0.409466
v -0.352457 0.246000 -0.406389
v -0.364635 0.246000 -0.401345
v -0.375874 0.246000 -0.394457
v -0.385897 0.246000 -0.385897
v -0.394457 0.246000 -0.375874
v -0.401345 0.246000 -0.364635
v -0.406389 0.246000 -0.352457
v -0.409466 0.246000 -0.339640
v -0.410500 0.246000 0.326500
v -0.409466 0.246000 0.339640
v -0.406389 0.246000 0.352457
v -0.401345 0.246000 0.364635
v -0.394457 0.246000 0.375874
v -0.385897 0.246000 0.385897
v -0.375874 0.246000 0.394457
v -0.364635 0.246000 0.401345
v -0.352457 0.246000 0.406389
v -0.339640 0.246000 0.409466
v 0.326500 0.246000 0.410500
v 0.339640 0.246000 0.409466
v 0.352457 0.246000 0.406389
v 0.364635 0.246000 0.401345
v 0.375874 0.246000 0.394457
v 0.385897 0.246000 0.385897
v 0.394457 0.246000 0.375874
v 0.401345 0.246000 0.364635
v 0.406389 0.246000 0.352457
v 0.409466 0.246000 0.339640
v 0.406000 0.232000 -0.326000
v 0.405015 0.232000 -0.338515
v 0.402085 0.232000 -0.350721
v 0.397281 0.232000 -0.362319
v 0.390721 0.232000 -0.373023
v 0.382569 0.232000 -0.382569
v 0.373023 0.232000 -0.390721
v 0.362319 0.232000 -0.397281
v 0.350721 0.232000 -0.402085
v 0.338515 0.232000 -0.405015
v -0.326000 0.232000 -0.406000
v -0.338515 0.232000 -0.405015
v -0.350721 0.232000 -0.402085
v -0.362319 0.232000 -0.397281
v -0.373023 0.232000 -0.390721
v -0.382569 0.232000 -0.382569
v -0.390721 0.232000 -0.373023
v -0.397281 0.232000 -0.362319
v -0.402085 0.232000 -0.350721
v -0.405015 0.232000 -0.338515
v -0.406000 0.232000 0.326000
v -0.405015 0.232000 0.338515
v -0.402085 0.232000 0.350721
v -0.397281 0.232000 0.362319
v -0.390721 0.232000 0.373023
v -0.382569 0.232000 0.382569
v -0.373023 0.232000 0.390721
v -0.362319 0.232000 0.397281
v -0.350721 0.232000 0.402085
v -0.338515 0.232000 0.405015
v 0.326000 0.232000 0.406000
v 0.338515 0.232000 0.405015
v 0.350721 0.232000 0.402085
v 0.362319 0.232000 0.397281
v 0.373023 0.232000 0.390721
v 0.382569 0.232000 0.382569
v 0.390721 0.232000 0.373023
v 0.397281 0.232000 0.362319
v 0.402085 0.232000 0.350721
v 0.405015 0.232000 0.338515
v 0.406000 0.156000 -0.326000
v 0.405015 0.156000 -0.338515
v 0.402085 0.156000 -0.350721
v 0.397281 0.156000 -0.362319
v 0.390721 0.156000 -0.373023
v 0.382569 0.156000 -0.382569
v 0.373023 0.156000 -0.390721
v 0.362319 0.156000 -0.397281
v 0.350721 0.156000 -0.402085
v 0.338515 0.156000 -0.405015
v -0.326000 0.156000 -0.406000
v -0.338515 0.156000 -0.405015
v -0.350721 0.156000 -0.402085
v -0.362319 0.156000 -0.397281
v -0.373023 0.156000 -0.390721
v -0.382569 0.156000 -0.382569
v -0.390721 0.156000 -0.373023
v -0.397281 0.156000 -0.362319
v -0.402085 0.156000 -0.350721
v -0.405015 0.156000 -0.338515
v -0.406000 0.156000 0.326000
v -0.405015 0.156000 0.338515
v -0.402085 0.156000 0.350721
v -0.397281 0.156000 0.362319
v -0.390721 0.156000 0.373023
v -0.382569 0.156000 0.382569
v -0.373023 0.156000 0.390721
v -0.362319 0.156000 0.397281
v -0.350721 0.156000 0.402085
v -0.338515 0.156000 0.405015
v 0.326000 0.156000 0.406000
v 0.338515 0.156000 0.405015
v 0.350721 0.156000 0.402085
v 0.362319 0.156000 0.397281
v 0.373023 0.156000 0.390721
v 0.382569 0.156000 0.382569
v 0.390721 0.156000 0.373023
v 0.397281 0.156000 0.362319
v 0.402085 0.156000 0.350721
v 0.405015 0.156000 0.338515
v 0.417500 0.146000 -0.332500
v 0.416454 0.146000 -0.345797
v 0.413340 0.146000 -0.358766
v 0.408236 0.146000 -0.371089
v 0.401266 0.146000 -0.382462
v 0.392604 0.146000 -0.392604
v 0.382462 0.146000 -0.401266
v 0.371089 0.146000 -0.408236
v 0.358766 0.146000 -0.413340
v 0.345797 0.146000 -0.416454
v -0.332500 0.146000 -0.417500
v -0.345797 0.146000 -0.416454
v -0.358766 0.146000 -0.413340
v -0.371089 0.146000 -0.408236
v -0.382462 0.146000 -0.401266
v -0.392604 0.146000 -0.392604
v -0.401266 0.146000 -0.382462
v -0.408236 0.146000 -0.371089
v -0.413340 0.146000 -0.358766
v -0.416454 0.146000 -0.345797
v -0.417500 0.146000 0.332500
v -0.416454 0.146000 0.345797
v -0.413340 0.146000 0.358766
v -0.408236 0.146000 0.371089
v -0.401266 0.146000 0.382462
v -0.392604 0.146000 0.392604
v -0.382462 0.146000 0.401266
v -0.371089 0.146000 0.408236
v -0.358766 0.146000 0.413340
v -0.345797 0.146000 0.416454
v 0.332500 0.146000 0.417500
v 0.345797 0.146000 0.416454
v 0.358766 0.146000 0.413340
v 0.371089 0.146000 0.408236
v 0.382462 0.146000 0.401266
v 0.392604 0.146000 0.392604
v 0.401266 0.146000 0.382462
v 0.408236 0.146000 0.371089
v 0.413340 0.146000 0.358766
v 0.416454 0.146000 0.345797
v 0.485000 0.146000 -0.382000
v 0.483732 0.146000 -0.398113
v 0.479959 0.146000 -0.413829
v 0.473774 0.146000 -0.428761
v 0.465329 0.146000 -0.442542
v 0.454832 0.146000 -0.454832
v 0.442542 0.146000 -0.465329
v 0.428761 0.146000 -0.473774
v 0.413829 0.146000 -0.479959
v 0.398113 0.146000 -0.483732
v -0.382000 0.146000 -0.485000
v -0.398113 0.146000 -0.483732
v -0.413829 0.146000 -0.479959
v -0.428761 0.146000 -0.473774
v -0.442542 0.146000 -0.465329
v -0.454832 0.146000 -0.454832
v -0.465329 0.146000 -0.442542
v -0.473774 0.146000 -0.428761
v -0.479959 0.146000 -0.413829
v -0.483732 0.146000 -0.398113
v -0.485000 0.146000 0.382000
v -0.483732 0.146000 0.398113
v -0.479959 0.146000 0.413829
v -0.473774 0.146000 0.428761
v -0.465329 0.146000 0.442542
v -0.454832 0.146000 0.454832
v -0.442542 0.146000 0.465329
v -0.428761 0.146000 0.473774
v -0.413829 0.146000 0.479959
v -0.398113 0.146000 0.483732
v 0.382000 0.146000 0.485000
v 0.398113 0.146000 0.483732
v 0.413829 0.146000 0.479959
v 0.428761 0.146000 0.473774
v 0.442542 0.146000 0.465329
v 0.454832 0.146000 0.454832
v 0.465329 0.146000 0.442542
v 0.473774 0.146000 0.428761
v 0.479959 0.146000 0.413829
v 0.483732 0.146000 0.398113
f 7569 7570 7610
f 7569 7610 7609
f 7570 7571 7611
f 7570 7611 7610
f 7571 7572 7612
f 7571 7612 7611
f 7572 7573 7613
f 7572 7613 7612
f 7573 7574 7614
f 7573 7614 7613
f 7574 7575 7615
f 7574 7615 7614
f 7575 7576 7616
f 7575 7616 7615
f 7576 7577 7617
f 7576 7617 7616
f 7577 7578 7618
f 7577 7618 7617
f 7578 7579 7619
f 7578 7619 7618
f 7579 7580 7620
f 7579 7620 7619
f 7580 7581 7621
f 7580 7621 7620
f 7581 7582 7622
f 7581 7622 7621
f 7582 7583 7623
f 7582 7623 7622
f 7583 7584 7624
f 7583 7624 7623
f 7584 7585 7625
f 7584 7625 7624
f 7585 7586 7626
f 7585 7626 7625
f 7586 7587 7627
f 7586 7627 7626
f 7587 7588 7628
f 7587 7628 7627
f 7588 7589 7629
f 7588 7629 7628
f 7589 7590 7630
f 7589 7630 7629
f 7590 7591 7631
f 7590 7631 7630
f 7591 7592 7632
f 7591 7632 7631
f 7592 7593 7633
f 7592 7633 7632
f 7593 7594 7634
f 7593 7634 7633
f 7594 7595 7635
f 7594 7635 7634
f 7595 7596 7636
f 7595 7636 7635
f 7596 7597 7637
f 7596 7637 7636
f 7597 7598 7638
f 7597 7638 7637
f 7598 7599 7639
f 7598 7639 7638
f 7599 7600 7640
f 7599 7640 7639
f 7600 7601 7641
f 7600 7641 7640
f 7601 7602 7642
f 7601 7642 7641
f 7602 7603 7643
f 7602 7643 7642
f 7603 7604 7644
f 7603 7644 7643
f 7604 7605 7645
f 7604 7645 7644
f 7605 7606 7646
f 7605 7646 7645
f 7606 7607 7647
f 7606 7647 7646
f 7607 7608 7648
f 7607 7648 7647
f 7608 7569 7609
f 7608 7609 7648
f 7609 7610 7650
f 7609 7650 7649
f 7610 7611 7651
f 7610 7651 7650
f 7611 7612 7652
f 7611 7652 7651
f 7612 7613 7653
f 7612 7653 7652
f 7613 7614 7654
f 7613 7654 7653
f 7614 7615 7655
f 7614 7655 7654
f 7615 7616 7656
f 7615 7656 7655
f 7616 7617 7657
f 7616 7657 7656
f 7617 7618 7658
f 7617 7658 7657
f 7618 7619 7659
f 7618 7659 7658
f 7619 7620 7660
f 7619 7660 7659
f 7620 7621 7661
f 7620 7661 7660
f 7621 7622 7662
f 7621 7662 7661
f 7622 7623 7663
f 7622 7663 7662
f 7623 7624 7664
f 7623 7664 7663
f 7624 7625 7665
f 7624 7665 7664
f 7625 7626 7666
f 7625 7666 7665
f 7626 7627 7667
f 7626 7667 7666
f 7627 7628 7668
f 7627 7668 7667
f 7628 7629 7669
f 7628 7669 7668
f 7629 7630 7670
f 7629 7670 7669
f 7630 7631 7671
f 7630 7671 7670
f 7631 7632 7672
f 7631 7672 7671
f 7632 7633 7673
f 7632 7673 7672
f 7633 7634 7674
f 7633 7674 7673
f 7634 7635 7675
f 7634 7675 7674
f 7635 7636 7676
f 7635 7676 7675
f 7636 7637 7677
f 7636 7677 7676
f 7637 7638 7678
f 7637 7678 7677
f 7638 7639 7679
f 7638 7679 7678
f 7639 7640 7680
f 7639 7680 7679
f 7640 7641 7681
f 7640 7681 7680
f 7641 7642 7682
f 7641 7682 7681
f 7642 7643 7683
f 7642 7683 7682
f 7643 7644 7684
f 7643 7684 7683
f 7644 7645 7685
f 7644 7685 7684
f 7645 7646 7686
f 7645 7686 7685
f 7646 7647 7687
f 7646 7687 7686
f 7647 7648 7688
f 7647 7688 7687
f 7648 7609 7649
f 7648 7649 7688
f 7649 7650 7690
f 7649 7690 7689
f 7650 7651 7691
f 7650 7691 7690
f 7651 7652 7692
f 7651 7692 7691
f 7652 7653 7693
f 7652 7693 7692
f 7653 7654 7694
f 7653 7694 7693
f 7654 7655 7695
f 7654 7695 7694
f 7655 7656 7696
f 7655 7696 7695
f 7656 7657 7697
f 7656 7697 7696
f 7657 7658 7698
f 7657 7698 7697
f 7658 7659 7699
f 7658 7699 7698
f 7659 7660 7700
f 7659 7700 7699
f 7660 7661 7701
f 7660 7701 7700
f 7661 7662 7702
f 7661 7702 7701
f 7662 7663 7703
f 7662 7703 7702
f 7663 7664 7704
f 7663 7704 7703
f 7664 7665 7705
f 7664 7705 7704
f 7665 7666 7706
f 7665 7706 7705
f 7666 7667 7707
f 7666 7707 7706
f 7667 7668 7708
f 7667 7708 7707
f 7668 7669 7709
f 7668 7709 7708
f 7669 7670 7710
f 7669 7710 7709
f 7670 7671 7711
f 7670 7711 7710
f 7671 7672 7712
f 7671 7712 7711
f 7672 7673 7713
f 7672 7713 7712
f 7673 7674 7714
f 7673 7714 7713
f 7674 7675 7715
f 7674 7715 7714
f 7675 7676 7716
f 7675 7716 7715
f 7676 7677 7717
f 7676 7717 7716
f 7677 7678 7718
f 7677 7718 7717
f 7678 7679 7719
f 7678 7719 7718
f 7679 7680 7720
f 7679 7720 7719
f 7680 7681 7721
f 7680 7721 7720
f 7681 7682 7722
f 7681 7722 7721
f 7682 7683 7723
f 7682 7723 7722
f 7683 7684 7724
f 7683 7724 7723
f 7684 7685 7725
f 7684 7725 7724
f 7685 7686 7726
f 7685 7726 7725
f 7686 7687 7727
f 7686 7727 7726
f 7687 7688 7728
f 7687 7728 7727
f 7688 7649 7689
f 7688 7689 7728
f 7689 7690 7730
f 7689 7730 7729
f 7690 7691 7731
f 7690 7731 7730
f 7691 7692 7732
f 7691 7732 7731
f 7692 7693 7733
f 7692 7733 7732
f 7693 7694 7734
f 7693 7734 7733
f 7694 7695 7735
f 7694 7735 7734
f 7695 7696 7736
f 7695 7736 7735
f 7696 7697 7737
f 7696 7737 7736
f 7697 7698 7738
f 7697 7738 7737
f 7698 7699 7739
f 7698 7739 7738
f 7699 7700 7740
f 7699 7740 7739
f 7700 7701 7741
f 7700 7741 7740
f 7701 7702 7742
f 7701 7742 7741
f 7702 7703 7743
f 7702 7743 7742
f 7703 7704 7744
f 7703 7744 7743
f 7704 7705 7745
f 7704 7745 7744
f 7705 7706 7746
f 7705 7746 7745
f 7706 7707 7747
f 7706 7747 7746
f 7707 7708 7748
f 7707 7748 7747
f 7708 7709 7749
f 7708 7749 7748
f 7709 7710 7750
f 7709 7750 7749
f 7710 7711 7751
f 7710 7751 7750
f 7711 7712 7752
f 7711 7752 7751
f 7712 7713 7753
f 7712 7753 7752
f 7713 7714 7754
f 7713 7754 7753
f 7714 7715 7755
f 7714 7755 7754
f 7715 7716 7756
f 7715 7756 7755
f 7716 7717 7757
f 7716 7757 7756
f 7717 7718 7758
f 7717 7758 7757
f 7718 7719 7759
f 7718 7759 7758
f 7719 7720 7760
f 7719 7760 7759
f 7720 7721 7761
f 7720 7761 7760
f 7721 7722 7762
f 7721 7762 7761
f 7722 7723 7763
f 7722 7763 7762
f 7723 7724 7764
f 7723 7764 7763
f 7724 7725 7765
f 7724 7765 7764
f 7725 7726 7766
f 7725 7766 7765
f 7726 7727 7767
f 7726 7767 7766
f 7727 7728 7768
f 7727 7768 7767
f 7728 7689 7729
f 7728 7729 7768
f 7729 7730 7770
f 7729 7770 7769
f 7730 7731 7771
f 7730 7771 7770
f 7731 7732 7772
f 7731 7772 7771
f 7732 7733 7773
f 7732 7773 7772
f 7733 7734 7774
f 7733 7774 7773
f 7734 7735 7775
f 7734 7775 7774
f 7735 7736 7776
f 7735 7776 7775
f 7736 7737 7777
f 7736 7777 7776
f 7737 7738 7778
f 7737 7778 7777
f 7738 7739 7779
f 7738 7779 7778
f 7739 7740 7780
f 7739 7780 7779
f 7740 7741 7781
f 7740 7781 7780
f 7741 7742 7782
f 7741 7782 7781
f 7742 7743 7783
f 7742 7783 7782
f 7743 7744 7784
f 7743 7784 7783
f 7744 7745 7785
f 7744 7785 7784
f 7745 7746 7786
f 7745 7786 7785
f 7746 7747 7787
f 7746 7787 7786
f 7747 7748 7788
f 7747 7788 7787
f 7748 7749 7789
f 7748 7789 7788
f 7749 7750 7790
f 7749 7790 7789
f 7750 7751 7791
f 7750 7791 7790
f 7751 7752 7792
f 7751 7792 7791
f 7752 7753 7793
f 7752 7793 7792
f 7753 7754 7794
f 7753 7794 7793
f 7754 7755 7795
f 7754 7795 7794
f 7755 7756 7796
f 7755 7796 7795
f 7756 7757 7797
f 7756 7797 7796
f 7757 7758 7798
f 7757 7798 7797
f 7758 7759 7799
f 7758 7799 7798
f 7759 7760 7800
f 7759 7800 7799
f 7760 7761 7801
f 7760 7801 7800
f 7761 7762 7802
f 7761 7802 7801
f 7762 7763 7803
f 7762 7803 7802
f 7763 7764 7804
f 7763 7804 7803
f 7764 7765 7805
f 7764 7805 7804
f 7765 7766 7806
f 7765 7806 7805
f 7766 7767 7807
f 7766 7807 7806
f 7767 7768 7808
f 7767 7808 7807
f 7768 7729 7769
f 7768 7769 7808
f 7769 7770 7810
f 7769 7810 7809
f 7770 7771 7811
f 7770 7811 7810
f 7771 7772 7812
f 7771 7812 7811
f 7772 7773 7813
f 7772 7813 7812
f 7773 7774 7814
f 7773 7814 7813
f 7774 7775 7815
f 7774 7815 7814
f 7775 7776 7816
f 7775 7816 7815
f 7776 7777 7817
f 7776 7817 7816
f 7777 7778 7818
f 7777 7818 7817
f 7778 7779 7819
f 7778 7819 7818
f 7779 7780 7820
f 7779 7820 7819
f 7780 7781 7821
f 7780 7821 7820
f 7781 7782 7822
f 7781 7822 7821
f 7782 7783 7823
f 7782 7823 7822
f 7783 7784 7824
f 7783 7824 7823
f 7784 7785 7825
f 7784 7825 7824
f 7785 7786 7826
f 7785 7826 7825
f 7786 7787 7827
f 7786 7827 7826
f 7787 7788 7828
f 7787 7828 7827
f 7788 7789 7829
f 7788 7829 7828
f 7789 7790 7830
f 7789 7830 7829
f 7790 7791 7831
f 7790 7831 7830
f 7791 7792 7832
f 7791 7832 7831
f 7792 7793 7833
f 7792 7833 7832
f 7793 7794 7834
f 7793 7834 7833
f 7794 7795 7835
f 7794 7835 7834
f 7795 7796 7836
f 7795 7836 7835
f 7796 7797 7837
f 7796 7837 7836
f 7797 7798 7838
f 7797 7838 7837
f 7798 7799 7839
f 7798 7839 7838
f 7799 7800 7840
f 7799 7840 7839
f 7800 7801 7841
f 7800 7841 7840
f 7801 7802 7842
f 7801 7842 7841
f 7802 7803 7843
f 7802 7843 7842
f 7803 7804 7844
f 7803 7844 7843
f 7804 7805 7845
f 7804 7845 7844
f 7805 7806 7846
f 7805 7846 7845
f 7806 7807 7847
f 7806 7847 7846
f 7807 7808 7848
f 7807 7848 7847
f 7808 7769 7809
f 7808 7809 7848
f 7809 7810 7850
f 7809 7850 7849
f 7810 7811 7851
f 7810 7851 7850
f 7811 7812 7852
f 7811 7852 7851
f 7812 7813 7853
f 7812 7853 7852
f 7813 7814 7854
f 7813 7854 7853
f 7814 7815 7855
f 7814 7855 7854
f 7815 7816 7856
f 7815 7856 7855
f 7816 7817 7857
f 7816 7857 7856
f 7817 7818 7858
f 7817 7858 7857
f 7818 7819 7859
f 7818 7859 7858
f 7819 7820 7860
f 7819 7860 7859
f 7820 7821 7861
f 7820 7861 7860
f 7821 7822 7862
f 7821 7862 7861
f 7822 7823 7863
f 7822 7863 7862
f 7823 7824 7864
f 7823 7864 7863
f 7824 7825 7865
f 7824 7865 7864
f 7825 7826 7866
f 7825 7866 7865
f 7826 7827 7867
f 7826 7867 7866
f 7827 7828 7868
f 7827 7868 7867
f 7828 7829 7869
f 7828 7869 7868
f 7829 7830 7870
f 7829 7870 7869
f 7830 7831 7871
f 7830 7871 7870
f 7831 7832 7872
f 7831 7872 7871
f 7832 7833 7873
f 7832 7873 7872
f 7833 7834 7874
f 7833 7874 7873
f 7834 7835 7875
f 7834 7875 7874
f 7835 7836 7876
f 7835 7876 7875
f 7836 7837 7877
f 7836 7877 7876
f 7837 7838 7878
f 7837 7878 7877
f 7838 7839 7879
f 7838 7879 7878
f 7839 7840 7880
f 7839 7880 7879
f 7840 7841 7881
f 7840 7881 7880
f 7841 7842 7882
f 7841 7882 7881
f 7842 7843 7883
f 7842 7883 7882
f 7843 7844 7884
f 7843 7884 7883
f 7844 7845 7885
f 7844 7885 7884
f 7845 7846 7886
f 7845 7886 7885
f 7846 7847 7887
f 7846 7887 7886
f 7847 7848 7888
f 7847 7888 7887
f 7848 7809 7849
f 7848 7849 7888
f 7849 7850 7890
f 7849 7890 7889
f 7850 7851 7891
f 7850 7891 7890
f 7851 7852 7892
f 7851 7892 7891
f 7852 7853 7893
f 7852 7893 7892
f 7853 7854 7894
f 7853 7894 7893
f 7854 7855 7895
f 7854 7895 7894
f 7855 7856 7896
f 7855 7896 7895
f 7856 7857 7897
f 7856 7897 7896
f 7857 7858 7898
f 7857 7898 7897
f 7858 7859 7899
f 7858 7899 7898
f 7859 7860 7900
f 7859 7900 7899
f 7860 7861 7901
f 7860 7901 7900
f 7861 7862 7902
f 7861 7902 7901
f 7862 7863 7903
f 7862 7903 7902
f 7863 7864 7904
f 7863 7904 7903
f 7864 7865 7905
f 7864 7905 7904
f 7865 7866 7906
f 7865 7906 7905
f 7866 7867 7907
f 7866 7907 7906
f 7867 7868 7908
f 7867 7908 7907
f 7868 7869 7909
f 7868 7909 7908
f 7869 7870 7910
f 7869 7910 7909
f 7870 7871 7911
f 7870 7911 7910
f 7871 7872 7912
f 7871 7912 7911
f 7872 7873 7913
f 7872 7913 7912
f 7873 7874 7914
f 7873 7914 7913
f 7874 7875 7915
f 7874 7915 7914
f 7875 7876 7916
f 7875 7916 7915
f 7876 7877 7917
f 7876 7917 7916
f 7877 7878 7918
f 7877 7918 7917
f 7878 7879 7919
f 7878 7919 7918
f 7879 7880 7920
f 7879 7920 7919
f 7880 7881 7921
f 7880 7921 7920
f 7881 7882 7922
f 7881 7922 7921
f 7882 7883 7923
f 7882 7923 7922
f 7883 7884 7924
f 7883 7924 7923
f 7884 7885 7925
f 7884 7925 7924
f 7885 7886 7926
f 7885 7926 7925
f 7886 7887 7927
f 7886 7927 7926
f 7887 7888 7928
f 7887 7928 7927
f 7888 7849 7889
f 7888 7889 7928
f 7889 7890 7930
f 7889 7930 7929
f 7890 7891 7931
f 7890 7931 7930
f 7891 7892 7932
f 7891 7932 7931
f 7892 7893 7933
f 7892 7933 7932
f 7893 7894 7934
f 7893 7934 7933
f 7894 7895 7935
f 7894 7935 7934
f 7895 7896 7936
f 7895 7936 7935
f 7896 7897 7937
f 7896 7937 7936
f 7897 7898 7938
f 7897 7938 7937
f 7898 7899 7939
f 7898 7939 7938
f 7899 7900 7940
f 7899 7940 7939
f 7900 7901 7941
f 7900 7941 7940
f 7901 7902 7942
f 7901 7942 7941
f 7902 7903 7943
f 7902 7943 7942
f 7903 7904 7944
f 7903 7944 7943
f 7904 7905 7945
f 7904 7945 7944
f 7905 7906 7946
f 7905 7946 7945
f 7906 7907 7947
f 7906 7947 7946
f 7907 7908 7948
f 7907 7948 7947
f 7908 7909 7949
f 7908 7949 7948
f 7909 7910 7950
f 7909 7950 7949
f 7910 7911 7951
f 7910 7951 7950
f 7911 7912 7952
f 7911 7952 7951
f 7912 7913 7953
f 7912 7953 7952
f 7913 7914 7954
f 7913 7954 7953
f 7914 7915 7955
f 7914 7955 7954
f 7915 7916 7956
f 7915 7956 7955
f 7916 7917 7957
f 7916 7957 7956
f 7917 7918 7958
f 7917 7958 7957
f 7918 7919 7959
f 7918 7959 7958
f 7919 7920 7960
f 7919 7960 7959
f 7920 7921 7961
f 7920 7961 7960
f 7921 7922 7962
f 7921 7962 7961
f 7922 7923 7963
f 7922 7963 7962
f 7923 7924 7964
f 7923 7964 7963
f 7924 7925 7965
f 7924 7965 7964
f 7925 7926 7966
f 7925 7966 7965
f 7926 7927 7967
f 7926 7967 7966
f 7927 7928 7968
f 7927 7968 7967
f 7928 7889 7929
f 7928 7929 7968
f 7929 7930 7570
f 7929 7570 7569
f 7930 7931 7571
f 7930 7571 7570
f 7931 7932 7572
f 7931 7572 7571
f 7932 7933 7573
f 7932 7573 7572
f 7933 7934 7574
f 7933 7574 7573
f 7934 7935 7575
f 7934 7575 7574
f 7935 7936 7576
f 7935 7576 7575
f 7936 7937 7577
f 7936 7577 7576
f 7937 7938 7578
f 7937 7578 7577
f 7938 7939 7579
f 7938 7579 7578
f 7939 7940 7580
f 7939 7580 7579
f 7940 7941 7581
f 7940 7581 7580
f 7941 7942 7582
f 7941 7582 7581
f 7942 7943 7583
f 7942 7583 7582
f 7943 7944 7584
f 7943 7584 7583
f 7944 7945 7585
f 7944 7585 7584
f 7945 7946 7586
f 7945 7586 7585
f 7946 7947 7587
f 7946 7587 7586
f 7947 7948 7588
f 7947 7588 7587
f 7948 7949 7589
f 7948 7589 7588
f 7949 7950 7590
f 7949 7590 7589
f 7950 7951 7591
f 7950 7591 7590
f 7951 7952 7592
f 7951 7592 7591
f 7952 7953 7593
f 7952 7593 7592
f 7953 7954 7594
f 7953 7594 7593
f 7954 7955 7595
f 7954 7595 7594
f 7955 7956 7596
f 7955 7596 7595
f 7956 7957 7597
f 7956 7597 7596
f 7957 7958 7598
f 7957 7598 7597
f 7958 7959 7599
f 7958 7599 7598
f 7959 7960 7600
f 7959 7600 7599
f 7960 7961 7601
f 7960 7601 7600
f 7961 7962 7602
f 7961 7602 7601
f 7962 7963 7603
f 7962 7603 7602
f 7963 7964 7604
f 7963 7604 7603
f 7964 7965 7605
f 7964 7605 7604
f 7965 7966 7606
f 7965 7606 7605
f 7966 7967 7607
f 7966 7607 7606
f 7967 7968 7608
f 7967 7608 7607
f 7968 7929 7569
f 7968 7569 7608
o siren_hair
usemtl siren_relief
v -0.011135 0.164000 -0.151732
v -0.000643 0.164000 -0.160758
v 0.009996 0.164000 -0.173522
v 0.020978 0.164000 -0.189120
v 0.032659 0.164000 -0.206573
v 0.045494 0.164000 -0.224924
v 0.059992 0.164000 -0.243229
v 0.076692 0.164000 -0.260539
v 0.091454 0.164000 -0.272176
v 0.083098 0.164000 -0.291694
v 0.066026 0.164000 -0.312329
v 0.043174 0.164000 -0.329067
v 0.015988 0.164000 -0.340733
v -0.014029 0.164000 -0.346230
v -0.045407 0.164000 -0.344539
v -0.076770 0.164000 -0.334657
v -0.106836 0.164000 -0.315500
v -0.134457 0.164000 -0.285683
v -0.153572 0.164000 -0.256268
v -0.177362 0.164000 -0.232506
v -0.203400 0.164000 -0.213145
v -0.230193 0.164000 -0.195633
v -0.256413 0.164000 -0.177468
v -0.280871 0.164000 -0.156230
v -0.302519 0.164000 -0.129460
v -0.320331 0.164000 -0.094524
v -0.328685 0.164000 -0.064533
v -0.303128 0.164000 -0.079146
v -0.262719 0.164000 -0.095642
v -0.223094 0.164000 -0.106818
v -0.184651 0.164000 -0.114193
v -0.147766 0.164000 -0.119287
v -0.112811 0.164000 -0.123601
v -0.080160 0.164000 -0.128605
v -0.050186 0.164000 -0.135710
v -0.022728 0.164000 -0.146449
v -0.008441 0.166051 -0.147520
v 0.002896 0.166051 -0.157274
v 0.013927 0.166051 -0.170508
v 0.025058 0.166051 -0.186319
v 0.036743 0.166051 -0.203778
v 0.049465 0.166051 -0.221966
v 0.063722 0.166051 -0.239966
v 0.080020 0.166051 -0.256860
v 0.097496 0.166051 -0.270638
v 0.087367 0.166051 -0.294298
v 0.069447 0.166051 -0.315958
v 0.045643 0.166051 -0.333393
v 0.017428 0.166051 -0.345500
v -0.013712 0.166051 -0.351204
v -0.046297 0.166051 -0.349447
v -0.078879 0.166051 -0.339181
v -0.110033 0.166051 -0.319331
v -0.138376 0.166051 -0.288735
v -0.157438 0.166051 -0.259401
v -0.180604 0.166051 -0.236262
v -0.206233 0.166051 -0.217206
v -0.232956 0.166051 -0.199739
v -0.259453 0.166051 -0.181382
v -0.284445 0.166051 -0.159681
v -0.306693 0.166051 -0.132169
v -0.324966 0.166051 -0.096330
v -0.336685 0.166051 -0.054258
v -0.300955 0.166051 -0.074687
v -0.261107 0.166051 -0.090955
v -0.221954 0.166051 -0.101998
v -0.183845 0.166051 -0.109308
v -0.147125 0.166051 -0.114379
v -0.112133 0.166051 -0.118699
v -0.079213 0.166051 -0.123743
v -0.048706 0.166051 -0.130975
v -0.020799 0.166051 -0.141890
v -0.007325 0.171000 -0.145775
v 0.004362 0.171000 -0.155830
v 0.015556 0.171000 -0.169259
v 0.026749 0.171000 -0.185158
v 0.038436 0.171000 -0.202620
v 0.051111 0.171000 -0.220741
v 0.065267 0.171000 -0.238615
v 0.081399 0.171000 -0.255336
v 0.100000 0.171000 -0.270000
v 0.089136 0.171000 -0.295377
v 0.070864 0.171000 -0.317462
v 0.046667 0.171000 -0.335185
v 0.018025 0.171000 -0.347476
v -0.013580 0.171000 -0.353265
v -0.046667 0.171000 -0.351481
v -0.079753 0.171000 -0.341056
v -0.111358 0.171000 -0.320919
v -0.140000 0.171000 -0.290000
v -0.159040 0.171000 -0.260700
v -0.181948 0.171000 -0.237819
v -0.207407 0.171000 -0.218889
v -0.234102 0.171000 -0.201440
v -0.260713 0.171000 -0.183004
v -0.285926 0.171000 -0.161111
v -0.308422 0.171000 -0.133292
v -0.326886 0.171000 -0.097078
v -0.340000 0.171000 -0.050000
v -0.300055 0.171000 -0.072840
v -0.260439 0.171000 -0.089012
v -0.221481 0.171000 -0.100000
v -0.183512 0.171000 -0.107284
v -0.146859 0.171000 -0.112346
v -0.111852 0.171000 -0.116667
v -0.078820 0.171000 -0.121728
v -0.048093 0.171000 -0.129012
v -0.020000 0.171000 -0.140000
v -0.007325 0.204000 -0.145775
v 0.004362 0.204000 -0.155830
v 0.015556 0.204000 -0.169259
v 0.026749 0.204000 -0.185158
v 0.038436 0.204000 -0.202620
v 0.051111 0.204000 -0.220741
v 0.065267 0.204000 -0.238615
v 0.081399 0.204000 -0.255336
v 0.100000 0.204000 -0.270000
v 0.089136 0.204000 -0.295377
v 0.070864 0.204000 -0.317462
v 0.046667 0.204000 -0.335185
v 0.018025 0.204000 -0.347476
v -0.013580 0.204000 -0.353265
v -0.046667 0.204000 -0.351481
v -0.079753 0.204000 -0.341056
v -0.111358 0.204000 -0.320919
v -0.140000 0.204000 -0.290000
v -0.159040 0.204000 -0.260700
v -0.181948 0.204000 -0.237819
v -0.207407 0.204000 -0.218889
v -0.234102 0.204000 -0.201440
v -0.260713 0.204000 -0.183004
v -0.285926 0.204000 -0.161111
v -0.308422 0.204000 -0.133292
v -0.326886 0.204000 -0.097078
v -0.340000 0.204000 -0.050000
v -0.300055 0.204000 -0.072840
v -0.260439 0.204000 -0.089012
v -0.221481 0.204000 -0.100000
v -0.183512 0.204000 -0.107284
v -0.146859 0.204000 -0.112346
v -0.111852 0.204000 -0.116667
v -0.078820 0.204000 -0.121728
v -0.048093 0.204000 -0.129012
v -0.020000 0.204000 -0.140000
v -0.008441 0.208949 -0.147520
v 0.002896 0.208949 -0.157274
v 0.013927 0.208949 -0.170508
v 0.025058 0.208949 -0.186319
v 0.036743 0.208949 -0.203778
v 0.049465 0.208949 -0.221966
v 0.063722 0.208949 -0.239966
v 0.080020 0.208949 -0.256860
v 0.097496 0.208949 -0.270638
v 0.087367 0.208949 -0.294298
v 0.069447 0.208949 -0.315958
v 0.045643 0.208949 -0.333393
v 0.017428 0.208949 -0.345500
v -0.013712 0.208949 -0.351204
v -0.046297 0.208949 -0.349447
v -0.078879 0.208949 -0.339181
v -0.110033 0.208949 -0.319331
v -0.138376 0.208949 -0.288735
v -0.157438 0.208949 -0.259401
v -0.180604 0.208949 -0.236262
v -0.206233 0.208949 -0.217206
v -0.232956 0.208949 -0.199739
v -0.259453 0.208949 -0.181382
v -0.284445 0.208949 -0.159681
v -0.306693 0.208949 -0.132169
v -0.324966 0.208949 -0.096330
v -0.336685 0.208949 -0.054258
v -0.300955 0.208949 -0.074687
v -0.261107 0.208949 -0.090955
v -0.221954 0.208949 -0.101998
v -0.183845 0.208949 -0.109308
v -0.147125 0.208949 -0.114379
v -0.112133 0.208949 -0.118699
v -0.079213 0.208949 -0.123743
v -0.048706 0.208949 -0.130975
v -0.020799 0.208949 -0.141890
v -0.011135 0.211000 -0.151732
v -0.000643 0.211000 -0.160758
v 0.009996 0.211000 -0.173522
v 0.020978 0.211000 -0.189120
v 0.032659 0.211000 -0.206573
v 0.045494 0.211000 -0.224924
v 0.059992 0.211000 -0.243229
v 0.076692 0.211000 -0.260539
v 0.091454 0.211000 -0.272176
v 0.083098 0.211000 -0.291694
v 0.066026 0.211000 -0.312329
v 0.043174 0.211000 -0.329067
v 0.015988 0.211000 -0.340733
v -0.014029 0.211000 -0.346230
v -0.045407 0.211000 -0.344539
v -0.076770 0.211000 -0.334657
v -0.106836 0.211000 -0.315500
v -0.134457 0.211000 -0.285683
v -0.153572 0.211000 -0.256268
v -0.177362 0.211000 -0.232506
v -0.203400 0.211000 -0.213145
v -0.230193 0.211000 -0.195633
v -0.256413 0.211000 -0.177468
v -0.280871 0.211000 -0.156230
v -0.302519 0.211000 -0.129460
v -0.320331 0.211000 -0.094524
v -0.328685 0.211000 -0.064533
v -0.303128 0.211000 -0.079146
v -0.262719 0.211000 -0.095642
v -0.223094 0.211000 -0.106818
v -0.184651 0.211000 -0.114193
v -0.147766 0.211000 -0.119287
v -0.112811 0.211000 -0.123601
v -0.080160 0.211000 -0.128605
v -0.050186 0.211000 -0.135710
v -0.022728 0.211000 -0.146449
v -0.011135 0.164000 -0.151732
v -0.000643 0.164000 -0.160758
v 0.009996 0.164000 -0.173522
v 0.020978 0.164000 -0.189120
v 0.032659 0.164000 -0.206573
v 0.045494 0.164000 -0.224924
v 0.059992 0.164000 -0.243229
v 0.076692 0.164000 -0.260539
v 0.091454 0.164000 -0.272176
v 0.083098 0.164000 -0.291694
v 0.066026 0.164000 -0.312329
v 0.043174 0.164000 -0.329067
v 0.015988 0.164000 -0.340733
v -0.014029 0.164000 -0.346230
v -0.045407 0.164000 -0.344539
v -0.076770 0.164000 -0.334657
v -0.106836 0.164000 -0.315500
v -0.134457 0.164000 -0.285683
v -0.153572 0.164000 -0.256268
v -0.177362 0.164000 -0.232506
v -0.203400 0.164000 -0.213145
v -0.230193 0.164000 -0.195633
v -0.256413 0.164000 -0.177468
v -0.280871 0.164000 -0.156230
v -0.302519 0.164000 -0.129460
v -0.320331 0.164000 -0.094524
v -0.328685 0.164000 -0.064533
v -0.303128 0.164000 -0.079146
v -0.262719 0.164000 -0.095642
v -0.223094 0.164000 -0.106818
v -0.184651 0.164000 -0.114193
v -0.147766 0.164000 -0.119287
v -0.112811 0.164000 -0.123601
v -0.080160 0.164000 -0.128605
v -0.050186 0.164000 -0.135710
v -0.022728 0.164000 -0.146449
v -0.011135 0.211000 -0.151732
v -0.000643 0.211000 -0.160758
v 0.009996 0.211000 -0.173522
v 0.020978 0.211000 -0.189120
v 0.032659 0.211000 -0.206573
v 0.045494 0.211000 -0.224924
v 0.059992 0.211000 -0.243229
v 0.076692 0.211000 -0.260539
v 0.091454 0.211000 -0.272176
v 0.083098 0.211000 -0.291694
v 0.066026 0.211000 -0.312329
v 0.043174 0.211000 -0.329067
v 0.015988 0.211000 -0.340733
v -0.014029 0.211000 -0.346230
v -0.045407 0.211000 -0.344539
v -0.076770 0.211000 -0.334657
v -0.106836 0.211000 -0.315500
v -0.134457 0.211000 -0.285683
v -0.153572 0.211000 -0.256268
v -0.177362 0.211000 -0.232506
v -0.203400 0.211000 -0.213145
v -0.230193 0.211000 -0.195633
v -0.256413 0.211000 -0.177468
v -0.280871 0.211000 -0.156230
v -0.302519 0.211000 -0.129460
v -0.320331 0.211000 -0.094524
v -0.328685 0.211000 -0.064533
v -0.303128 0.211000 -0.079146
v -0.262719 0.211000 -0.095642
v -0.223094 0.211000 -0.106818
v -0.184651 0.211000 -0.114193
v -0.147766 0.211000 -0.119287
v -0.112811 0.211000 -0.123601
v -0.080160 0.211000 -0.128605
v -0.050186 0.211000 -0.135710
v -0.022728 0.211000 -0.146449
f 7969 7970 8006
f 7969 8006 8005
f 7970 7971 8007
f 7970 8007 8006
f 7971 7972 8008
f 7971 8008 8007
f 7972 7973 8009
f 7972 8009 8008
f 7973 7974 8010
f 7973 8010 8009
f 7974 7975 8011
f 7974 8011 8010
f 7975 7976 8012
f 7975 8012 8011
f 7976 7977 8013
f 7976 8013 8012
f 7977 7978 8014
f 7977 8014 8013
f 7978 7979 8015
f 7978 8015 8014
f 7979 7980 8016
f 7979 8016 8015
f 7980 7981 8017
f 7980 8017 8016
f 7981 7982 8018
f 7981 8018 8017
f 7982 7983 8019
f 7982 8019 8018
f 7983 7984 8020
f 7983 8020 8019
f 7984 7985 8021
f 7984 8021 8020
f 7985 7986 8022
f 7985 8022 8021
f 7986 7987 8023
f 7986 8023 8022
f 7987 7988 8024
f 7987 8024 8023
f 7988 7989 8025
f 7988 8025 8024
f 7989 7990 8026
f 7989 8026 8025
f 7990 7991 8027
f 7990 8027 8026
f 7991 7992 8028
f 7991 8028 8027
f 7992 7993 8029
f 7992 8029 8028
f 7993 7994 8030
f 7993 8030 8029
f 7994 7995 8031
f 7994 8031 8030
f 7995 7996 8032
f 7995 8032 8031
f 7996 7997 8033
f 7996 8033 8032
f 7997 7998 8034
f 7997 8034 8033
f 7998 7999 8035
f 7998 8035 8034
f 7999 8000 8036
f 7999 8036 8035
f 8000 8001 8037
f 8000 8037 8036
f 8001 8002 8038
f 8001 8038 8037
f 8002 8003 8039
f 8002 8039 8038
f 8003 8004 8040
f 8003 8040 8039
f 8004 7969 8005
f 8004 8005 8040
f 8005 8006 8042
f 8005 8042 8041
f 8006 8007 8043
f 8006 8043 8042
f 8007 8008 8044
f 8007 8044 8043
f 8008 8009 8045
f 8008 8045 8044
f 8009 8010 8046
f 8009 8046 8045
f 8010 8011 8047
f 8010 8047 8046
f 8011 8012 8048
f 8011 8048 8047
f 8012 8013 8049
f 8012 8049 8048
f 8013 8014 8050
f 8013 8050 8049
f 8014 8015 8051
f 8014 8051 8050
f 8015 8016 8052
f 8015 8052 8051
f 8016 8017 8053
f 8016 8053 8052
f 8017 8018 8054
f 8017 8054 8053
f 8018 8019 8055
f 8018 8055 8054
f 8019 8020 8056
f 8019 8056 8055
f 8020 8021 8057
f 8020 8057 8056
f 8021 8022 8058
f 8021 8058 8057
f 8022 8023 8059
f 8022 8059 8058
f 8023 8024 8060
f 8023 8060 8059
f 8024 8025 8061
f 8024 8061 8060
f 8025 8026 8062
f 8025 8062 8061
f 8026 8027 8063
f 8026 8063 8062
f 8027 8028 8064
f 8027 8064 8063
f 8028 8029 8065
f 8028 8065 8064
f 8029 8030 8066
f 8029 8066 8065
f 8030 8031 8067
f 8030 8067 8066
f 8031 8032 8068
f 8031 8068 8067
f 8032 8033 8069
f 8032 8069 8068
f 8033 8034 8070
f 8033 8070 8069
f 8034 8035 8071
f 8034 8071 8070
f 8035 8036 8072
f 8035 8072 8071
f 8036 8037 8073
f 8036 8073 8072
f 8037 8038 8074
f 8037 8074 8073
f 8038 8039 8075
f 8038 8075 8074
f 8039 8040 8076
f 8039 8076 8075
f 8040 8005 8041
f 8040 8041 8076
f 8041 8042 8078
f 8041 8078 8077
f 8042 8043 8079
f 8042 8079 8078
f 8043 8044 8080
f 8043 8080 8079
f 8044 8045 8081
f 8044 8081 8080
f 8045 8046 8082
f 8045 8082 8081
f 8046 8047 8083
f 8046 8083 8082
f 8047 8048 8084
f 8047 8084 8083
f 8048 8049 8085
f 8048 8085 8084
f 8049 8050 8086
f 8049 8086 8085
f 8050 8051 8087
f 8050 8087 8086
f 8051 8052 8088
f 8051 8088 8087
f 8052 8053 8089
f 8052 8089 8088
f 8053 8054 8090
f 8053 8090 8089
f 8054 8055 8091
f 8054 8091 8090
f 8055 8056 8092
f 8055 8092 8091
f 8056 8057 8093
f 8056 8093 8092
f 8057 8058 8094
f 8057 8094 8093
f 8058 8059 8095
f 8058 8095 8094
f 8059 8060 8096
f 8059 8096 8095
f 8060 8061 8097
f 8060 8097 8096
f 8061 8062 8098
f 8061 8098 8097
f 8062 8063 8099
f 8062 8099 8098
f 8063 8064 8100
f 8063 8100 8099
f 8064 8065 8101
f 8064 8101 8100
f 8065 8066 8102
f 8065 8102 8101
f 8066 8067 8103
f 8066 8103 8102
f 8067 8068 8104
f 8067 8104 8103
f 8068 8069 8105
f 8068 8105 8104
f 8069 8070 8106
f 8069 8106 8105
f 8070 8071 8107
f 8070 8107 8106
f 8071 8072 8108
f 8071 8108 8107
f 8072 8073 8109
f 8072 8109 8108
f 8073 8074 8110
f 8073 8110 8109
f 8074 8075 8111
f 8074 8111 8110
f 8075 8076 8112
f 8075 8112 8111
f 8076 8041 8077
f 8076 8077 8112
f 8077 8078 8114
f 8077 8114 8113
f 8078 8079 8115
f 8078 8115 8114
f 8079 8080 8116
f 8079 8116 8115
f 8080 8081 8117
f 8080 8117 8116
f 8081 8082 8118
f 8081 8118 8117
f 8082 8083 8119
f 8082 8119 8118
f 8083 8084 8120
f 8083 8120 8119
f 8084 8085 8121
f 8084 8121 8120
f 8085 8086 8122
f 8085 8122 8121
f 8086 8087 8123
f 8086 8123 8122
f 8087 8088 8124
f 8087 8124 8123
f 8088 8089 8125
f 8088 8125 8124
f 8089 8090 8126
f 8089 8126 8125
f 8090 8091 8127
f 8090 8127 8126
f 8091 8092 8128
f 8091 8128 8127
f 8092 8093 8129
f 8092 8129 8128
f 8093 8094 8130
f 8093 8130 8129
f 8094 8095 8131
f 8094 8131 8130
f 8095 8096 8132
f 8095 8132 8131
f 8096 8097 8133
f 8096 8133 8132
f 8097 8098 8134
f 8097 8134 8133
f 8098 8099 8135
f 8098 8135 8134
f 8099 8100 8136
f 8099 8136 8135
f 8100 8101 8137
f 8100 8137 8136
f 8101 8102 8138
f 8101 8138 8137
f 8102 8103 8139
f 8102 8139 8138
f 8103 8104 8140
f 8103 8140 8139
f 8104 8105 8141
f 8104 8141 8140
f 8105 8106 8142
f 8105 8142 8141
f 8106 8107 8143
f 8106 8143 8142
f 8107 8108 8144
f 8107 8144 8143
f 8108 8109 8145
f 8108 8145 8144
f 8109 8110 8146
f 8109 8146 8145
f 8110 8111 8147
f 8110 8147 8146
f 8111 8112 8148
f 8111 8148 8147
f 8112 8077 8113
f 8112 8113 8148
f 8113 8114 8150
f 8113 8150 8149
f 8114 8115 8151
f 8114 8151 8150
f 8115 8116 8152
f 8115 8152 8151
f 8116 8117 8153
f 8116 8153 8152
f 8117 8118 8154
f 8117 8154 8153
f 8118 8119 8155
f 8118 8155 8154
f 8119 8120 8156
f 8119 8156 8155
f 8120 8121 8157
f 8120 8157 8156
f 8121 8122 8158
f 8121 8158 8157
f 8122 8123 8159
f 8122 8159 8158
f 8123 8124 8160
f 8123 8160 8159
f 8124 8125 8161
f 8124 8161 8160
f 8125 8126 8162
f 8125 8162 8161
f 8126 8127 8163
f 8126 8163 8162
f 8127 8128 8164
f 8127 8164 8163
f 8128 8129 8165
f 8128 8165 8164
f 8129 8130 8166
f 8129 8166 8165
f 8130 8131 8167
f 8130 8167 8166
f 8131 8132 8168
f 8131 8168 8167
f 8132 8133 8169
f 8132 8169 8168
f 8133 8134 8170
f 8133 8170 8169
f 8134 8135 8171
f 8134 8171 8170
f 8135 8136 8172
f 8135 8172 8171
f 8136 8137 8173
f 8136 8173 8172
f 8137 8138 8174
f 8137 8174 8173
f 8138 8139 8175
f 8138 8175 8174
f 8139 8140 8176
f 8139 8176 8175
f 8140 8141 8177
f 8140 8177 8176
f 8141 8142 8178
f 8141 8178 8177
f 8142 8143 8179
f 8142 8179 8178
f 8143 8144 8180
f 8143 8180 8179
f 8144 8145 8181
f 8144 8181 8180
f 8145 8146 8182
f 8145 8182 8181
f 8146 8147 8183
f 8146 8183 8182
f 8147 8148 8184
f 8147 8184 8183
f 8148 8113 8149
f 8148 8149 8184
f 8186 8185 8220
f 8187 8186 8220
f 8188 8187 8220
f 8189 8188 8220
f 8190 8189 8220
f 8191 8190 8220
f 8194 8193 8192
f 8194 8192 8191
f 8194 8191 8220
f 8195 8194 8220
f 8196 8195 8220
f 8197 8196 8220
f 8198 8197 8220
f 8199 8198 8220
f 8200 8199 8220
f 8201 8200 8220
f 8202 8201 8220
f 8203 8202 8220
f 8204 8203 8220
f 8205 8204 8220
f 8206 8205 8220
f 8207 8206 8220
f 8208 8207 8220
f 8209 8208 8220
f 8210 8209 8220
f 8212 8211 8210
f 8213 8212 8210
f 8214 8213 8210
f 8214 8210 8220
f 8215 8214 8220
f 8216 8215 8220
f 8217 8216 8220
f 8218 8217 8220
f 8220 8219 8218
f 8256 8221 8222
f 8256 8222 8223
f 8256 8223 8224
f 8256 8224 8225
f 8256 8225 8226
f 8256 8226 8227
f 8228 8229 8230
f 8227 8228 8230
f 8256 8227 8230
f 8256 8230 8231
f 8256 8231 8232
f 8256 8232 8233
f 8256 8233 8234
f 8256 8234 8235
f 8256 8235 8236
f 8256 8236 8237
f 8256 8237 8238
f 8256 8238 8239
f 8256 8239 8240
f 8256 8240 8241
f 8256 8241 8242
f 8256 8242 8243
f 8256 8243 8244
f 8256 8244 8245
f 8256 8245 8246
f 8246 8247 8248
f 8246 8248 8249
f 8246 8249 8250
f 8256 8246 8250
f 8256 8250 8251
f 8256 8251 8252
f 8256 8252 8253
f 8256 8253 8254
f 8254 8255 8256
o siren_silhouette
usemtl siren_relief
v 0.024982 0.165000 -0.258168
v 0.018046 0.165000 -0.249980
v 0.012664 0.165000 -0.240754
v 0.008973 0.165000 -0.230863
v 0.007092 0.165000 -0.220690
v 0.007110 0.165000 -0.210618
v 0.009095 0.165000 -0.201004
v 0.013110 0.165000 -0.192145
v 0.020928 0.165000 -0.182162
v 0.021444 0.165000 -0.167435
v 0.019362 0.165000 -0.156031
v 0.015057 0.165000 -0.146278
v 0.009093 0.165000 -0.137894
v 0.002040 0.165000 -0.130362
v -0.005687 0.165000 -0.123053
v -0.013787 0.165000 -0.115359
v -0.022004 0.165000 -0.106704
v -0.030015 0.165000 -0.096629
v -0.038764 0.165000 -0.081252
v -0.049162 0.165000 -0.064474
v -0.061187 0.165000 -0.047533
v -0.075079 0.165000 -0.031231
v -0.091092 0.165000 -0.016386
v -0.109473 0.165000 -0.003850
v -0.130431 0.165000 0.005485
v -0.154093 0.165000 0.010717
v -0.168190 0.165000 0.010871
v -0.166974 0.165000 0.012514
v -0.155860 0.165000 0.020406
v -0.141575 0.165000 0.025845
v -0.124747 0.165000 0.028630
v -0.106117 0.165000 0.028630
v -0.086444 0.165000 0.025786
v -0.066474 0.165000 0.020083
v -0.046939 0.165000 0.011527
v -0.020227 0.165000 -0.005012
v -0.015960 0.165000 0.028488
v -0.008211 0.165000 0.049322
v 0.002527 0.165000 0.068345
v 0.014390 0.165000 0.086246
v 0.025406 0.165000 0.103786
v 0.033436 0.165000 0.121894
v 0.035884 0.165000 0.141367
v 0.030100 0.165000 0.162138
v 0.014542 0.165000 0.183965
v -0.004901 0.165000 0.202254
v -0.027411 0.165000 0.215075
v -0.051550 0.165000 0.222246
v -0.076041 0.165000 0.223673
v -0.099606 0.165000 0.219213
v -0.120892 0.165000 0.208674
v -0.138396 0.165000 0.191928
v -0.150566 0.165000 0.169068
v -0.156226 0.165000 0.139384
v -0.147915 0.165000 0.118913
v -0.147035 0.165000 0.101889
v -0.152111 0.165000 0.085656
v -0.163114 0.165000 0.070103
v -0.180034 0.165000 0.055543
v -0.202635 0.165000 0.042445
v -0.230554 0.165000 0.031240
v -0.263392 0.165000 0.022300
v -0.292262 0.165000 0.017399
v -0.291025 0.165000 0.023121
v -0.287857 0.165000 0.038996
v -0.283859 0.165000 0.055559
v -0.278252 0.165000 0.072240
v -0.270286 0.165000 0.088479
v -0.259196 0.165000 0.103773
v -0.244145 0.165000 0.117665
v -0.224195 0.165000 0.129670
v -0.194397 0.165000 0.140673
v -0.189919 0.165000 0.186164
v -0.173115 0.165000 0.222000
v -0.145719 0.165000 0.252051
v -0.110024 0.165000 0.275142
v -0.068489 0.165000 0.290054
v -0.023650 0.165000 0.295627
v 0.021965 0.165000 0.290780
v 0.065899 0.165000 0.274474
v 0.106017 0.165000 0.245476
v 0.129172 0.165000 0.220769
v 0.141888 0.165000 0.198132
v 0.146553 0.165000 0.176757
v 0.145252 0.165000 0.155446
v 0.139698 0.165000 0.133277
v 0.131715 0.165000 0.109674
v 0.123328 0.165000 0.084120
v 0.116681 0.165000 0.056060
v 0.113075 0.165000 0.014630
v 0.142410 0.165000 0.029904
v 0.161155 0.165000 0.037401
v 0.178639 0.165000 0.042263
v 0.194191 0.165000 0.044474
v 0.207070 0.165000 0.044093
v 0.216497 0.165000 0.041401
v 0.222147 0.165000 0.037017
v 0.224751 0.165000 0.030848
v 0.224303 0.165000 0.024499
v 0.199120 0.165000 0.016583
v 0.172153 0.165000 0.005851
v 0.147607 0.165000 -0.006433
v 0.125610 0.165000 -0.020289
v 0.106300 0.165000 -0.035741
v 0.089828 0.165000 -0.052810
v 0.076361 0.165000 -0.071501
v 0.066075 0.165000 -0.091795
v 0.058203 0.165000 -0.116581
v 0.065483 0.165000 -0.124171
v 0.072231 0.165000 -0.128626
v 0.079441 0.165000 -0.132623
v 0.086681 0.165000 -0.136847
v 0.093499 0.165000 -0.141808
v 0.099494 0.165000 -0.147966
v 0.104351 0.165000 -0.155883
v 0.107701 0.165000 -0.166306
v 0.109356 0.165000 -0.184109
v 0.136562 0.165000 -0.195769
v 0.108185 0.165000 -0.211984
v 0.111597 0.165000 -0.227367
v 0.110245 0.165000 -0.237873
v 0.105573 0.165000 -0.248339
v 0.097942 0.165000 -0.257916
v 0.087860 0.165000 -0.265744
v 0.075886 0.165000 -0.271046
v 0.062531 0.165000 -0.273132
v 0.048175 0.165000 -0.271321
v 0.033145 0.165000 -0.264823
v 0.021998 0.166758 -0.261209
v 0.014569 0.166758 -0.252438
v 0.008817 0.166758 -0.242578
v 0.004869 0.166758 -0.231998
v 0.002849 0.166758 -0.221075
v 0.002869 0.166758 -0.210181
v 0.005036 0.166758 -0.199683
v 0.009457 0.166758 -0.189930
v 0.016737 0.166758 -0.180633
v 0.017189 0.166758 -0.167745
v 0.015279 0.166758 -0.157285
v 0.011351 0.166758 -0.148386
v 0.005802 0.166758 -0.140586
v -0.000969 0.166758 -0.133355
v -0.008605 0.166758 -0.126132
v -0.016788 0.166758 -0.118359
v -0.025208 0.166758 -0.109490
v -0.033539 0.166758 -0.099012
v -0.042412 0.166758 -0.083419
v -0.052698 0.166758 -0.066821
v -0.064537 0.166758 -0.050141
v -0.078146 0.166758 -0.034172
v -0.093743 0.166758 -0.019712
v -0.111548 0.166758 -0.007570
v -0.131765 0.166758 0.001435
v -0.154579 0.166758 0.006480
v -0.176540 0.166758 0.006720
v -0.169981 0.166758 0.015581
v -0.157875 0.166758 0.024178
v -0.142687 0.166758 0.029961
v -0.125096 0.166758 0.032872
v -0.105812 0.166758 0.032872
v -0.085554 0.166758 0.029944
v -0.065034 0.166758 0.024083
v -0.044962 0.166758 0.015292
v -0.023601 0.166758 0.002066
v -0.020106 0.166758 0.029508
v -0.012070 0.166758 0.051116
v -0.001093 0.166758 0.070563
v 0.010826 0.166758 0.088546
v 0.021652 0.166758 0.105784
v 0.029305 0.166758 0.123042
v 0.031569 0.166758 0.141050
v 0.026213 0.166758 0.160282
v 0.011331 0.166758 0.181162
v -0.007439 0.166758 0.198818
v -0.029086 0.166758 0.211148
v -0.052287 0.166758 0.218039
v -0.075766 0.166758 0.219408
v -0.098246 0.166758 0.215153
v -0.118428 0.166758 0.205160
v -0.134972 0.166758 0.189333
v -0.146519 0.166758 0.167642
v -0.151824 0.166758 0.139820
v -0.143716 0.166758 0.119847
v -0.142760 0.166758 0.101349
v -0.148262 0.166758 0.083752
v -0.159952 0.166758 0.067227
v -0.177566 0.166758 0.052070
v -0.200772 0.166758 0.038621
v -0.229202 0.166758 0.027211
v -0.262478 0.166758 0.018152
v -0.297733 0.166758 0.012168
v -0.295179 0.166758 0.023984
v -0.292000 0.166758 0.039910
v -0.287939 0.166758 0.056735
v -0.282184 0.166758 0.073857
v -0.273934 0.166758 0.090675
v -0.262383 0.166758 0.106604
v -0.246704 0.166758 0.121076
v -0.226039 0.166758 0.133511
v -0.198358 0.166758 0.143732
v -0.194069 0.166758 0.187305
v -0.176683 0.166758 0.224383
v -0.148484 0.166758 0.255314
v -0.111918 0.166758 0.278969
v -0.069480 0.166758 0.294205
v -0.023688 0.166758 0.299897
v 0.022942 0.166758 0.294942
v 0.067916 0.166758 0.278250
v 0.108833 0.166758 0.248674
v 0.132618 0.166758 0.223295
v 0.145897 0.166758 0.199656
v 0.150823 0.166758 0.177086
v 0.149462 0.166758 0.154796
v 0.143771 0.166758 0.132080
v 0.135740 0.166758 0.108334
v 0.127415 0.166758 0.082967
v 0.120880 0.166758 0.055383
v 0.117971 0.166758 0.021961
v 0.140638 0.166758 0.033764
v 0.159795 0.166758 0.041425
v 0.177768 0.166758 0.046424
v 0.193953 0.166758 0.048725
v 0.207726 0.166758 0.048318
v 0.218450 0.166758 0.045255
v 0.225624 0.166758 0.039688
v 0.229054 0.166758 0.031563
v 0.228331 0.166758 0.021318
v 0.200542 0.166758 0.012583
v 0.173889 0.166758 0.001976
v 0.149692 0.166758 -0.010133
v 0.128074 0.166758 -0.023751
v 0.109163 0.166758 -0.038883
v 0.093092 0.166758 -0.055537
v 0.079996 0.166758 -0.073713
v 0.070014 0.166758 -0.093406
v 0.063008 0.166758 -0.115463
v 0.068216 0.166758 -0.120892
v 0.074431 0.166758 -0.124996
v 0.081538 0.166758 -0.128936
v 0.089003 0.166758 -0.133291
v 0.096286 0.166758 -0.138590
v 0.102863 0.166758 -0.145345
v 0.108233 0.166758 -0.154100
v 0.111882 0.166758 -0.165451
v 0.113346 0.166758 -0.181204
v 0.146063 0.166758 -0.195225
v 0.113003 0.166758 -0.214116
v 0.115899 0.166758 -0.227172
v 0.114373 0.166758 -0.239032
v 0.109227 0.166758 -0.250561
v 0.100944 0.166758 -0.260956
v 0.090052 0.166758 -0.269412
v 0.077093 0.166758 -0.275151
v 0.062594 0.166758 -0.277415
v 0.047046 0.166758 -0.275454
v 0.030922 0.166758 -0.268483
v 0.020761 0.171000 -0.262469
v 0.013128 0.171000 -0.253457
v 0.007222 0.171000 -0.243333
v 0.003169 0.171000 -0.232469
v 0.001091 0.171000 -0.221235
v 0.001111 0.171000 -0.210000
v 0.003354 0.171000 -0.199136
v 0.007942 0.171000 -0.189012
v 0.015000 0.171000 -0.180000
v 0.015425 0.171000 -0.167874
v 0.013587 0.171000 -0.157805
v 0.009815 0.171000 -0.149259
v 0.004438 0.171000 -0.141701
v -0.002215 0.171000 -0.134595
v -0.009815 0.171000 -0.127407
v -0.018032 0.171000 -0.119602
v -0.026536 0.171000 -0.110645
v -0.035000 0.171000 -0.100000
v -0.043923 0.171000 -0.084317
v -0.054163 0.171000 -0.067794
v -0.065926 0.171000 -0.051222
v -0.079417 0.171000 -0.035391
v -0.094842 0.171000 -0.021091
v -0.112407 0.171000 -0.009111
v -0.132318 0.171000 -0.000243
v -0.154781 0.171000 0.004724
v -0.180000 0.171000 0.005000
v -0.171228 0.171000 0.016852
v -0.158711 0.171000 0.025741
v -0.143148 0.171000 0.031667
v -0.125240 0.171000 0.034630
v -0.105686 0.171000 0.034630
v -0.085185 0.171000 0.031667
v -0.064438 0.171000 0.025741
v -0.044143 0.171000 0.016852
v -0.025000 0.171000 0.005000
v -0.021824 0.171000 0.029931
v -0.013669 0.171000 0.051859
v -0.002593 0.171000 0.071481
v 0.009348 0.171000 0.089499
v 0.020096 0.171000 0.106612
v 0.027593 0.171000 0.123519
v 0.029781 0.171000 0.140919
v 0.024602 0.171000 0.159513
v 0.010000 0.171000 0.180000
v -0.008491 0.171000 0.197394
v -0.029781 0.171000 0.209520
v -0.052593 0.171000 0.216296
v -0.075652 0.171000 0.217641
v -0.097682 0.171000 0.213471
v -0.117407 0.171000 0.203704
v -0.133553 0.171000 0.188258
v -0.144842 0.171000 0.167051
v -0.150000 0.171000 0.140000
v -0.141975 0.171000 0.120233
v -0.140988 0.171000 0.101125
v -0.146667 0.171000 0.082963
v -0.158642 0.171000 0.066036
v -0.176543 0.171000 0.050631
v -0.200000 0.171000 0.037037
v -0.228642 0.171000 0.025542
v -0.262099 0.171000 0.016433
v -0.300000 0.171000 0.010000
v -0.296900 0.171000 0.024342
v -0.293717 0.171000 0.040288
v -0.289630 0.171000 0.057222
v -0.283813 0.171000 0.074527
v -0.275446 0.171000 0.091584
v -0.263704 0.171000 0.107778
v -0.247764 0.171000 0.122490
v -0.226804 0.171000 0.135103
v -0.200000 0.171000 0.145000
v -0.195789 0.171000 0.187778
v -0.178162 0.171000 0.225370
v -0.149630 0.171000 0.256667
v -0.112702 0.171000 0.280556
v -0.069890 0.171000 0.295926
v -0.023704 0.171000 0.301667
v 0.023347 0.171000 0.296667
v 0.068752 0.171000 0.279815
v 0.110000 0.171000 0.250000
v 0.134047 0.171000 0.224342
v 0.147558 0.171000 0.200288
v 0.152593 0.171000 0.177222
v 0.151207 0.171000 0.154527
v 0.145460 0.171000 0.131584
v 0.137407 0.171000 0.107778
v 0.129108 0.171000 0.082490
v 0.122620 0.171000 0.055103
v 0.120000 0.171000 0.025000
v 0.139904 0.171000 0.035364
v 0.159232 0.171000 0.043093
v 0.177407 0.171000 0.048148
v 0.193855 0.171000 0.050487
v 0.207997 0.171000 0.050069
v 0.219259 0.171000 0.046852
v 0.227064 0.171000 0.040796
v 0.230837 0.171000 0.031859
v 0.230000 0.171000 0.020000
v 0.201132 0.171000 0.010926
v 0.174609 0.171000 0.000370
v 0.150556 0.171000 -0.011667
v 0.129095 0.171000 -0.025185
v 0.110350 0.171000 -0.040185
v 0.094444 0.171000 -0.056667
v 0.081502 0.171000 -0.074630
v 0.071646 0.171000 -0.094074
v 0.065000 0.171000 -0.115000
v 0.069348 0.171000 -0.119534
v 0.075343 0.171000 -0.123491
v 0.082407 0.171000 -0.127407
v 0.089966 0.171000 -0.131818
v 0.097442 0.171000 -0.137257
v 0.104259 0.171000 -0.144259
v 0.109842 0.171000 -0.153361
v 0.113615 0.171000 -0.165096
v 0.115000 0.171000 -0.180000
v 0.150000 0.171000 -0.195000
v 0.115000 0.171000 -0.215000
v 0.117682 0.171000 -0.227092
v 0.116084 0.171000 -0.239513
v 0.110741 0.171000 -0.251481
v 0.102188 0.171000 -0.262215
v 0.090960 0.171000 -0.270933
v 0.077593 0.171000 -0.276852
v 0.062620 0.171000 -0.279191
v 0.046578 0.171000 -0.277167
v 0.030000 0.171000 -0.270000
v 0.020761 0.229000 -0.262469
v 0.013128 0.229000 -0.253457
v 0.007222 0.229000 -0.243333
v 0.003169 0.229000 -0.232469
v 0.001091 0.229000 -0.221235
v 0.001111 0.229000 -0.210000
v 0.003354 0.229000 -0.199136
v 0.007942 0.229000 -0.189012
v 0.015000 0.229000 -0.180000
v 0.015425 0.229000 -0.167874
v 0.013587 0.229000 -0.157805
v 0.009815 0.229000 -0.149259
v 0.004438 0.229000 -0.141701
v -0.002215 0.229000 -0.134595
v -0.009815 0.229000 -0.127407
v -0.018032 0.229000 -0.119602
v -0.026536 0.229000 -0.110645
v -0.035000 0.229000 -0.100000
v -0.043923 0.229000 -0.084317
v -0.054163 0.229000 -0.067794
v -0.065926 0.229000 -0.051222
v -0.079417 0.229000 -0.035391
v -0.094842 0.229000 -0.021091
v -0.112407 0.229000 -0.009111
v -0.132318 0.229000 -0.000243
v -0.154781 0.229000 0.004724
v -0.180000 0.229000 0.005000
v -0.171228 0.229000 0.016852
v -0.158711 0.229000 0.025741
v -0.143148 0.229000 0.031667
v -0.125240 0.229000 0.034630
v -0.105686 0.229000 0.034630
v -0.085185 0.229000 0.031667
v -0.064438 0.229000 0.025741
v -0.044143 0.229000 0.016852
v -0.025000 0.229000 0.005000
v -0.021824 0.229000 0.029931
v -0.013669 0.229000 0.051859
v -0.002593 0.229000 0.071481
v 0.009348 0.229000 0.089499
v 0.020096 0.229000 0.106612
v 0.027593 0.229000 0.123519
v 0.029781 0.229000 0.140919
v 0.024602 0.229000 0.159513
v 0.010000 0.229000 0.180000
v -0.008491 0.229000 0.197394
v -0.029781 0.229000 0.209520
v -0.052593 0.229000 0.216296
v -0.075652 0.229000 0.217641
v -0.097682 0.229000 0.213471
v -0.117407 0.229000 0.203704
v -0.133553 0.229000 0.188258
v -0.144842 0.229000 0.167051
v -0.150000 0.229000 0.140000
v -0.141975 0.229000 0.120233
v -0.140988 0.229000 0.101125
v -0.146667 0.229000 0.082963
v -0.158642 0.229000 0.066036
v -0.176543 0.229000 0.050631
v -0.200000 0.229000 0.037037
v -0.228642 0.229000 0.025542
v -0.262099 0.229000 0.016433
v -0.300000 0.229000 0.010000
v -0.296900 0.229000 0.024342
v -0.293717 0.229000 0.040288
v -0.289630 0.229000 0.057222
v -0.283813 0.229000 0.074527
v -0.275446 0.229000 0.091584
v -0.263704 0.229000 0.107778
v -0.247764 0.229000 0.122490
v -0.226804 0.229000 0.135103
v -0.200000 0.229000 0.145000
v -0.195789 0.229000 0.187778
v -0.178162 0.229000 0.225370
v -0.149630 0.229000 0.256667
v -0.112702 0.229000 0.280556
v -0.069890 0.229000 0.295926
v -0.023704 0.229000 0.301667
v 0.023347 0.229000 0.296667
v 0.068752 0.229000 0.279815
v 0.110000 0.229000 0.250000
v 0.134047 0.229000 0.224342
v 0.147558 0.229000 0.200288
v 0.152593 0.229000 0.177222
v 0.151207 0.229000 0.154527
v 0.145460 0.229000 0.131584
v 0.137407 0.229000 0.107778
v 0.129108 0.229000 0.082490
v 0.122620 0.229000 0.055103
v 0.120000 0.229000 0.025000
v 0.139904 0.229000 0.035364
v 0.159232 0.229000 0.043093
v 0.177407 0.229000 0.048148
v 0.193855 0.229000 0.050487
v 0.207997 0.229000 0.050069
v 0.219259 0.229000 0.046852
v 0.227064 0.229000 0.040796
v 0.230837 0.229000 0.031859
v 0.230000 0.229000 0.020000
v 0.201132 0.229000 0.010926
v 0.174609 0.229000 0.000370
v 0.150556 0.229000 -0.011667
v 0.129095 0.229000 -0.025185
v 0.110350 0.229000 -0.040185
v 0.094444 0.229000 -0.056667
v 0.081502 0.229000 -0.074630
v 0.071646 0.229000 -0.094074
v 0.065000 0.229000 -0.115000
v 0.069348 0.229000 -0.119534
v 0.075343 0.229000 -0.123491
v 0.082407 0.229000 -0.127407
v 0.089966 0.229000 -0.131818
v 0.097442 0.229000 -0.137257
v 0.104259 0.229000 -0.144259
v 0.109842 0.229000 -0.153361
v 0.113615 0.229000 -0.165096
v 0.115000 0.229000 -0.180000
v 0.150000 0.229000 -0.195000
v 0.115000 0.229000 -0.215000
v 0.117682 0.229000 -0.227092
v 0.116084 0.229000 -0.239513
v 0.110741 0.229000 -0.251481
v 0.102188 0.229000 -0.262215
v 0.090960 0.229000 -0.270933
v 0.077593 0.229000 -0.276852
v 0.062620 0.229000 -0.279191
v 0.046578 0.229000 -0.277167
v 0.030000 0.229000 -0.270000
v 0.021998 0.233242 -0.261209
v 0.014569 0.233242 -0.252438
v 0.008817 0.233242 -0.242578
v 0.004869 0.233242 -0.231998
v 0.002849 0.233242 -0.221075
v 0.002869 0.233242 -0.210181
v 0.005036 0.233242 -0.199683
v 0.009457 0.233242 -0.189930
v 0.016737 0.233242 -0.180633
v 0.017189 0.233242 -0.167745
v 0.015279 0.233242 -0.157285
v 0.011351 0.233242 -0.148386
v 0.005802 0.233242 -0.140586
v -0.000969 0.233242 -0.133355
v -0.008605 0.233242 -0.126132
v -0.016788 0.233242 -0.118359
v -0.025208 0.233242 -0.109490
v -0.033539 0.233242 -0.099012
v -0.042412 0.233242 -0.083419
v -0.052698 0.233242 -0.066821
v -0.064537 0.233242 -0.050141
v -0.078146 0.233242 -0.034172
v -0.093743 0.233242 -0.019712
v -0.111548 0.233242 -0.007570
v -0.131765 0.233242 0.001435
v -0.154579 0.233242 0.006480
v -0.176540 0.233242 0.006720
v -0.169981 0.233242 0.015581
v -0.157875 0.233242 0.024178
v -0.142687 0.233242 0.029961
v -0.125096 0.233242 0.032872
v -0.105812 0.233242 0.032872
v -0.085554 0.233242 0.029944
v -0.065034 0.233242 0.024083
v -0.044962 0.233242 0.015292
v -0.023601 0.233242 0.002066
v -0.020106 0.233242 0.029508
v -0.012070 0.233242 0.051116
v -0.001093 0.233242 0.070563
v 0.010826 0.233242 0.088546
v 0.021652 0.233242 0.105784
v 0.029305 0.233242 0.123042
v 0.031569 0.233242 0.141050
v 0.026213 0.233242 0.160282
v 0.011331 0.233242 0.181162
v -0.007439 0.233242 0.198818
v -0.029086 0.233242 0.211148
v -0.052287 0.233242 0.218039
v -0.075766 0.233242 0.219408
v -0.098246 0.233242 0.215153
v -0.118428 0.233242 0.205160
v -0.134972 0.233242 0.189333
v -0.146519 0.233242 0.167642
v -0.151824 0.233242 0.139820
v -0.143716 0.233242 0.119847
v -0.142760 0.233242 0.101349
v -0.148262 0.233242 0.083752
v -0.159952 0.233242 0.067227
v -0.177566 0.233242 0.052070
v -0.200772 0.233242 0.038621
v -0.229202 0.233242 0.027211
v -0.262478 0.233242 0.018152
v -0.297733 0.233242 0.012168
v -0.295179 0.233242 0.023984
v -0.292000 0.233242 0.039910
v -0.287939 0.233242 0.056735
v -0.282184 0.233242 0.073857
v -0.273934 0.233242 0.090675
v -0.262383 0.233242 0.106604
v -0.246704 0.233242 0.121076
v -0.226039 0.233242 0.133511
v -0.198358 0.233242 0.143732
v -0.194069 0.233242 0.187305
v -0.176683 0.233242 0.224383
v -0.148484 0.233242 0.255314
v -0.111918 0.233242 0.278969
v -0.069480 0.233242 0.294205
v -0.023688 0.233242 0.299897
v 0.022942 0.233242 0.294942
v 0.067916 0.233242 0.278250
v 0.108833 0.233242 0.248674
v 0.132618 0.233242 0.223295
v 0.145897 0.233242 0.199656
v 0.150823 0.233242 0.177086
v 0.149462 0.233242 0.154796
v 0.143771 0.233242 0.132080
v 0.135740 0.233242 0.108334
v 0.127415 0.233242 0.082967
v 0.120880 0.233242 0.055383
v 0.117971 0.233242 0.021961
v 0.140638 0.233242 0.033764
v 0.159795 0.233242 0.041425
v 0.177768 0.233242 0.046424
v 0.193953 0.233242 0.048725
v 0.207726 0.233242 0.048318
v 0.218450 0.233242 0.045255
v 0.225624 0.233242 0.039688
v 0.229054 0.233242 0.031563
v 0.228331 0.233242 0.021318
v 0.200542 0.233242 0.012583
v 0.173889 0.233242 0.001976
v 0.149692 0.233242 -0.010133
v 0.128074 0.233242 -0.023751
v 0.109163 0.233242 -0.038883
v 0.093092 0.233242 -0.055537
v 0.079996 0.233242 -0.073713
v 0.070014 0.233242 -0.093406
v 0.063008 0.233242 -0.115463
v 0.068216 0.233242 -0.120892
v 0.074431 0.233242 -0.124996
v 0.081538 0.233242 -0.128936
v 0.089003 0.233242 -0.133291
v 0.096286 0.233242 -0.138590
v 0.102863 0.233242 -0.145345
v 0.108233 0.233242 -0.154100
v 0.111882 0.233242 -0.165451
v 0.113346 0.233242 -0.181204
v 0.146063 0.233242 -0.195225
v 0.113003 0.233242 -0.214116
v 0.115899 0.233242 -0.227172
v 0.114373 0.233242 -0.239032
v 0.109227 0.233242 -0.250561
v 0.100944 0.233242 -0.260956
v 0.090052 0.233242 -0.269412
v 0.077093 0.233242 -0.275151
v 0.062594 0.233242 -0.277415
v 0.047046 0.233242 -0.275454
v 0.030922 0.233242 -0.268483
v 0.024982 0.235000 -0.258168
v 0.018046 0.235000 -0.249980
v 0.012664 0.235000 -0.240754
v 0.008973 0.235000 -0.230863
v 0.007092 0.235000 -0.220690
v 0.007110 0.235000 -0.210618
v 0.009095 0.235000 -0.201004
v 0.013110 0.235000 -0.192145
v 0.020928 0.235000 -0.182162
v 0.021444 0.235000 -0.167435
v 0.019362 0.235000 -0.156031
v 0.015057 0.235000 -0.146278
v 0.009093 0.235000 -0.137894
v 0.002040 0.235000 -0.130362
v -0.005687 0.235000 -0.123053
v -0.013787 0.235000 -0.115359
v -0.022004 0.235000 -0.106704
v -0.030015 0.235000 -0.096629
v -0.038764 0.235000 -0.081252
v -0.049162 0.235000 -0.064474
v -0.061187 0.235000 -0.047533
v -0.075079 0.235000 -0.031231
v -0.091092 0.235000 -0.016386
v -0.109473 0.235000 -0.003850
v -0.130431 0.235000 0.005485
v -0.154093 0.235000 0.010717
v -0.168190 0.235000 0.010871
v -0.166974 0.235000 0.012514
v -0.155860 0.235000 0.020406
v -0.141575 0.235000 0.025845
v -0.124747 0.235000 0.028630
v -0.106117 0.235000 0.028630
v -0.086444 0.235000 0.025786
v -0.066474 0.235000 0.020083
v -0.046939 0.235000 0.011527
v -0.020227 0.235000 -0.005012
v -0.015960 0.235000 0.028488
v -0.008211 0.235000 0.049322
v 0.002527 0.235000 0.068345
v 0.014390 0.235000 0.086246
v 0.025406 0.235000 0.103786
v 0.033436 0.235000 0.121894
v 0.035884 0.235000 0.141367
v 0.030100 0.235000 0.162138
v 0.014542 0.235000 0.183965
v -0.004901 0.235000 0.202254
v -0.027411 0.235000 0.215075
v -0.051550 0.235000 0.222246
v -0.076041 0.235000 0.223673
v -0.099606 0.235000 0.219213
v -0.120892 0.235000 0.208674
v -0.138396 0.235000 0.191928
v -0.150566 0.235000 0.169068
v -0.156226 0.235000 0.139384
v -0.147915 0.235000 0.118913
v -0.147035 0.235000 0.101889
v -0.152111 0.235000 0.085656
v -0.163114 0.235000 0.070103
v -0.180034 0.235000 0.055543
v -0.202635 0.235000 0.042445
v -0.230554 0.235000 0.031240
v -0.263392 0.235000 0.022300
v -0.292262 0.235000 0.017399
v -0.291025 0.235000 0.023121
v -0.287857 0.235000 0.038996
v -0.283859 0.235000 0.055559
v -0.278252 0.235000 0.072240
v -0.270286 0.235000 0.088479
v -0.259196 0.235000 0.103773
v -0.244145 0.235000 0.117665
v -0.224195 0.235000 0.129670
v -0.194397 0.235000 0.140673
v -0.189919 0.235000 0.186164
v -0.173115 0.235000 0.222000
v -0.145719 0.235000 0.252051
v -0.110024 0.235000 0.275142
v -0.068489 0.235000 0.290054
v -0.023650 0.235000 0.295627
v 0.021965 0.235000 0.290780
v 0.065899 0.235000 0.274474
v 0.106017 0.235000 0.245476
v 0.129172 0.235000 0.220769
v 0.141888 0.235000 0.198132
v 0.146553 0.235000 0.176757
v 0.145252 0.235000 0.155446
v 0.139698 0.235000 0.133277
v 0.131715 0.235000 0.109674
v 0.123328 0.235000 0.084120
v 0.116681 0.235000 0.056060
v 0.113075 0.235000 0.014630
v 0.142410 0.235000 0.029904
v 0.161155 0.235000 0.037401
v 0.178639 0.235000 0.042263
v 0.194191 0.235000 0.044474
v 0.207070 0.235000 0.044093
v 0.216497 0.235000 0.041401
v 0.222147 0.235000 0.037017
v 0.224751 0.235000 0.030848
v 0.224303 0.235000 0.024499
v 0.199120 0.235000 0.016583
v 0.172153 0.235000 0.005851
v 0.147607 0.235000 -0.006433
v 0.125610 0.235000 -0.020289
v 0.106300 0.235000 -0.035741
v 0.089828 0.235000 -0.052810
v 0.076361 0.235000 -0.071501
v 0.066075 0.235000 -0.091795
v 0.058203 0.235000 -0.116581
v 0.065483 0.235000 -0.124171
v 0.072231 0.235000 -0.128626
v 0.079441 0.235000 -0.132623
v 0.086681 0.235000 -0.136847
v 0.093499 0.235000 -0.141808
v 0.099494 0.235000 -0.147966
v 0.104351 0.235000 -0.155883
v 0.107701 0.235000 -0.166306
v 0.109356 0.235000 -0.184109
v 0.136562 0.235000 -0.195769
v 0.108185 0.235000 -0.211984
v 0.111597 0.235000 -0.227367
v 0.110245 0.235000 -0.237873
v 0.105573 0.235000 -0.248339
v 0.097942 0.235000 -0.257916
v 0.087860 0.235000 -0.265744
v 0.075886 0.235000 -0.271046
v 0.062531 0.235000 -0.273132
v 0.048175 0.235000 -0.271321
v 0.033145 0.235000 -0.264823
v 0.024982 0.165000 -0.258168
v 0.018046 0.165000 -0.249980
v 0.012664 0.165000 -0.240754
v 0.008973 0.165000 -0.230863
v 0.007092 0.165000 -0.220690
v 0.007110 0.165000 -0.210618
v 0.009095 0.165000 -0.201004
v 0.013110 0.165000 -0.192145
v 0.020928 0.165000 -0.182162
v 0.021444 0.165000 -0.167435
v 0.019362 0.165000 -0.156031
v 0.015057 0.165000 -0.146278
v 0.009093 0.165000 -0.137894
v 0.002040 0.165000 -0.130362
v -0.005687 0.165000 -0.123053
v -0.013787 0.165000 -0.115359
v -0.022004 0.165000 -0.106704
v -0.030015 0.165000 -0.096629
v -0.038764 0.165000 -0.081252
v -0.049162 0.165000 -0.064474
v -0.061187 0.165000 -0.047533
v -0.075079 0.165000 -0.031231
v -0.091092 0.165000 -0.016386
v -0.109473 0.165000 -0.003850
v -0.130431 0.165000 0.005485
v -0.154093 0.165000 0.010717
v -0.168190 0.165000 0.010871
v -0.166974 0.165000 0.012514
v -0.155860 0.165000 0.020406
v -0.141575 0.165000 0.025845
v -0.124747 0.165000 0.028630
v -0.106117 0.165000 0.028630
v -0.086444 0.165000 0.025786
v -0.066474 0.165000 0.020083
v -0.046939 0.165000 0.011527
v -0.020227 0.165000 -0.005012
v -0.015960 0.165000 0.028488
v -0.008211 0.165000 0.049322
v 0.002527 0.165000 0.068345
v 0.014390 0.165000 0.086246
v 0.025406 0.165000 0.103786
v 0.033436 0.165000 0.121894
v 0.035884 0.165000 0.141367
v 0.030100 0.165000 0.162138
v 0.014542 0.165000 0.183965
v -0.004901 0.165000 0.202254
v -0.027411 0.165000 0.215075
v -0.051550 0.165000 0.222246
v -0.076041 0.165000 0.223673
v -0.099606 0.165000 0.219213
v -0.120892 0.165000 0.208674
v -0.138396 0.165000 0.191928
v -0.150566 0.165000 0.169068
v -0.156226 0.165000 0.139384
v -0.147915 0.165000 0.118913
v -0.147035 0.165000 0.101889
v -0.152111 0.165000 0.085656
v -0.163114 0.165000 0.070103
v -0.180034 0.165000 0.055543
v -0.202635 0.165000 0.042445
v -0.230554 0.165000 0.031240
v -0.263392 0.165000 0.022300
v -0.292262 0.165000 0.017399
v -0.291025 0.165000 0.023121
v -0.287857 0.165000 0.038996
v -0.283859 0.165000 0.055559
v -0.278252 0.165000 0.072240
v -0.270286 0.165000 0.088479
v -0.259196 0.165000 0.103773
v -0.244145 0.165000 0.117665
v -0.224195 0.165000 0.129670
v -0.194397 0.165000 0.140673
v -0.189919 0.165000 0.186164
v -0.173115 0.165000 0.222000
v -0.145719 0.165000 0.252051
v -0.110024 0.165000 0.275142
v -0.068489 0.165000 0.290054
v -0.023650 0.165000 0.295627
v 0.021965 0.165000 0.290780
v 0.065899 0.165000 0.274474
v 0.106017 0.165000 0.245476
v 0.129172 0.165000 0.220769
v 0.141888 0.165000 0.198132
v 0.146553 0.165000 0.176757
v 0.145252 0.165000 0.155446
v 0.139698 0.165000 0.133277
v 0.131715 0.165000 0.109674
v 0.123328 0.165000 0.084120
v 0.116681 0.165000 0.056060
v 0.113075 0.165000 0.014630
v 0.142410 0.165000 0.029904
v 0.161155 0.165000 0.037401
v 0.178639 0.165000 0.042263
v 0.194191 0.165000 0.044474
v 0.207070 0.165000 0.044093
v 0.216497 0.165000 0.041401
v 0.222147 0.165000 0.037017
v 0.224751 0.165000 0.030848
v 0.224303 0.165000 0.024499
v 0.199120 0.165000 0.016583
v 0.172153 0.165000 0.005851
v 0.147607 0.165000 -0.006433
v 0.125610 0.165000 -0.020289
v 0.106300 0.165000 -0.035741
v 0.089828 0.165000 -0.052810
v 0.076361 0.165000 -0.071501
v 0.066075 0.165000 -0.091795
v 0.058203 0.165000 -0.116581
v 0.065483 0.165000 -0.124171
v 0.072231 0.165000 -0.128626
v 0.079441 0.165000 -0.132623
v 0.086681 0.165000 -0.136847
v 0.093499 0.165000 -0.141808
v 0.099494 0.165000 -0.147966
v 0.104351 0.165000 -0.155883
v 0.107701 0.165000 -0.166306
v 0.109356 0.165000 -0.184109
v 0.136562 0.165000 -0.195769
v 0.108185 0.165000 -0.211984
v 0.111597 0.165000 -0.227367
v 0.110245 0.165000 -0.237873
v 0.105573 0.165000 -0.248339
v 0.097942 0.165000 -0.257916
v 0.087860 0.165000 -0.265744
v 0.075886 0.165000 -0.271046
v 0.062531 0.165000 -0.273132
v 0.048175 0.165000 -0.271321
v 0.033145 0.165000 -0.264823
v 0.024982 0.235000 -0.258168
v 0.018046 0.235000 -0.249980
v 0.012664 0.235000 -0.240754
v 0.008973 0.235000 -0.230863
v 0.007092 0.235000 -0.220690
v 0.007110 0.235000 -0.210618
v 0.009095 0.235000 -0.201004
v 0.013110 0.235000 -0.192145
v 0.020928 0.235000 -0.182162
v 0.021444 0.235000 -0.167435
v 0.019362 0.235000 -0.156031
v 0.015057 0.235000 -0.146278
v 0.009093 0.235000 -0.137894
v 0.002040 0.235000 -0.130362
v -0.005687 0.235000 -0.123053
v -0.013787 0.235000 -0.115359
v -0.022004 0.235000 -0.106704
v -0.030015 0.235000 -0.096629
v -0.038764 0.235000 -0.081252
v -0.049162 0.235000 -0.064474
v -0.061187 0.235000 -0.047533
v -0.075079 0.235000 -0.031231
v -0.091092 0.235000 -0.016386
v -0.109473 0.235000 -0.003850
v -0.130431 0.235000 0.005485
v -0.154093 0.235000 0.010717
v -0.168190 0.235000 0.010871
v -0.166974 0.235000 0.012514
v -0.155860 0.235000 0.020406
v -0.141575 0.235000 0.025845
v -0.124747 0.235000 0.028630
v -0.106117 0.235000 0.028630
v -0.086444 0.235000 0.025786
v -0.066474 0.235000 0.020083
v -0.046939 0.235000 0.011527
v -0.020227 0.235000 -0.005012
v -0.015960 0.235000 0.028488
v -0.008211 0.235000 0.049322
v 0.002527 0.235000 0.068345
v 0.014390 0.235000 0.086246
v 0.025406 0.235000 0.103786
v 0.033436 0.235000 0.121894
v 0.035884 0.235000 0.141367
v 0.030100 0.235000 0.162138
v 0.014542 0.235000 0.183965
v -0.004901 0.235000 0.202254
v -0.027411 0.235000 0.215075
v -0.051550 0.235000 0.222246
v -0.076041 0.235000 0.223673
v -0.099606 0.235000 0.219213
v -0.120892 0.235000 0.208674
v -0.138396 0.235000 0.191928
v -0.150566 0.235000 0.169068
v -0.156226 0.235000 0.139384
v -0.147915 0.235000 0.118913
v -0.147035 0.235000 0.101889
v -0.152111 0.235000 0.085656
v -0.163114 0.235000 0.070103
v -0.180034 0.235000 0.055543
v -0.202635 0.235000 0.042445
v -0.230554 0.235000 0.031240
v -0.263392 0.235000 0.022300
v -0.292262 0.235000 0.017399
v -0.291025 0.235000 0.023121
v -0.287857 0.235000 0.038996
v -0.283859 0.235000 0.055559
v -0.278252 0.235000 0.072240
v -0.270286 0.235000 0.088479
v -0.259196 0.235000 0.103773
v -0.244145 0.235000 0.117665
v -0.224195 0.235000 0.129670
v -0.194397 0.235000 0.140673
v -0.189919 0.235000 0.186164
v -0.173115 0.235000 0.222000
v -0.145719 0.235000 0.252051
v -0.110024 0.235000 0.275142
v -0.068489 0.235000 0.290054
v -0.023650 0.235000 0.295627
v 0.021965 0.235000 0.290780
v 0.065899 0.235000 0.274474
v 0.106017 0.235000 0.245476
v 0.129172 0.235000 0.220769
v 0.141888 0.235000 0.198132
v 0.146553 0.235000 0.176757
v 0.145252 0.235000 0.155446
v 0.139698 0.235000 0.133277
v 0.131715 0.235000 0.109674
v 0.123328 0.235000 0.084120
v 0.116681 0.235000 0.056060
v 0.113075 0.235000 0.014630
v 0.142410 0.235000 0.029904
v 0.161155 0.235000 0.037401
v 0.178639 0.235000 0.042263
v 0.194191 0.235000 0.044474
v 0.207070 0.235000 0.044093
v 0.216497 0.235000 0.041401
v 0.222147 0.235000 0.037017
v 0.224751 0.235000 0.030848
v 0.224303 0.235000 0.024499
v 0.199120 0.235000 0.016583
v 0.172153 0.235000 0.005851
v 0.147607 0.235000 -0.006433
v 0.125610 0.235000 -0.020289
v 0.106300 0.235000 -0.035741
v 0.089828 0.235000 -0.052810
v 0.076361 0.235000 -0.071501
v 0.066075 0.235000 -0.091795
v 0.058203 0.235000 -0.116581
v 0.065483 0.235000 -0.124171
v 0.072231 0.235000 -0.128626
v 0.079441 0.235000 -0.132623
v 0.086681 0.235000 -0.136847
v 0.093499 0.235000 -0.141808
v 0.099494 0.235000 -0.147966
v 0.104351 0.235000 -0.155883
v 0.107701 0.235000 -0.166306
v 0.109356 0.235000 -0.184109
v 0.136562 0.235000 -0.195769
v 0.108185 0.235000 -0.211984
v 0.111597 0.235000 -0.227367
v 0.110245 0.235000 -0.237873
v 0.105573 0.235000 -0.248339
v 0.097942 0.235000 -0.257916
v 0.087860 0.235000 -0.265744
v 0.075886 0.235000 -0.271046
v 0.062531 0.235000 -0.273132
v 0.048175 0.235000 -0.271321
v 0.033145 0.235000 -0.264823
f 8257 8258 8386
f 8257 8386 8385
f 8258 8259 8387
f 8258 8387 8386
f 8259 8260 8388
f 8259 8388 8387
f 8260 8261 8389
f 8260 8389 8388
f 8261 8262 8390
f 8261 8390 8389
f 8262 8263 8391
f 8262 8391 8390
f 8263 8264 8392
f 8263 8392 8391
f 8264 8265 8393
f 8264 8393 8392
f 8265 8266 8394
f 8265 8394 8393
f 8266 8267 8395
f 8266 8395 8394
f 8267 8268 8396
f 8267 8396 8395
f 8268 8269 8397
f 8268 8397 8396
f 8269 8270 8398
f 8269 8398 8397
f 8270 8271 8399
f 8270 8399 8398
f 8271 8272 8400
f 8271 8400 8399
f 8272 8273 8401
f 8272 8401 8400
f 8273 8274 8402
f 8273 8402 8401
f 8274 8275 8403
f 8274 8403 8402
f 8275 8276 8404
f 8275 8404 8403
f 8276 8277 8405
f 8276 8405 8404
f 8277 8278 8406
f 8277 8406 8405
f 8278 8279 8407
f 8278 8407 8406
f 8279 8280 8408
f 8279 8408 8407
f 8280 8281 8409
f 8280 8409 8408
f 8281 8282 8410
f 8281 8410 8409
f 8282 8283 8411
f 8282 8411 8410
f 8283 8284 8412
f 8283 8412 8411
f 8284 8285 8413
f 8284 8413 8412
f 8285 8286 8414
f 8285 8414 8413
f 8286 8287 8415
f 8286 8415 8414
f 8287 8288 8416
f 8287 8416 8415
f 8288 8289 8417
f 8288 8417 8416
f 8289 8290 8418
f 8289 8418 8417
f 8290 8291 8419
f 8290 8419 8418
f 8291 8292 8420
f 8291 8420 8419
f 8292 8293 8421
f 8292 8421 8420
f 8293 8294 8422
f 8293 8422 8421
f 8294 8295 8423
f 8294 8423 8422
f 8295 8296 8424
f 8295 8424 8423
f 8296 8297 8425
f 8296 8425 8424
f 8297 8298 8426
f 8297 8426 8425
f 8298 8299 8427
f 8298 8427 8426
f 8299 8300 8428
f 8299 8428 8427
f 8300 8301 8429
f 8300 8429 8428
f 8301 8302 8430
f 8301 8430 8429
f 8302 8303 8431
f 8302 8431 8430
f 8303 8304 8432
f 8303 8432 8431
f 8304 8305 8433
f 8304 8433 8432
f 8305 8306 8434
f 8305 8434 8433
f 8306 8307 8435
f 8306 8435 8434
f 8307 8308 8436
f 8307 8436 8435
f 8308 8309 8437
f 8308 8437 8436
f 8309 8310 8438
f 8309 8438 8437
f 8310 8311 8439
f 8310 8439 8438
f 8311 8312 8440
f 8311 8440 8439
f 8312 8313 8441
f 8312 8441 8440
f 8313 8314 8442
f 8313 8442 8441
f 8314 8315 8443
f 8314 8443 8442
f 8315 8316 8444
f 8315 8444 8443
f 8316 8317 8445
f 8316 8445 8444
f 8317 8318 8446
f 8317 8446 8445
f 8318 8319 8447
f 8318 8447 8446
f 8319 8320 8448
f 8319 8448 8447
f 8320 8321 8449
f 8320 8449 8448
f 8321 8322 8450
f 8321 8450 8449
f 8322 8323 8451
f 8322 8451 8450
f 8323 8324 8452
f 8323 8452 8451
f 8324 8325 8453
f 8324 8453 8452
f 8325 8326 8454
f 8325 8454 8453
f 8326 8327 8455
f 8326 8455 8454
f 8327 8328 8456
f 8327 8456 8455
f 8328 8329 8457
f 8328 8457 8456
f 8329 8330 8458
f 8329 8458 8457
f 8330 8331 8459
f 8330 8459 8458
f 8331 8332 8460
f 8331 8460 8459
f 8332 8333 8461
f 8332 8461 8460
f 8333 8334 8462
f 8333 8462 8461
f 8334 8335 8463
f 8334 8463 8462
f 8335 8336 8464
f 8335 8464 8463
f 8336 8337 8465
f 8336 8465 8464
f 8337 8338 8466
f 8337 8466 8465
f 8338 8339 8467
f 8338 8467 8466
f 8339 8340 8468
f 8339 8468 8467
f 8340 8341 8469
f 8340 8469 8468
f 8341 8342 8470
f 8341 8470 8469
f 8342 8343 8471
f 8342 8471 8470
f 8343 8344 8472
f 8343 8472 8471
f 8344 8345 8473
f 8344 8473 8472
f 8345 8346 8474
f 8345 8474 8473
f 8346 8347 8475
f 8346 8475 8474
f 8347 8348 8476
f 8347 8476 8475
f 8348 8349 8477
f 8348 8477 8476
f 8349 8350 8478
f 8349 8478 8477
f 8350 8351 8479
f 8350 8479 8478
f 8351 8352 8480
f 8351 8480 8479
f 8352 8353 8481
f 8352 8481 8480
f 8353 8354 8482
f 8353 8482 8481
f 8354 8355 8483
f 8354 8483 8482
f 8355 8356 8484
f 8355 8484 8483
f 8356 8357 8485
f 8356 8485 8484
f 8357 8358 8486
f 8357 8486 8485
f 8358 8359 8487
f 8358 8487 8486
f 8359 8360 8488
f 8359 8488 8487
f 8360 8361 8489
f 8360 8489 8488
f 8361 8362 8490
f 8361 8490 8489
f 8362 8363 8491
f 8362 8491 8490
f 8363 8364 8492
f 8363 8492 8491
f 8364 8365 8493
f 8364 8493 8492
f 8365 8366 8494
f 8365 8494 8493
f 8366 8367 8495
f 8366 8495 8494
f 8367 8368 8496
f 8367 8496 8495
f 8368 8369 8497
f 8368 8497 8496
f 8369 8370 8498
f 8369 8498 8497
f 8370 8371 8499
f 8370 8499 8498
f 8371 8372 8500
f 8371 8500 8499
f 8372 8373 8501
f 8372 8501 8500
f 8373 8374 8502
f 8373 8502 8501
f 8374 8375 8503
f 8374 8503 8502
f 8375 8376 8504
f 8375 8504 8503
f 8376 8377 8505
f 8376 8505 8504
f 8377 8378 8506
f 8377 8506 8505
f 8378 8379 8507
f 8378 8507 8506
f 8379 8380 8508
f 8379 8508 8507
f 8380 8381 8509
f 8380 8509 8508
f 8381 8382 8510
f 8381 8510 8509
f 8382 8383 8511
f 8382 8511 8510
f 8383 8384 8512
f 8383 8512 8511
f 8384 8257 8385
f 8384 8385 8512
f 8385 8386 8514
f 8385 8514 8513
f 8386 8387 8515
f 8386 8515 8514
f 8387 8388 8516
f 8387 8516 8515
f 8388 8389 8517
f 8388 8517 8516
f 8389 8390 8518
f 8389 8518 8517
f 8390 8391 8519
f 8390 8519 8518
f 8391 8392 8520
f 8391 8520 8519
f 8392 8393 8521
f 8392 8521 8520
f 8393 8394 8522
f 8393 8522 8521
f 8394 8395 8523
f 8394 8523 8522
f 8395 8396 8524
f 8395 8524 8523
f 8396 8397 8525
f 8396 8525 8524
f 8397 8398 8526
f 8397 8526 8525
f 8398 8399 8527
f 8398 8527 8526
f 8399 8400 8528
f 8399 8528 8527
f 8400 8401 8529
f 8400 8529 8528
f 8401 8402 8530
f 8401 8530 8529
f 8402 8403 8531
f 8402 8531 8530
f 8403 8404 8532
f 8403 8532 8531
f 8404 8405 8533
f 8404 8533 8532
f 8405 8406 8534
f 8405 8534 8533
f 8406 8407 8535
f 8406 8535 8534
f 8407 8408 8536
f 8407 8536 8535
f 8408 8409 8537
f 8408 8537 8536
f 8409 8410 8538
f 8409 8538 8537
f 8410 8411 8539
f 8410 8539 8538
f 8411 8412 8540
f 8411 8540 8539
f 8412 8413 8541
f 8412 8541 8540
f 8413 8414 8542
f 8413 8542 8541
f 8414 8415 8543
f 8414 8543 8542
f 8415 8416 8544
f 8415 8544 8543
f 8416 8417 8545
f 8416 8545 8544
f 8417 8418 8546
f 8417 8546 8545
f 8418 8419 8547
f 8418 8547 8546
f 8419 8420 8548
f 8419 8548 8547
f 8420 8421 8549
f 8420 8549 8548
f 8421 8422 8550
f 8421 8550 8549
f 8422 8423 8551
f 8422 8551 8550
f 8423 8424 8552
f 8423 8552 8551
f 8424 8425 8553
f 8424 8553 8552
f 8425 8426 8554
f 8425 8554 8553
f 8426 8427 8555
f 8426 8555 8554
f 8427 8428 8556
f 8427 8556 8555
f 8428 8429 8557
f 8428 8557 8556
f 8429 8430 8558
f 8429 8558 8557
f 8430 8431 8559
f 8430 8559 8558
f 8431 8432 8560
f 8431 8560 8559
f 8432 8433 8561
f 8432 8561 8560
f 8433 8434 8562
f 8433 8562 8561
f 8434 8435 8563
f 8434 8563 8562
f 8435 8436 8564
f 8435 8564 8563
f 8436 8437 8565
f 8436 8565 8564
f 8437 8438 8566
f 8437 8566 8565
f 8438 8439 8567
f 8438 8567 8566
f 8439 8440 8568
f 8439 8568 8567
f 8440 8441 8569
f 8440 8569 8568
f 8441 8442 8570
f 8441 8570 8569
f 8442 8443 8571
f 8442 8571 8570
f 8443 8444 8572
f 8443 8572 8571
f 8444 8445 8573
f 8444 8573 8572
f 8445 8446 8574
f 8445 8574 8573
f 8446 8447 8575
f 8446 8575 8574
f 8447 8448 8576
f 8447 8576 8575
f 8448 8449 8577
f 8448 8577 8576
f 8449 8450 8578
f 8449 8578 8577
f 8450 8451 8579
f 8450 8579 8578
f 8451 8452 8580
f 8451 8580 8579
f 8452 8453 8581
f 8452 8581 8580
f 8453 8454 8582
f 8453 8582 8581
f 8454 8455 8583
f 8454 8583 8582
f 8455 8456 8584
f 8455 8584 8583
f 8456 8457 8585
f 8456 8585 8584
f 8457 8458 8586
f 8457 8586 8585
f 8458 8459 8587
f 8458 8587 8586
f 8459 8460 8588
f 8459 8588 8587
f 8460 8461 8589
f 8460 8589 8588
f 8461 8462 8590
f 8461 8590 8589
f 8462 8463 8591
f 8462 8591 8590
f 8463 8464 8592
f 8463 8592 8591
f 8464 8465 8593
f 8464 8593 8592
f 8465 8466 8594
f 8465 8594 8593
f 8466 8467 8595
f 8466 8595 8594
f 8467 8468 8596
f 8467 8596 8595
f 8468 8469 8597
f 8468 8597 8596
f 8469 8470 8598
f 8469 8598 8597
f 8470 8471 8599
f 8470 8599 8598
f 8471 8472 8600
f 8471 8600 8599
f 8472 8473 8601
f 8472 8601 8600
f 8473 8474 8602
f 8473 8602 8601
f 8474 8475 8603
f 8474 8603 8602
f 8475 8476 8604
f 8475 8604 8603
f 8476 8477 8605
f 8476 8605 8604
f 8477 8478 8606
f 8477 8606 8605
f 8478 8479 8607
f 8478 8607 8606
f 8479 8480 8608
f 8479 8608 8607
f 8480 8481 8609
f 8480 8609 8608
f 8481 8482 8610
f 8481 8610 8609
f 8482 8483 8611
f 8482 8611 8610
f 8483 8484 8612
f 8483 8612 8611
f 8484 8485 8613
f 8484 8613 8612
f 8485 8486 8614
f 8485 8614 8613
f 8486 8487 8615
f 8486 8615 8614
f 8487 8488 8616
f 8487 8616 8615
f 8488 8489 8617
f 8488 8617 8616
f 8489 8490 8618
f 8489 8618 8617
f 8490 8491 8619
f 8490 8619 8618
f 8491 8492 8620
f 8491 8620 8619
f 8492 8493 8621
f 8492 8621 8620
f 8493 8494 8622
f 8493 8622 8621
f 8494 8495 8623
f 8494 8623 8622
f 8495 8496 8624
f 8495 8624 8623
f 8496 8497 8625
f 8496 8625 8624
f 8497 8498 8626
f 8497 8626 8625
f 8498 8499 8627
f 8498 8627 8626
f 8499 8500 8628
f 8499 8628 8627
f 8500 8501 8629
f 8500 8629 8628
f 8501 8502 8630
f 8501 8630 8629
f 8502 8503 8631
f 8502 8631 8630
f 8503 8504 8632
f 8503 8632 8631
f 8504 8505 8633
f 8504 8633 8632
f 8505 8506 8634
f 8505 8634 8633
f 8506 8507 8635
f 8506 8635 8634
f 8507 8508 8636
f 8507 8636 8635
f 8508 8509 8637
f 8508 8637 8636
f 8509 8510 8638
f 8509 8638 8637
f 8510 8511 8639
f 8510 8639 8638
f 8511 8512 8640
f 8511 8640 8639
f 8512 8385 8513
f 8512 8513 8640
f 8513 8514 8642
f 8513 8642 8641
f 8514 8515 8643
f 8514 8643 8642
f 8515 8516 8644
f 8515 8644 8643
f 8516 8517 8645
f 8516 8645 8644
f 8517 8518 8646
f 8517 8646 8645
f 8518 8519 8647
f 8518 8647 8646
f 8519 8520 8648
f 8519 8648 8647
f 8520 8521 8649
f 8520 8649 8648
f 8521 8522 8650
f 8521 8650 8649
f 8522 8523 8651
f 8522 8651 8650
f 8523 8524 8652
f 8523 8652 8651
f 8524 8525 8653
f 8524 8653 8652
f 8525 8526 8654
f 8525 8654 8653
f 8526 8527 8655
f 8526 8655 8654
f 8527 8528 8656
f 8527 8656 8655
f 8528 8529 8657
f 8528 8657 8656
f 8529 8530 8658
f 8529 8658 8657
f 8530 8531 8659
f 8530 8659 8658
f 8531 8532 8660
f 8531 8660 8659
f 8532 8533 8661
f 8532 8661 8660
f 8533 8534 8662
f 8533 8662 8661
f 8534 8535 8663
f 8534 8663 8662
f 8535 8536 8664
f 8535 8664 8663
f 8536 8537 8665
f 8536 8665 8664
f 8537 8538 8666
f 8537 8666 8665
f 8538 8539 8667
f 8538 8667 8666
f 8539 8540 8668
f 8539 8668 8667
f 8540 8541 8669
f 8540 8669 8668
f 8541 8542 8670
f 8541 8670 8669
f 8542 8543 8671
f 8542 8671 8670
f 8543 8544 8672
f 8543 8672 8671
f 8544 8545 8673
f 8544 8673 8672
f 8545 8546 8674
f 8545 8674 8673
f 8546 8547 8675
f 8546 8675 8674
f 8547 8548 8676
f 8547 8676 8675
f 8548 8549 8677
f 8548 8677 8676
f 8549 8550 8678
f 8549 8678 8677
f 8550 8551 8679
f 8550 8679 8678
f 8551 8552 8680
f 8551 8680 8679
f 8552 8553 8681
f 8552 8681 8680
f 8553 8554 8682
f 8553 8682 8681
f 8554 8555 8683
f 8554 8683 8682
f 8555 8556 8684
f 8555 8684 8683
f 8556 8557 8685
f 8556 8685 8684
f 8557 8558 8686
f 8557 8686 8685
f 8558 8559 8687
f 8558 8687 8686
f 8559 8560 8688
f 8559 8688 8687
f 8560 8561 8689
f 8560 8689 8688
f 8561 8562 8690
f 8561 8690 8689
f 8562 8563 8691
f 8562 8691 8690
f 8563 8564 8692
f 8563 8692 8691
f 8564 8565 8693
f 8564 8693 8692
f 8565 8566 8694
f 8565 8694 8693
f 8566 8567 8695
f 8566 8695 8694
f 8567 8568 8696
f 8567 8696 8695
f 8568 8569 8697
f 8568 8697 8696
f 8569 8570 8698
f 8569 8698 8697
f 8570 8571 8699
f 8570 8699 8698
f 8571 8572 8700
f 8571 8700 8699
f 8572 8573 8701
f 8572 8701 8700
f 8573 8574 8702
f 8573 8702 8701
f 8574 8575 8703
f 8574 8703 8702
f 8575 8576 8704
f 8575 8704 8703
f 8576 8577 8705
f 8576 8705 8704
f 8577 8578 8706
f 8577 8706 8705
f 8578 8579 8707
f 8578 8707 8706
f 8579 8580 8708
f 8579 8708 8707
f 8580 8581 8709
f 8580 8709 8708
f 8581 8582 8710
f 8581 8710 8709
f 8582 8583 8711
f 8582 8711 8710
f 8583 8584 8712
f 8583 8712 8711
f 8584 8585 8713
f 8584 8713 8712
f 8585 8586 8714
f 8585 8714 8713
f 8586 8587 8715
f 8586 8715 8714
f 8587 8588 8716
f 8587 8716 8715
f 8588 8589 8717
f 8588 8717 8716
f 8589 8590 8718
f 8589 8718 8717
f 8590 8591 8719
f 8590 8719 8718
f 8591 8592 8720
f 8591 8720 8719
f 8592 8593 8721
f 8592 8721 8720
f 8593 8594 8722
f 8593 8722 8721
f 8594 8595 8723
f 8594 8723 8722
f 8595 8596 8724
f 8595 8724 8723
f 8596 8597 8725
f 8596 8725 8724
f 8597 8598 8726
f 8597 8726 8725
f 8598 8599 8727
f 8598 8727 8726
f 8599 8600 8728
f 8599 8728 8727
f 8600 8601 8729
f 8600 8729 8728
f 8601 8602 8730
f 8601 8730 8729
f 8602 8603 8731
f 8602 8731 8730
f 8603 8604 8732
f 8603 8732 8731
f 8604 8605 8733
f 8604 8733 8732
f 8605 8606 8734
f 8605 8734 8733
f 8606 8607 8735
f 8606 8735 8734
f 8607 8608 8736
f 8607 8736 8735
f 8608 8609 8737
f 8608 8737 8736
f 8609 8610 8738
f 8609 8738 8737
f 8610 8611 8739
f 8610 8739 8738
f 8611 8612 8740
f 8611 8740 8739
f 8612 8613 8741
f 8612 8741 8740
f 8613 8614 8742
f 8613 8742 8741
f 8614 8615 8743
f 8614 8743 8742
f 8615 8616 8744
f 8615 8744 8743
f 8616 8617 8745
f 8616 8745 8744
f 8617 8618 8746
f 8617 8746 8745
f 8618 8619 8747
f 8618 8747 8746
f 8619 8620 8748
f 8619 8748 8747
f 8620 8621 8749
f 8620 8749 8748
f 8621 8622 8750
f 8621 8750 8749
f 8622 8623 8751
f 8622 8751 8750
f 8623 8624 8752
f 8623 8752 8751
f 8624 8625 8753
f 8624 8753 8752
f 8625 8626 8754
f 8625 8754 8753
f 8626 8627 8755
f 8626 8755 8754
f 8627 8628 8756
f 8627 8756 8755
f 8628 8629 8757
f 8628 8757 8756
f 8629 8630 8758
f 8629 8758 8757
f 8630 8631 8759
f 8630 8759 8758
f 8631 8632 8760
f 8631 8760 8759
f 8632 8633 8761
f 8632 8761 8760
f 8633 8634 8762
f 8633 8762 8761
f 8634 8635 8763
f 8634 8763 8762
f 8635 8636 8764
f 8635 8764 8763
f 8636 8637 8765
f 8636 8765 8764
f 8637 8638 8766
f 8637 8766 8765
f 8638 8639 8767
f 8638 8767 8766
f 8639 8640 8768
f 8639 8768 8767
f 8640 8513 8641
f 8640 8641 8768
f 8641 8642 8770
f 8641 8770 8769
f 8642 8643 8771
f 8642 8771 8770
f 8643 8644 8772
f 8643 8772 8771
f 8644 8645 8773
f 8644 8773 8772
f 8645 8646 8774
f 8645 8774 8773
f 8646 8647 8775
f 8646 8775 8774
f 8647 8648 8776
f 8647 8776 8775
f 8648 8649 8777
f 8648 8777 8776
f 8649 8650 8778
f 8649 8778 8777
f 8650 8651 8779
f 8650 8779 8778
f 8651 8652 8780
f 8651 8780 8779
f 8652 8653 8781
f 8652 8781 8780
f 8653 8654 8782
f 8653 8782 8781
f 8654 8655 8783
f 8654 8783 8782
f 8655 8656 8784
f 8655 8784 8783
f 8656 8657 8785
f 8656 8785 8784
f 8657 8658 8786
f 8657 8786 8785
f 8658 8659 8787
f 8658 8787 8786
f 8659 8660 8788
f 8659 8788 8787
f 8660 8661 8789
f 8660 8789 8788
f 8661 8662 8790
f 8661 8790 8789
f 8662 8663 8791
f 8662 8791 8790
f 8663 8664 8792
f 8663 8792 8791
f 8664 8665 8793
f 8664 8793 8792
f 8665 8666 8794
f 8665 8794 8793
f 8666 8667 8795
f 8666 8795 8794
f 8667 8668 8796
f 8667 8796 8795
f 8668 8669 8797
f 8668 8797 8796
f 8669 8670 8798
f 8669 8798 8797
f 8670 8671 8799
f 8670 8799 8798
f 8671 8672 8800
f 8671 8800 8799
f 8672 8673 8801
f 8672 8801 8800
f 8673 8674 8802
f 8673 8802 8801
f 8674 8675 8803
f 8674 8803 8802
f 8675 8676 8804
f 8675 8804 8803
f 8676 8677 8805
f 8676 8805 8804
f 8677 8678 8806
f 8677 8806 8805
f 8678 8679 8807
f 8678 8807 8806
f 8679 8680 8808
f 8679 8808 8807
f 8680 8681 8809
f 8680 8809 8808
f 8681 8682 8810
f 8681 8810 8809
f 8682 8683 8811
f 8682 8811 8810
f 8683 8684 8812
f 8683 8812 8811
f 8684 8685 8813
f 8684 8813 8812
f 8685 8686 8814
f 8685 8814 8813
f 8686 8687 8815
f 8686 8815 8814
f 8687 8688 8816
f 8687 8816 8815
f 8688 8689 8817
f 8688 8817 8816
f 8689 8690 8818
f 8689 8818 8817
f 8690 8691 8819
f 8690 8819 8818
f 8691 8692 8820
f 8691 8820 8819
f 8692 8693 8821
f 8692 8821 8820
f 8693 8694 8822
f 8693 8822 8821
f 8694 8695 8823
f 8694 8823 8822
f 8695 8696 8824
f 8695 8824 8823
f 8696 8697 8825
f 8696 8825 8824
f 8697 8698 8826
f 8697 8826 8825
f 8698 8699 8827
f 8698 8827 8826
f 8699 8700 8828
f 8699 8828 8827
f 8700 8701 8829
f 8700 8829 8828
f 8701 8702 8830
f 8701 8830 8829
f 8702 8703 8831
f 8702 8831 8830
f 8703 8704 8832
f 8703 8832 8831
f 8704 8705 8833
f 8704 8833 8832
f 8705 8706 8834
f 8705 8834 8833
f 8706 8707 8835
f 8706 8835 8834
f 8707 8708 8836
f 8707 8836 8835
f 8708 8709 8837
f 8708 8837 8836
f 8709 8710 8838
f 8709 8838 8837
f 8710 8711 8839
f 8710 8839 8838
f 8711 8712 8840
f 8711 8840 8839
f 8712 8713 8841
f 8712 8841 8840
f 8713 8714 8842
f 8713 8842 8841
f 8714 8715 8843
f 8714 8843 8842
f 8715 8716 8844
f 8715 8844 8843
f 8716 8717 8845
f 8716 8845 8844
f 8717 8718 8846
f 8717 8846 8845
f 8718 8719 8847
f 8718 8847 8846
f 8719 8720 8848
f 8719 8848 8847
f 8720 8721 8849
f 8720 8849 8848
f 8721 8722 8850
f 8721 8850 8849
f 8722 8723 8851
f 8722 8851 8850
f 8723 8724 8852
f 8723 8852 8851
f 8724 8725 8853
f 8724 8853 8852
f 8725 8726 8854
f 8725 8854 8853
f 8726 8727 8855
f 8726 8855 8854
f 8727 8728 8856
f 8727 8856 8855
f 8728 8729 8857
f 8728 8857 8856
f 8729 8730 8858
f 8729 8858 8857
f 8730 8731 8859
f 8730 8859 8858
f 8731 8732 8860
f 8731 8860 8859
f 8732 8733 8861
f 8732 8861 8860
f 8733 8734 8862
f 8733 8862 8861
f 8734 8735 8863
f 8734 8863 8862
f 8735 8736 8864
f 8735 8864 8863
f 8736 8737 8865
f 8736 8865 8864
f 8737 8738 8866
f 8737 8866 8865
f 8738 8739 8867
f 8738 8867 8866
f 8739 8740 8868
f 8739 8868 8867
f 8740 8741 8869
f 8740 8869 8868
f 8741 8742 8870
f 8741 8870 8869
f 8742 8743 8871
f 8742 8871 8870
f 8743 8744 8872
f 8743 8872 8871
f 8744 8745 8873
f 8744 8873 8872
f 8745 8746 8874
f 8745 8874 8873
f 8746 8747 8875
f 8746 8875 8874
f 8747 8748 8876
f 8747 8876 8875
f 8748 8749 8877
f 8748 8877 8876
f 8749 8750 8878
f 8749 8878 8877
f 8750 8751 8879
f 8750 8879 8878
f 8751 8752 8880
f 8751 8880 8879
f 8752 8753 8881
f 8752 8881 8880
f 8753 8754 8882
f 8753 8882 8881
f 8754 8755 8883
f 8754 8883 8882
f 8755 8756 8884
f 8755 8884 8883
f 8756 8757 8885
f 8756 8885 8884
f 8757 8758 8886
f 8757 8886 8885
f 8758 8759 8887
f 8758 8887 8886
f 8759 8760 8888
f 8759 8888 8887
f 8760 8761 8889
f 8760 8889 8888
f 8761 8762 8890
f 8761 8890 8889
f 8762 8763 8891
f 8762 8891 8890
f 8763 8764 8892
f 8763 8892 8891
f 8764 8765 8893
f 8764 8893 8892
f 8765 8766 8894
f 8765 8894 8893
f 8766 8767 8895
f 8766 8895 8894
f 8767 8768 8896
f 8767 8896 8895
f 8768 8641 8769
f 8768 8769 8896
f 8769 8770 8898
f 8769 8898 8897
f 8770 8771 8899
f 8770 8899 8898
f 8771 8772 8900
f 8771 8900 8899
f 8772 8773 8901
f 8772 8901 8900
f 8773 8774 8902
f 8773 8902 8901
f 8774 8775 8903
f 8774 8903 8902
f 8775 8776 8904
f 8775 8904 8903
f 8776 8777 8905
f 8776 8905 8904
f 8777 8778 8906
f 8777 8906 8905
f 8778 8779 8907
f 8778 8907 8906
f 8779 8780 8908
f 8779 8908 8907
f 8780 8781 8909
f 8780 8909 8908
f 8781 8782 8910
f 8781 8910 8909
f 8782 8783 8911
f 8782 8911 8910
f 8783 8784 8912
f 8783 8912 8911
f 8784 8785 8913
f 8784 8913 8912
f 8785 8786 8914
f 8785 8914 8913
f 8786 8787 8915
f 8786 8915 8914
f 8787 8788 8916
f 8787 8916 8915
f 8788 8789 8917
f 8788 8917 8916
f 8789 8790 8918
f 8789 8918 8917
f 8790 8791 8919
f 8790 8919 8918
f 8791 8792 8920
f 8791 8920 8919
f 8792 8793 8921
f 8792 8921 8920
f 8793 8794 8922
f 8793 8922 8921
f 8794 8795 8923
f 8794 8923 8922
f 8795 8796 8924
f 8795 8924 8923
f 8796 8797 8925
f 8796 8925 8924
f 8797 8798 8926
f 8797 8926 8925
f 8798 8799 8927
f 8798 8927 8926
f 8799 8800 8928
f 8799 8928 8927
f 8800 8801 8929
f 8800 8929 8928
f 8801 8802 8930
f 8801 8930 8929
f 8802 8803 8931
f 8802 8931 8930
f 8803 8804 8932
f 8803 8932 8931
f 8804 8805 8933
f 8804 8933 8932
f 8805 8806 8934
f 8805 8934 8933
f 8806 8807 8935
f 8806 8935 8934
f 8807 8808 8936
f 8807 8936 8935
f 8808 8809 8937
f 8808 8937 8936
f 8809 8810 8938
f 8809 8938 8937
f 8810 8811 8939
f 8810 8939 8938
f 8811 8812 8940
f 8811 8940 8939
f 8812 8813 8941
f 8812 8941 8940
f 8813 8814 8942
f 8813 8942 8941
f 8814 8815 8943
f 8814 8943 8942
f 8815 8816 8944
f 8815 8944 8943
f 8816 8817 8945
f 8816 8945 8944
f 8817 8818 8946
f 8817 8946 8945
f 8818 8819 8947
f 8818 8947 8946
f 8819 8820 8948
f 8819 8948 8947
f 8820 8821 8949
f 8820 8949 8948
f 8821 8822 8950
f 8821 8950 8949
f 8822 8823 8951
f 8822 8951 8950
f 8823 8824 8952
f 8823 8952 8951
f 8824 8825 8953
f 8824 8953 8952
f 8825 8826 8954
f 8825 8954 8953
f 8826 8827 8955
f 8826 8955 8954
f 8827 8828 8956
f 8827 8956 8955
f 8828 8829 8957
f 8828 8957 8956
f 8829 8830 8958
f 8829 8958 8957
f 8830 8831 8959
f 8830 8959 8958
f 8831 8832 8960
f 8831 8960 8959
f 8832 8833 8961
f 8832 8961 8960
f 8833 8834 8962
f 8833 8962 8961
f 8834 8835 8963
f 8834 8963 8962
f 8835 8836 8964
f 8835 8964 8963
f 8836 8837 8965
f 8836 8965 8964
f 8837 8838 8966
f 8837 8966 8965
f 8838 8839 8967
f 8838 8967 8966
f 8839 8840 8968
f 8839 8968 8967
f 8840 8841 8969
f 8840 8969 8968
f 8841 8842 8970
f 8841 8970 8969
f 8842 8843 8971
f 8842 8971 8970
f 8843 8844 8972
f 8843 8972 8971
f 8844 8845 8973
f 8844 8973 8972
f 8845 8846 8974
f 8845 8974 8973
f 8846 8847 8975
f 8846 8975 8974
f 8847 8848 8976
f 8847 8976 8975
f 8848 8849 8977
f 8848 8977 8976
f 8849 8850 8978
f 8849 8978 8977
f 8850 8851 8979
f 8850 8979 8978
f 8851 8852 8980
f 8851 8980 8979
f 8852 8853 8981
f 8852 8981 8980
f 8853 8854 8982
f 8853 8982 8981
f 8854 8855 8983
f 8854 8983 8982
f 8855 8856 8984
f 8855 8984 8983
f 8856 8857 8985
f 8856 8985 8984
f 8857 8858 8986
f 8857 8986 8985
f 8858 8859 8987
f 8858 8987 8986
f 8859 8860 8988
f 8859 8988 8987
f 8860 8861 8989
f 8860 8989 8988
f 8861 8862 8990
f 8861 8990 8989
f 8862 8863 8991
f 8862 8991 8990
f 8863 8864 8992
f 8863 8992 8991
f 8864 8865 8993
f 8864 8993 8992
f 8865 8866 8994
f 8865 8994 8993
f 8866 8867 8995
f 8866 8995 8994
f 8867 8868 8996
f 8867 8996 8995
f 8868 8869 8997
f 8868 8997 8996
f 8869 8870 8998
f 8869 8998 8997
f 8870 8871 8999
f 8870 8999 8998
f 8871 8872 9000
f 8871 9000 8999
f 8872 8873 9001
f 8872 9001 9000
f 8873 8874 9002
f 8873 9002 9001
f 8874 8875 9003
f 8874 9003 9002
f 8875 8876 9004
f 8875 9004 9003
f 8876 8877 9005
f 8876 9005 9004
f 8877 8878 9006
f 8877 9006 9005
f 8878 8879 9007
f 8878 9007 9006
f 8879 8880 9008
f 8879 9008 9007
f 8880 8881 9009
f 8880 9009 9008
f 8881 8882 9010
f 8881 9010 9009
f 8882 8883 9011
f 8882 9011 9010
f 8883 8884 9012
f 8883 9012 9011
f 8884 8885 9013
f 8884 9013 9012
f 8885 8886 9014
f 8885 9014 9013
f 8886 8887 9015
f 8886 9015 9014
f 8887 8888 9016
f 8887 9016 9015
f 8888 8889 9017
f 8888 9017 9016
f 8889 8890 9018
f 8889 9018 9017
f 8890 8891 9019
f 8890 9019 9018
f 8891 8892 9020
f 8891 9020 9019
f 8892 8893 9021
f 8892 9021 9020
f 8893 8894 9022
f 8893 9022 9021
f 8894 8895 9023
f 8894 9023 9022
f 8895 8896 9024
f 8895 9024 9023
f 8896 8769 8897
f 8896 8897 9024
f 9026 9025 9152
f 9027 9026 9152
f 9028 9027 9152
f 9029 9028 9152
f 9030 9029 9152
f 9031 9030 9152
f 9032 9031 9152
f 9033 9032 9152
f 9034 9033 9152
f 9040 9039 9038
f 9041 9040 9038
f 9042 9041 9038
f 9043 9042 9038
f 9043 9038 9037
f 9044 9043 9037
f 9045 9044 9037
f 9052 9051 9050
f 9053 9052 9050
f 9053 9050 9049
f 9053 9049 9048
f 9054 9053 9048
f 9054 9048 9047
f 9055 9054 9047
f 9055 9047 9046
f 9055 9046 9045
f 9056 9055 9045
f 9056 9045 9037
f 9056 9037 9036
f 9057 9056 9036
f 9058 9057 9036
f 9059 9058 9036
f 9059 9036 9035
f 9060 9059 9035
f 9061 9060 9035
f 9062 9061 9035
f 9062 9035 9034
f 9063 9062 9034
f 9063 9034 9152
f 9064 9063 9152
f 9065 9064 9152
f 9066 9065 9152
f 9067 9066 9152
f 9080 9079 9078
f 9081 9080 9078
f 9082 9081 9078
f 9083 9082 9078
f 9083 9078 9077
f 9084 9083 9077
f 9085 9084 9077
f 9085 9077 9076
f 9086 9085 9076
f 9087 9086 9076
f 9088 9087 9076
f 9089 9088 9076
f 9090 9089 9076
f 9090 9076 9075
f 9092 9091 9090
f 9093 9092 9090
f 9094 9093 9090
f 9095 9094 9090
f 9096 9095 9090
f 9096 9090 9075
f 9097 9096 9075
f 9097 9075 9074
f 9098 9097 9074
f 9098 9074 9073
f 9099 9098 9073
f 9099 9073 9072
f 9099 9072 9071
f 9100 9099 9071
f 9100 9071 9070
f 9101 9100 9070
f 9101 9070 9069
f 9102 9101 9069
f 9102 9069 9068
f 9103 9102 9068
f 9103 9068 9067
f 9104 9103 9067
f 9104 9067 9152
f 9105 9104 9152
f 9107 9106 9105
f 9108 9107 9105
f 9109 9108 9105
f 9110 9109 9105
f 9111 9110 9105
f 9112 9111 9105
f 9113 9112 9105
f 9114 9113 9105
f 9116 9115 9114
f 9117 9116 9114
f 9118 9117 9114
f 9119 9118 9114
f 9120 9119 9114
f 9121 9120 9114
f 9122 9121 9114
f 9123 9122 9114
f 9124 9123 9114
f 9125 9124 9114
f 9126 9125 9114
f 9127 9126 9114
f 9128 9127 9114
f 9128 9114 9105
f 9129 9128 9105
f 9130 9129 9105
f 9131 9130 9105
f 9132 9131 9105
f 9132 9105 9152
f 9133 9132 9152
f 9134 9133 9152
f 9135 9134 9152
f 9136 9135 9152
f 9137 9136 9152
f 9138 9137 9152
f 9139 9138 9152
f 9140 9139 9152
f 9141 9140 9152
f 9143 9142 9141
f 9143 9141 9152
f 9144 9143 9152
f 9145 9144 9152
f 9146 9145 9152
f 9147 9146 9152
f 9148 9147 9152
f 9149 9148 9152
f 9150 9149 9152
f 9152 9151 9150
f 9280 9153 9154
f 9280 9154 9155
f 9280 9155 9156
f 9280 9156 9157
f 9280 9157 9158
f 9280 9158 9159
f 9280 9159 9160
f 9280 9160 9161
f 9280 9161 9162
f 9166 9167 9168
f 9166 9168 9169
f 9166 9169 9170
f 9166 9170 9171
f 9165 9166 9171
f 9165 9171 9172
f 9165 9172 9173
f 9178 9179 9180
f 9178 9180 9181
f 9177 9178 9181
f 9176 9177 9181
f 9176 9181 9182
f 9175 9176 9182
f 9175 9182 9183
f 9174 9175 9183
f 9173 9174 9183
f 9173 9183 9184
f 9165 9173 9184
f 9164 9165 9184
f 9164 9184 9185
f 9164 9185 9186
f 9164 9186 9187
f 9163 9164 9187
f 9163 9187 9188
f 9163 9188 9189
f 9163 9189 9190
f 9162 9163 9190
f 9162 9190 9191
f 9280 9162 9191
f 9280 9191 9192
f 9280 9192 9193
f 9280 9193 9194
f 9280 9194 9195
f 9206 9207 9208
f 9206 9208 9209
f 9206 9209 9210
f 9206 9210 9211
f 9205 9206 9211
f 9205 9211 9212
f 9205 9212 9213
f 9204 9205 9213
f 9204 9213 9214
f 9204 9214 9215
f 9204 9215 9216
f 9204 9216 9217
f 9204 9217 9218
f 9203 9204 9218
f 9218 9219 9220
f 9218 9220 9221
f 9218 9221 9222
f 9218 9222 9223
f 9218 9223 9224
f 9203 9218 9224
f 9203 9224 9225
f 9202 9203 9225
f 9202 9225 9226
f 9201 9202 9226
f 9201 9226 9227
f 9200 9201 9227
f 9199 9200 9227
f 9199 9227 9228
f 9198 9199 9228
f 9198 9228 9229
f 9197 9198 9229
f 9197 9229 9230
f 9196 9197 9230
f 9196 9230 9231
f 9195 9196 9231
f 9195 9231 9232
f 9280 9195 9232
f 9280 9232 9233
f 9233 9234 9235
f 9233 9235 9236
f 9233 9236 9237
f 9233 9237 9238
f 9233 9238 9239
f 9233 9239 9240
f 9233 9240 9241
f 9233 9241 9242
f 9242 9243 9244
f 9242 9244 9245
f 9242 9245 9246
f 9242 9246 9247
f 9242 9247 9248
f 9242 9248 9249
f 9242 9249 9250
f 9242 9250 9251
f 9242 9251 9252
f 9242 9252 9253
f 9242 9253 9254
f 9242 9254 9255
f 9242 9255 9256
f 9233 9242 9256
f 9233 9256 9257
f 9233 9257 9258
f 9233 9258 9259
f 9233 9259 9260
f 9280 9233 9260
f 9280 9260 9261
f 9280 9261 9262
f 9280 9262 9263
f 9280 9263 9264
f 9280 9264 9265
f 9280 9265 9266
f 9280 9266 9267
f 9280 9267 9268
f 9280 9268 9269
f 9269 9270 9271
f 9280 9269 9271
f 9280 9271 9272
f 9280 9272 9273
f 9280 9273 9274
f 9280 9274 9275
f 9280 9275 9276
f 9280 9276 9277
f 9280 9277 9278
f 9278 9279 9280
o serpent_base
usemtl serpent_base
v 1.759999 0.000000 -0.384309
v 1.758775 0.000000 -0.399853
v 1.755297 0.000000 -0.414339
v 1.749596 0.000000 -0.428104
v 1.741812 0.000000 -0.440807
v 1.732136 0.000000 -0.452136
v 1.720807 0.000000 -0.461812
v 1.708104 0.000000 -0.469596
v 1.694339 0.000000 -0.475297
v 1.680531 0.000000 -0.478613
v 0.895691 0.000000 -0.479999
v 0.880147 0.000000 -0.478775
v 0.865661 0.000000 -0.475297
v 0.851896 0.000000 -0.469596
v 0.839193 0.000000 -0.461812
v 0.827864 0.000000 -0.452136
v 0.818188 0.000000 -0.440807
v 0.810404 0.000000 -0.428104
v 0.804703 0.000000 -0.414339
v 0.801387 0.000000 -0.400531
v 0.800001 0.000000 0.384309
v 0.801225 0.000000 0.399853
v 0.804703 0.000000 0.414339
v 0.810404 0.000000 0.428104
v 0.818188 0.000000 0.440807
v 0.827864 0.000000 0.452136
v 0.839193 0.000000 0.461812
v 0.851896 0.000000 0.469596
v 0.865661 0.000000 0.475297
v 0.879469 0.000000 0.478613
v 1.664309 0.000000 0.479999
v 1.679853 0.000000 0.478775
v 1.694339 0.000000 0.475297
v 1.708104 0.000000 0.469596
v 1.720807 0.000000 0.461812
v 1.732136 0.000000 0.452136
v 1.741812 0.000000 0.440807
v 1.749596 0.000000 0.428104
v 1.755297 0.000000 0.414339
v 1.758613 0.000000 0.400531
v 1.772726 0.005274 -0.384797
v 1.771384 0.005274 -0.401850
v 1.767438 0.005274 -0.418284
v 1.760970 0.005274 -0.433899
v 1.752139 0.005274 -0.448310
v 1.741162 0.005274 -0.461162
v 1.728310 0.005274 -0.472139
v 1.713899 0.005274 -0.480970
v 1.698284 0.005274 -0.487438
v 1.682048 0.005274 -0.491336
v 0.895203 0.005274 -0.492726
v 0.878150 0.005274 -0.491384
v 0.861716 0.005274 -0.487438
v 0.846101 0.005274 -0.480970
v 0.831690 0.005274 -0.472139
v 0.818838 0.005274 -0.461162
v 0.807861 0.005274 -0.448310
v 0.799030 0.005274 -0.433899
v 0.792562 0.005274 -0.418284
v 0.788664 0.005274 -0.402048
v 0.787274 0.005274 0.384797
v 0.788616 0.005274 0.401850
v 0.792562 0.005274 0.418284
v 0.799030 0.005274 0.433899
v 0.807861 0.005274 0.448310
v 0.818838 0.005274 0.461162
v 0.831690 0.005274 0.472139
v 0.846101 0.005274 0.480970
v 0.861716 0.005274 0.487438
v 0.877952 0.005274 0.491336
v 1.664797 0.005274 0.492726
v 1.681850 0.005274 0.491384
v 1.698284 0.005274 0.487438
v 1.713899 0.005274 0.480970
v 1.728310 0.005274 0.472139
v 1.741162 0.005274 0.461162
v 1.752139 0.005274 0.448310
v 1.760970 0.005274 0.433899
v 1.767438 0.005274 0.418284
v 1.771336 0.005274 0.402048
v 1.778000 0.018000 -0.385000
v 1.776609 0.018000 -0.402677
v 1.772469 0.018000 -0.419919
v 1.765684 0.018000 -0.436301
v 1.756419 0.018000 -0.451420
v 1.744903 0.018000 -0.464903
v 1.731420 0.018000 -0.476419
v 1.716301 0.018000 -0.485684
v 1.699919 0.018000 -0.492469
v 1.682677 0.018000 -0.496609
v 0.895000 0.018000 -0.498000
v 0.877323 0.018000 -0.496609
v 0.860081 0.018000 -0.492469
v 0.843699 0.018000 -0.485684
v 0.828580 0.018000 -0.476419
v 0.815097 0.018000 -0.464903
v 0.803581 0.018000 -0.451420
v 0.794316 0.018000 -0.436301
v 0.787531 0.018000 -0.419919
v 0.783391 0.018000 -0.402677
v 0.782000 0.018000 0.385000
v 0.783391 0.018000 0.402677
v 0.787531 0.018000 0.419919
v 0.794316 0.018000 0.436301
v 0.803581 0.018000 0.451420
v 0.815097 0.018000 0.464903
v 0.828580 0.018000 0.476419
v 0.843699 0.018000 0.485684
v 0.860081 0.018000 0.492469
v 0.877323 0.018000 0.496609
v 1.665000 0.018000 0.498000
v 1.682677 0.018000 0.496609
v 1.699919 0.018000 0.492469
v 1.716301 0.018000 0.485684
v 1.731420 0.018000 0.476419
v 1.744903 0.018000 0.464903
v 1.756419 0.018000 0.451420
v 1.765684 0.018000 0.436301
v 1.772469 0.018000 0.419919
v 1.776609 0.018000 0.402677
v 1.778000 0.137000 -0.385000
v 1.776609 0.137000 -0.402677
v 1.772469 0.137000 -0.419919
v 1.765684 0.137000 -0.436301
v 1.756419 0.137000 -0.451420
v 1.744903 0.137000 -0.464903
v 1.731420 0.137000 -0.476419
v 1.716301 0.137000 -0.485684
v 1.699919 0.137000 -0.492469
v 1.682677 0.137000 -0.496609
v 0.895000 0.137000 -0.498000
v 0.877323 0.137000 -0.496609
v 0.860081 0.137000 -0.492469
v 0.843699 0.137000 -0.485684
v 0.828580 0.137000 -0.476419
v 0.815097 0.137000 -0.464903
v 0.803581 0.137000 -0.451420
v 0.794316 0.137000 -0.436301
v 0.787531 0.137000 -0.419919
v 0.783391 0.137000 -0.402677
v 0.782000 0.137000 0.385000
v 0.783391 0.137000 0.402677
v 0.787531 0.137000 0.419919
v 0.794316 0.137000 0.436301
v 0.803581 0.137000 0.451420
v 0.815097 0.137000 0.464903
v 0.828580 0.137000 0.476419
v 0.843699 0.137000 0.485684
v 0.860081 0.137000 0.492469
v 0.877323 0.137000 0.496609
v 1.665000 0.137000 0.498000
v 1.682677 0.137000 0.496609
v 1.699919 0.137000 0.492469
v 1.716301 0.137000 0.485684
v 1.731420 0.137000 0.476419
v 1.744903 0.137000 0.464903
v 1.756419 0.137000 0.451420
v 1.765684 0.137000 0.436301
v 1.772469 0.137000 0.419919
v 1.776609 0.137000 0.402677
v 1.772726 0.149726 -0.384797
v 1.771384 0.149726 -0.401850
v 1.767438 0.149726 -0.418284
v 1.760970 0.149726 -0.433899
v 1.752139 0.149726 -0.448310
v 1.741162 0.149726 -0.461162
v 1.728310 0.149726 -0.472139
v 1.713899 0.149726 -0.480970
v 1.698284 0.149726 -0.487438
v 1.682048 0.149726 -0.491336
v 0.895203 0.149726 -0.492726
v 0.878150 0.149726 -0.491384
v 0.861716 0.149726 -0.487438
v 0.846101 0.149726 -0.480970
v 0.831690 0.149726 -0.472139
v 0.818838 0.149726 -0.461162
v 0.807861 0.149726 -0.448310
v 0.799030 0.149726 -0.433899
v 0.792562 0.149726 -0.418284
v 0.788664 0.149726 -0.402048
v 0.787274 0.149726 0.384797
v 0.788616 0.149726 0.401850
v 0.792562 0.149726 0.418284
v 0.799030 0.149726 0.433899
v 0.807861 0.149726 0.448310
v 0.818838 0.149726 0.461162
v 0.831690 0.149726 0.472139
v 0.846101 0.149726 0.480970
v 0.861716 0.149726 0.487438
v 0.877952 0.149726 0.491336
v 1.664797 0.149726 0.492726
v 1.681850 0.149726 0.491384
v 1.698284 0.149726 0.487438
v 1.713899 0.149726 0.480970
v 1.728310 0.149726 0.472139
v 1.741162 0.149726 0.461162
v 1.752139 0.149726 0.448310
v 1.760970 0.149726 0.433899
v 1.767438 0.149726 0.418284
v 1.771336 0.149726 0.402048
v 1.759999 0.155000 -0.384309
v 1.758775 0.155000 -0.399853
v 1.755297 0.155000 -0.414339
v 1.749596 0.155000 -0.428104
v 1.741812 0.155000 -0.440807
v 1.732136 0.155000 -0.452136
v 1.720807 0.155000 -0.461812
v 1.708104 0.155000 -0.469596
v 1.694339 0.155000 -0.475297
v 1.680531 0.155000 -0.478613
v 0.895691 0.155000 -0.479999
v 0.880147 0.155000 -0.478775
v 0.865661 0.155000 -0.475297
v 0.851896 0.155000 -0.469596
v 0.839193 0.155000 -0.461812
v 0.827864 0.155000 -0.452136
v 0.818188 0.155000 -0.440807
v 0.810404 0.155000 -0.428104
v 0.804703 0.155000 -0.414339
v 0.801387 0.155000 -0.400531
v 0.800001 0.155000 0.384309
v 0.801225 0.155000 0.399853
v 0.804703 0.155000 0.414339
v 0.810404 0.155000 0.428104
v 0.818188 0.155000 0.440807
v 0.827864 0.155000 0.452136
v 0.839193 0.155000 0.461812
v 0.851896 0.155000 0.469596
v 0.865661 0.155000 0.475297
v 0.879469 0.155000 0.478613
v 1.664309 0.155000 0.479999
v 1.679853 0.155000 0.478775
v 1.694339 0.155000 0.475297
v 1.708104 0.155000 0.469596
v 1.720807 0.155000 0.461812
v 1.732136 0.155000 0.452136
v 1.741812 0.155000 0.440807
v 1.749596 0.155000 0.428104
v 1.755297 0.155000 0.414339
v 1.758613 0.155000 0.400531
v 1.759999 0.000000 -0.384309
v 1.758775 0.000000 -0.399853
v 1.755297 0.000000 -0.414339
v 1.749596 0.000000 -0.428104
v 1.741812 0.000000 -0.440807
v 1.732136 0.000000 -0.452136
v 1.720807 0.000000 -0.461812
v 1.708104 0.000000 -0.469596
v 1.694339 0.000000 -0.475297
v 1.680531 0.000000 -0.478613
v 0.895691 0.000000 -0.479999
v 0.880147 0.000000 -0.478775
v 0.865661 0.000000 -0.475297
v 0.851896 0.000000 -0.469596
v 0.839193 0.000000 -0.461812
v 0.827864 0.000000 -0.452136
v 0.818188 0.000000 -0.440807
v 0.810404 0.000000 -0.428104
v 0.804703 0.000000 -0.414339
v 0.801387 0.000000 -0.400531
v 0.800001 0.000000 0.384309
v 0.801225 0.000000 0.399853
v 0.804703 0.000000 0.414339
v 0.810404 0.000000 0.428104
v 0.818188 0.000000 0.440807
v 0.827864 0.000000 0.452136
v 0.839193 0.000000 0.461812
v 0.851896 0.000000 0.469596
v 0.865661 0.000000 0.475297
v 0.879469 0.000000 0.478613
v 1.664309 0.000000 0.479999
v 1.679853 0.000000 0.478775
v 1.694339 0.000000 0.475297
v 1.708104 0.000000 0.469596
v 1.720807 0.000000 0.461812
v 1.732136 0.000000 0.452136
v 1.741812 0.000000 0.440807
v 1.749596 0.000000 0.428104
v 1.755297 0.000000 0.414339
v 1.758613 0.000000 0.400531
v 1.759999 0.155000 -0.384309
v 1.758775 0.155000 -0.399853
v 1.755297 0.155000 -0.414339
v 1.749596 0.155000 -0.428104
v 1.741812 0.155000 -0.440807
v 1.732136 0.155000 -0.452136
v 1.720807 0.155000 -0.461812
v 1.708104 0.155000 -0.469596
v 1.694339 0.155000 -0.475297
v 1.680531 0.155000 -0.478613
v 0.895691 0.155000 -0.479999
v 0.880147 0.155000 -0.478775
v 0.865661 0.155000 -0.475297
v 0.851896 0.155000 -0.469596
v 0.839193 0.155000 -0.461812
v 0.827864 0.155000 -0.452136
v 0.818188 0.155000 -0.440807
v 0.810404 0.155000 -0.428104
v 0.804703 0.155000 -0.414339
v 0.801387 0.155000 -0.400531
v 0.800001 0.155000 0.384309
v 0.801225 0.155000 0.399853
v 0.804703 0.155000 0.414339
v 0.810404 0.155000 0.428104
v 0.818188 0.155000 0.440807
v 0.827864 0.155000 0.452136
v 0.839193 0.155000 0.461812
v 0.851896 0.155000 0.469596
v 0.865661 0.155000 0.475297
v 0.879469 0.155000 0.478613
v 1.664309 0.155000 0.479999
v 1.679853 0.155000 0.478775
v 1.694339 0.155000 0.475297
v 1.708104 0.155000 0.469596
v 1.720807 0.155000 0.461812
v 1.732136 0.155000 0.452136
v 1.741812 0.155000 0.440807
v 1.749596 0.155000 0.428104
v 1.755297 0.155000 0.414339
v 1.758613 0.155000 0.400531
f 9281 9282 9322
f 9281 9322 9321
f 9282 9283 9323
f 9282 9323 9322
f 9283 9284 9324
f 9283 9324 9323
f 9284 9285 9325
f 9284 9325 9324
f 9285 9286 9326
f 9285 9326 9325
f 9286 9287 9327
f 9286 9327 9326
f 9287 9288 9328
f 9287 9328 9327
f 9288 9289 9329
f 9288 9329 9328
f 9289 9290 9330
f 9289 9330 9329
f 9290 9291 9331
f 9290 9331 9330
f 9291 9292 9332
f 9291 9332 9331
f 9292 9293 9333
f 9292 9333 9332
f 9293 9294 9334
f 9293 9334 9333
f 9294 9295 9335
f 9294 9335 9334
f 9295 9296 9336
f 9295 9336 9335
f 9296 9297 9337
f 9296 9337 9336
f 9297 9298 9338
f 9297 9338 9337
f 9298 9299 9339
f 9298 9339 9338
f 9299 9300 9340
f 9299 9340 9339
f 9300 9301 9341
f 9300 9341 9340
f 9301 9302 9342
f 9301 9342 9341
f 9302 9303 9343
f 9302 9343 9342
f 9303 9304 9344
f 9303 9344 9343
f 9304 9305 9345
f 9304 9345 9344
f 9305 9306 9346
f 9305 9346 9345
f 9306 9307 9347
f 9306 9347 9346
f 9307 9308 9348
f 9307 9348 9347
f 9308 9309 9349
f 9308 9349 9348
f 9309 9310 9350
f 9309 9350 9349
f 9310 9311 9351
f 9310 9351 9350
f 9311 9312 9352
f 9311 9352 9351
f 9312 9313 9353
f 9312 9353 9352
f 9313 9314 9354
f 9313 9354 9353
f 9314 9315 9355
f 9314 9355 9354
f 9315 9316 9356
f 9315 9356 9355
f 9316 9317 9357
f 9316 9357 9356
f 9317 9318 9358
f 9317 9358 9357
f 9318 9319 9359
f 9318 9359 9358
f 9319 9320 9360
f 9319 9360 9359
f 9320 9281 9321
f 9320 9321 9360
f 9321 9322 9362
f 9321 9362 9361
f 9322 9323 9363
f 9322 9363 9362
f 9323 9324 9364
f 9323 9364 9363
f 9324 9325 9365
f 9324 9365 9364
f 9325 9326 9366
f 9325 9366 9365
f 9326 9327 9367
f 9326 9367 9366
f 9327 9328 9368
f 9327 9368 9367
f 9328 9329 9369
f 9328 9369 9368
f 9329 9330 9370
f 9329 9370 9369
f 9330 9331 9371
f 9330 9371 9370
f 9331 9332 9372
f 9331 9372 9371
f 9332 9333 9373
f 9332 9373 9372
f 9333 9334 9374
f 9333 9374 9373
f 9334 9335 9375
f 9334 9375 9374
f 9335 9336 9376
f 9335 9376 9375
f 9336 9337 9377
f 9336 9377 9376
f 9337 9338 9378
f 9337 9378 9377
f 9338 9339 9379
f 9338 9379 9378
f 9339 9340 9380
f 9339 9380 9379
f 9340 9341 9381
f 9340 9381 9380
f 9341 9342 9382
f 9341 9382 9381
f 9342 9343 9383
f 9342 9383 9382
f 9343 9344 9384
f 9343 9384 9383
f 9344 9345 9385
f 9344 9385 9384
f 9345 9346 9386
f 9345 9386 9385
f 9346 9347 9387
f 9346 9387 9386
f 9347 9348 9388
f 9347 9388 9387
f 9348 9349 9389
f 9348 9389 9388
f 9349 9350 9390
f 9349 9390 9389
f 9350 9351 9391
f 9350 9391 9390
f 9351 9352 9392
f 9351 9392 9391
f 9352 9353 9393
f 9352 9393 9392
f 9353 9354 9394
f 9353 9394 9393
f 9354 9355 9395
f 9354 9395 9394
f 9355 9356 9396
f 9355 9396 9395
f 9356 9357 9397
f 9356 9397 9396
f 9357 9358 9398
f 9357 9398 9397
f 9358 9359 9399
f 9358 9399 9398
f 9359 9360 9400
f 9359 9400 9399
f 9360 9321 9361
f 9360 9361 9400
f 9361 9362 9402
f 9361 9402 9401
f 9362 9363 9403
f 9362 9403 9402
f 9363 9364 9404
f 9363 9404 9403
f 9364 9365 9405
f 9364 9405 9404
f 9365 9366 9406
f 9365 9406 9405
f 9366 9367 9407
f 9366 9407 9406
f 9367 9368 9408
f 9367 9408 9407
f 9368 9369 9409
f 9368 9409 9408
f 9369 9370 9410
f 9369 9410 9409
f 9370 9371 9411
f 9370 9411 9410
f 9371 9372 9412
f 9371 9412 9411
f 9372 9373 9413
f 9372 9413 9412
f 9373 9374 9414
f 9373 9414 9413
f 9374 9375 9415
f 9374 9415 9414
f 9375 9376 9416
f 9375 9416 9415
f 9376 9377 9417
f 9376 9417 9416
f 9377 9378 9418
f 9377 9418 9417
f 9378 9379 9419
f 9378 9419 9418
f 9379 9380 9420
f 9379 9420 9419
f 9380 9381 9421
f 9380 9421 9420
f 9381 9382 9422
f 9381 9422 9421
f 9382 9383 9423
f 9382 9423 9422
f 9383 9384 9424
f 9383 9424 9423
f 9384 9385 9425
f 9384 9425 9424
f 9385 9386 9426
f 9385 9426 9425
f 9386 9387 9427
f 9386 9427 9426
f 9387 9388 9428
f 9387 9428 9427
f 9388 9389 9429
f 9388 9429 9428
f 9389 9390 9430
f 9389 9430 9429
f 9390 9391 9431
f 9390 9431 9430
f 9391 9392 9432
f 9391 9432 9431
f 9392 9393 9433
f 9392 9433 9432
f 9393 9394 9434
f 9393 9434 9433
f 9394 9395 9435
f 9394 9435 9434
f 9395 9396 9436
f 9395 9436 9435
f 9396 9397 9437
f 9396 9437 9436
f 9397 9398 9438
f 9397 9438 9437
f 9398 9399 9439
f 9398 9439 9438
f 9399 9400 9440
f 9399 9440 9439
f 9400 9361 9401
f 9400 9401 9440
f 9401 9402 9442
f 9401 9442 9441
f 9402 9403 9443
f 9402 9443 9442
f 9403 9404 9444
f 9403 9444 9443
f 9404 9405 9445
f 9404 9445 9444
f 9405 9406 9446
f 9405 9446 9445
f 9406 9407 9447
f 9406 9447 9446
f 9407 9408 9448
f 9407 9448 9447
f 9408 9409 9449
f 9408 9449 9448
f 9409 9410 9450
f 9409 9450 9449
f 9410 9411 9451
f 9410 9451 9450
f 9411 9412 9452
f 9411 9452 9451
f 9412 9413 9453
f 9412 9453 9452
f 9413 9414 9454
f 9413 9454 9453
f 9414 9415 9455
f 9414 9455 9454
f 9415 9416 9456
f 9415 9456 9455
f 9416 9417 9457
f 9416 9457 9456
f 9417 9418 9458
f 9417 9458 9457
f 9418 9419 9459
f 9418 9459 9458
f 9419 9420 9460
f 9419 9460 9459
f 9420 9421 9461
f 9420 9461 9460
f 9421 9422 9462
f 9421 9462 9461
f 9422 9423 9463
f 9422 9463 9462
f 9423 9424 9464
f 9423 9464 9463
f 9424 9425 9465
f 9424 9465 9464
f 9425 9426 9466
f 9425 9466 9465
f 9426 9427 9467
f 9426 9467 9466
f 9427 9428 9468
f 9427 9468 9467
f 9428 9429 9469
f 9428 9469 9468
f 9429 9430 9470
f 9429 9470 9469
f 9430 9431 9471
f 9430 9471 9470
f 9431 9432 9472
f 9431 9472 9471
f 9432 9433 9473
f 9432 9473 9472
f 9433 9434 9474
f 9433 9474 9473
f 9434 9435 9475
f 9434 9475 9474
f 9435 9436 9476
f 9435 9476 9475
f 9436 9437 9477
f 9436 9477 9476
f 9437 9438 9478
f 9437 9478 9477
f 9438 9439 9479
f 9438 9479 9478
f 9439 9440 9480
f 9439 9480 9479
f 9440 9401 9441
f 9440 9441 9480
f 9441 9442 9482
f 9441 9482 9481
f 9442 9443 9483
f 9442 9483 9482
f 9443 9444 9484
f 9443 9484 9483
f 9444 9445 9485
f 9444 9485 9484
f 9445 9446 9486
f 9445 9486 9485
f 9446 9447 9487
f 9446 9487 9486
f 9447 9448 9488
f 9447 9488 9487
f 9448 9449 9489
f 9448 9489 9488
f 9449 9450 9490
f 9449 9490 9489
f 9450 9451 9491
f 9450 9491 9490
f 9451 9452 9492
f 9451 9492 9491
f 9452 9453 9493
f 9452 9493 9492
f 9453 9454 9494
f 9453 9494 9493
f 9454 9455 9495
f 9454 9495 9494
f 9455 9456 9496
f 9455 9496 9495
f 9456 9457 9497
f 9456 9497 9496
f 9457 9458 9498
f 9457 9498 9497
f 9458 9459 9499
f 9458 9499 9498
f 9459 9460 9500
f 9459 9500 9499
f 9460 9461 9501
f 9460 9501 9500
f 9461 9462 9502
f 9461 9502 9501
f 9462 9463 9503
f 9462 9503 9502
f 9463 9464 9504
f 9463 9504 9503
f 9464 9465 9505
f 9464 9505 9504
f 9465 9466 9506
f 9465 9506 9505
f 9466 9467 9507
f 9466 9507 9506
f 9467 9468 9508
f 9467 9508 9507
f 9468 9469 9509
f 9468 9509 9508
f 9469 9470 9510
f 9469 9510 9509
f 9470 9471 9511
f 9470 9511 9510
f 9471 9472 9512
f 9471 9512 9511
f 9472 9473 9513
f 9472 9513 9512
f 9473 9474 9514
f 9473 9514 9513
f 9474 9475 9515
f 9474 9515 9514
f 9475 9476 9516
f 9475 9516 9515
f 9476 9477 9517
f 9476 9517 9516
f 9477 9478 9518
f 9477 9518 9517
f 9478 9479 9519
f 9478 9519 9518
f 9479 9480 9520
f 9479 9520 9519
f 9480 9441 9481
f 9480 9481 9520
f 9522 9521 9560
f 9523 9522 9560
f 9524 9523 9560
f 9525 9524 9560
f 9526 9525 9560
f 9527 9526 9560
f 9528 9527 9560
f 9529 9528 9560
f 9530 9529 9560
f 9531 9530 9560
f 9532 9531 9560
f 9533 9532 9560
f 9534 9533 9560
f 9535 9534 9560
f 9536 9535 9560
f 9537 9536 9560
f 9538 9537 9560
f 9539 9538 9560
f 9540 9539 9560
f 9541 9540 9560
f 9542 9541 9560
f 9543 9542 9560
f 9544 9543 9560
f 9545 9544 9560
f 9546 9545 9560
f 9547 9546 9560
f 9548 9547 9560
f 9549 9548 9560
f 9550 9549 9560
f 9551 9550 9560
f 9552 9551 9560
f 9553 9552 9560
f 9554 9553 9560
f 9555 9554 9560
f 9556 9555 9560
f 9557 9556 9560
f 9558 9557 9560
f 9560 9559 9558
f 9600 9561 9562
f 9600 9562 9563
f 9600 9563 9564
f 9600 9564 9565
f 9600 9565 9566
f 9600 9566 9567
f 9600 9567 9568
f 9600 9568 9569
f 9600 9569 9570
f 9600 9570 9571
f 9600 9571 9572
f 9600 9572 9573
f 9600 9573 9574
f 9600 9574 9575
f 9600 9575 9576
f 9600 9576 9577
f 9600 9577 9578
f 9600 9578 9579
f 9600 9579 9580
f 9600 9580 9581
f 9600 9581 9582
f 9600 9582 9583
f 9600 9583 9584
f 9600 9584 9585
f 9600 9585 9586
f 9600 9586 9587
f 9600 9587 9588
f 9600 9588 9589
f 9600 9589 9590
f 9600 9590 9591
f 9600 9591 9592
f 9600 9592 9593
f 9600 9593 9594
f 9600 9594 9595
f 9600 9595 9596
f 9600 9596 9597
f 9600 9597 9598
f 9598 9599 9600
o serpent_recess
usemtl serpent_recess
v 1.694000 0.144000 -0.329769
v 1.692947 0.144000 -0.343138
v 1.689871 0.144000 -0.355952
v 1.684828 0.144000 -0.368127
v 1.677942 0.144000 -0.379363
v 1.669384 0.144000 -0.389384
v 1.659363 0.144000 -0.397942
v 1.648127 0.144000 -0.404828
v 1.635952 0.144000 -0.409871
v 1.623364 0.144000 -0.412893
v 0.950231 0.144000 -0.414000
v 0.936862 0.144000 -0.412947
v 0.924048 0.144000 -0.409871
v 0.911873 0.144000 -0.404828
v 0.900637 0.144000 -0.397942
v 0.890616 0.144000 -0.389384
v 0.882058 0.144000 -0.379363
v 0.875172 0.144000 -0.368127
v 0.870129 0.144000 -0.355952
v 0.867107 0.144000 -0.343364
v 0.866000 0.144000 0.329769
v 0.867053 0.144000 0.343138
v 0.870129 0.144000 0.355952
v 0.875172 0.144000 0.368127
v 0.882058 0.144000 0.379363
v 0.890616 0.144000 0.389384
v 0.900637 0.144000 0.397942
v 0.911873 0.144000 0.404828
v 0.924048 0.144000 0.409871
v 0.936636 0.144000 0.412893
v 1.609769 0.144000 0.414000
v 1.623138 0.144000 0.412947
v 1.635952 0.144000 0.409871
v 1.648127 0.144000 0.404828
v 1.659363 0.144000 0.397942
v 1.669384 0.144000 0.389384
v 1.677942 0.144000 0.379363
v 1.684828 0.144000 0.368127
v 1.689871 0.144000 0.355952
v 1.692893 0.144000 0.343364
v 1.698242 0.145758 -0.329932
v 1.697150 0.145758 -0.343803
v 1.693918 0.145758 -0.357267
v 1.688619 0.145758 -0.370059
v 1.681385 0.145758 -0.381864
v 1.672393 0.145758 -0.392393
v 1.661864 0.145758 -0.401385
v 1.650059 0.145758 -0.408619
v 1.637267 0.145758 -0.413918
v 1.623870 0.145758 -0.417134
v 0.950068 0.145758 -0.418242
v 0.936197 0.145758 -0.417150
v 0.922733 0.145758 -0.413918
v 0.909941 0.145758 -0.408619
v 0.898136 0.145758 -0.401385
v 0.887607 0.145758 -0.392393
v 0.878615 0.145758 -0.381864
v 0.871381 0.145758 -0.370059
v 0.866082 0.145758 -0.357267
v 0.862866 0.145758 -0.343870
v 0.861758 0.145758 0.329932
v 0.862850 0.145758 0.343803
v 0.866082 0.145758 0.357267
v 0.871381 0.145758 0.370059
v 0.878615 0.145758 0.381864
v 0.887607 0.145758 0.392393
v 0.898136 0.145758 0.401385
v 0.909941 0.145758 0.408619
v 0.922733 0.145758 0.413918
v 0.936130 0.145758 0.417134
v 1.609932 0.145758 0.418242
v 1.623803 0.145758 0.417150
v 1.637267 0.145758 0.413918
v 1.650059 0.145758 0.408619
v 1.661864 0.145758 0.401385
v 1.672393 0.145758 0.392393
v 1.681385 0.145758 0.381864
v 1.688619 0.145758 0.370059
v 1.693918 0.145758 0.357267
v 1.697134 0.145758 0.343870
v 1.700000 0.150000 -0.330000
v 1.698892 0.150000 -0.344079
v 1.695595 0.150000 -0.357812
v 1.690191 0.150000 -0.370859
v 1.682812 0.150000 -0.382901
v 1.673640 0.150000 -0.393640
v 1.662901 0.150000 -0.402812
v 1.650859 0.150000 -0.410191
v 1.637812 0.150000 -0.415595
v 1.624079 0.150000 -0.418892
v 0.950000 0.150000 -0.420000
v 0.935921 0.150000 -0.418892
v 0.922188 0.150000 -0.415595
v 0.909141 0.150000 -0.410191
v 0.897099 0.150000 -0.402812
v 0.886360 0.150000 -0.393640
v 0.877188 0.150000 -0.382901
v 0.869809 0.150000 -0.370859
v 0.864405 0.150000 -0.357812
v 0.861108 0.150000 -0.344079
v 0.860000 0.150000 0.330000
v 0.861108 0.150000 0.344079
v 0.864405 0.150000 0.357812
v 0.869809 0.150000 0.370859
v 0.877188 0.150000 0.382901
v 0.886360 0.150000 0.393640
v 0.897099 0.150000 0.402812
v 0.909141 0.150000 0.410191
v 0.922188 0.150000 0.415595
v 0.935921 0.150000 0.418892
v 1.610000 0.150000 0.420000
v 1.624079 0.150000 0.418892
v 1.637812 0.150000 0.415595
v 1.650859 0.150000 0.410191
v 1.662901 0.150000 0.402812
v 1.673640 0.150000 0.393640
v 1.682812 0.150000 0.382901
v 1.690191 0.150000 0.370859
v 1.695595 0.150000 0.357812
v 1.698892 0.150000 0.344079
v 1.700000 0.159000 -0.330000
v 1.698892 0.159000 -0.344079
v 1.695595 0.159000 -0.357812
v 1.690191 0.159000 -0.370859
v 1.682812 0.159000 -0.382901
v 1.673640 0.159000 -0.393640
v 1.662901 0.159000 -0.402812
v 1.650859 0.159000 -0.410191
v 1.637812 0.159000 -0.415595
v 1.624079 0.159000 -0.418892
v 0.950000 0.159000 -0.420000
v 0.935921 0.159000 -0.418892
v 0.922188 0.159000 -0.415595
v 0.909141 0.159000 -0.410191
v 0.897099 0.159000 -0.402812
v 0.886360 0.159000 -0.393640
v 0.877188 0.159000 -0.382901
v 0.869809 0.159000 -0.370859
v 0.864405 0.159000 -0.357812
v 0.861108 0.159000 -0.344079
v 0.860000 0.159000 0.330000
v 0.861108 0.159000 0.344079
v 0.864405 0.159000 0.357812
v 0.869809 0.159000 0.370859
v 0.877188 0.159000 0.382901
v 0.886360 0.159000 0.393640
v 0.897099 0.159000 0.402812
v 0.909141 0.159000 0.410191
v 0.922188 0.159000 0.415595
v 0.935921 0.159000 0.418892
v 1.610000 0.159000 0.420000
v 1.624079 0.159000 0.418892
v 1.637812 0.159000 0.415595
v 1.650859 0.159000 0.410191
v 1.662901 0.159000 0.402812
v 1.673640 0.159000 0.393640
v 1.682812 0.159000 0.382901
v 1.690191 0.159000 0.370859
v 1.695595 0.159000 0.357812
v 1.698892 0.159000 0.344079
v 1.698242 0.163242 -0.329932
v 1.697150 0.163242 -0.343803
v 1.693918 0.163242 -0.357267
v 1.688619 0.163242 -0.370059
v 1.681385 0.163242 -0.381864
v 1.672393 0.163242 -0.392393
v 1.661864 0.163242 -0.401385
v 1.650059 0.163242 -0.408619
v 1.637267 0.163242 -0.413918
v 1.623870 0.163242 -0.417134
v 0.950068 0.163242 -0.418242
v 0.936197 0.163242 -0.417150
v 0.922733 0.163242 -0.413918
v 0.909941 0.163242 -0.408619
v 0.898136 0.163242 -0.401385
v 0.887607 0.163242 -0.392393
v 0.878615 0.163242 -0.381864
v 0.871381 0.163242 -0.370059
v 0.866082 0.163242 -0.357267
v 0.862866 0.163242 -0.343870
v 0.861758 0.163242 0.329932
v 0.862850 0.163242 0.343803
v 0.866082 0.163242 0.357267
v 0.871381 0.163242 0.370059
v 0.878615 0.163242 0.381864
v 0.887607 0.163242 0.392393
v 0.898136 0.163242 0.401385
v 0.909941 0.163242 0.408619
v 0.922733 0.163242 0.413918
v 0.936130 0.163242 0.417134
v 1.609932 0.163242 0.418242
v 1.623803 0.163242 0.417150
v 1.637267 0.163242 0.413918
v 1.650059 0.163242 0.408619
v 1.661864 0.163242 0.401385
v 1.672393 0.163242 0.392393
v 1.681385 0.163242 0.381864
v 1.688619 0.163242 0.370059
v 1.693918 0.163242 0.357267
v 1.697134 0.163242 0.343870
v 1.694000 0.165000 -0.329769
v 1.692947 0.165000 -0.343138
v 1.689871 0.165000 -0.355952
v 1.684828 0.165000 -0.368127
v 1.677942 0.165000 -0.379363
v 1.669384 0.165000 -0.389384
v 1.659363 0.165000 -0.397942
v 1.648127 0.165000 -0.404828
v 1.635952 0.165000 -0.409871
v 1.623364 0.165000 -0.412893
v 0.950231 0.165000 -0.414000
v 0.936862 0.165000 -0.412947
v 0.924048 0.165000 -0.409871
v 0.911873 0.165000 -0.404828
v 0.900637 0.165000 -0.397942
v 0.890616 0.165000 -0.389384
v 0.882058 0.165000 -0.379363
v 0.875172 0.165000 -0.368127
v 0.870129 0.165000 -0.355952
v 0.867107 0.165000 -0.343364
v 0.866000 0.165000 0.329769
v 0.867053 0.165000 0.343138
v 0.870129 0.165000 0.355952
v 0.875172 0.165000 0.368127
v 0.882058 0.165000 0.379363
v 0.890616 0.165000 0.389384
v 0.900637 0.165000 0.397942
v 0.911873 0.165000 0.404828
v 0.924048 0.165000 0.409871
v 0.936636 0.165000 0.412893
v 1.609769 0.165000 0.414000
v 1.623138 0.165000 0.412947
v 1.635952 0.165000 0.409871
v 1.648127 0.165000 0.404828
v 1.659363 0.165000 0.397942
v 1.669384 0.165000 0.389384
v 1.677942 0.165000 0.379363
v 1.684828 0.165000 0.368127
v 1.689871 0.165000 0.355952
v 1.692893 0.165000 0.343364
v 1.694000 0.144000 -0.329769
v 1.692947 0.144000 -0.343138
v 1.689871 0.144000 -0.355952
v 1.684828 0.144000 -0.368127
v 1.677942 0.144000 -0.379363
v 1.669384 0.144000 -0.389384
v 1.659363 0.144000 -0.397942
v 1.648127 0.144000 -0.404828
v 1.635952 0.144000 -0.409871
v 1.623364 0.144000 -0.412893
v 0.950231 0.144000 -0.414000
v 0.936862 0.144000 -0.412947
v 0.924048 0.144000 -0.409871
v 0.911873 0.144000 -0.404828
v 0.900637 0.144000 -0.397942
v 0.890616 0.144000 -0.389384
v 0.882058 0.144000 -0.379363
v 0.875172 0.144000 -0.368127
v 0.870129 0.144000 -0.355952
v 0.867107 0.144000 -0.343364
v 0.866000 0.144000 0.329769
v 0.867053 0.144000 0.343138
v 0.870129 0.144000 0.355952
v 0.875172 0.144000 0.368127
v 0.882058 0.144000 0.379363
v 0.890616 0.144000 0.389384
v 0.900637 0.144000 0.397942
v 0.911873 0.144000 0.404828
v 0.924048 0.144000 0.409871
v 0.936636 0.144000 0.412893
v 1.609769 0.144000 0.414000
v 1.623138 0.144000 0.412947
v 1.635952 0.144000 0.409871
v 1.648127 0.144000 0.404828
v 1.659363 0.144000 0.397942
v 1.669384 0.144000 0.389384
v 1.677942 0.144000 0.379363
v 1.684828 0.144000 0.368127
v 1.689871 0.144000 0.355952
v 1.692893 0.144000 0.343364
v 1.694000 0.165000 -0.329769
v 1.692947 0.165000 -0.343138
v 1.689871 0.165000 -0.355952
v 1.684828 0.165000 -0.368127
v 1.677942 0.165000 -0.379363
v 1.669384 0.165000 -0.389384
v 1.659363 0.165000 -0.397942
v 1.648127 0.165000 -0.404828
v 1.635952 0.165000 -0.409871
v 1.623364 0.165000 -0.412893
v 0.950231 0.165000 -0.414000
v 0.936862 0.165000 -0.412947
v 0.924048 0.165000 -0.409871
v 0.911873 0.165000 -0.404828
v 0.900637 0.165000 -0.397942
v 0.890616 0.165000 -0.389384
v 0.882058 0.165000 -0.379363
v 0.875172 0.165000 -0.368127
v 0.870129 0.165000 -0.355952
v 0.867107 0.165000 -0.343364
v 0.866000 0.165000 0.329769
v 0.867053 0.165000 0.343138
v 0.870129 0.165000 0.355952
v 0.875172 0.165000 0.368127
v 0.882058 0.165000 0.379363
v 0.890616 0.165000 0.389384
v 0.900637 0.165000 0.397942
v 0.911873 0.165000 0.404828
v 0.924048 0.165000 0.409871
v 0.936636 0.165000 0.412893
v 1.609769 0.165000 0.414000
v 1.623138 0.165000 0.412947
v 1.635952 0.165000 0.409871
v 1.648127 0.165000 0.404828
v 1.659363 0.165000 0.397942
v 1.669384 0.165000 0.389384
v 1.677942 0.165000 0.379363
v 1.684828 0.165000 0.368127
v 1.689871 0.165000 0.355952
v 1.692893 0.165000 0.343364
f 9601 9602 9642
f 9601 9642 9641
f 9602 9603 9643
f 9602 9643 9642
f 9603 9604 9644
f 9603 9644 9643
f 9604 9605 9645
f 9604 9645 9644
f 9605 9606 9646
f 9605 9646 9645
f 9606 9607 9647
f 9606 9647 9646
f 9607 9608 9648
f 9607 9648 9647
f 9608 9609 9649
f 9608 9649 9648
f 9609 9610 9650
f 9609 9650 9649
f 9610 9611 9651
f 9610 9651 9650
f 9611 9612 9652
f 9611 9652 9651
f 9612 9613 9653
f 9612 9653 9652
f 9613 9614 9654
f 9613 9654 9653
f 9614 9615 9655
f 9614 9655 9654
f 9615 9616 9656
f 9615 9656 9655
f 9616 9617 9657
f 9616 9657 9656
f 9617 9618 9658
f 9617 9658 9657
f 9618 9619 9659
f 9618 9659 9658
f 9619 9620 9660
f 9619 9660 9659
f 9620 9621 9661
f 9620 9661 9660
f 9621 9622 9662
f 9621 9662 9661
f 9622 9623 9663
f 9622 9663 9662
f 9623 9624 9664
f 9623 9664 9663
f 9624 9625 9665
f 9624 9665 9664
f 9625 9626 9666
f 9625 9666 9665
f 9626 9627 9667
f 9626 9667 9666
f 9627 9628 9668
f 9627 9668 9667
f 9628 9629 9669
f 9628 9669 9668
f 9629 9630 9670
f 9629 9670 9669
f 9630 9631 9671
f 9630 9671 9670
f 9631 9632 9672
f 9631 9672 9671
f 9632 9633 9673
f 9632 9673 9672
f 9633 9634 9674
f 9633 9674 9673
f 9634 9635 9675
f 9634 9675 9674
f 9635 9636 9676
f 9635 9676 9675
f 9636 9637 9677
f 9636 9677 9676
f 9637 9638 9678
f 9637 9678 9677
f 9638 9639 9679
f 9638 9679 9678
f 9639 9640 9680
f 9639 9680 9679
f 9640 9601 9641
f 9640 9641 9680
f 9641 9642 9682
f 9641 9682 9681
f 9642 9643 9683
f 9642 9683 9682
f 9643 9644 9684
f 9643 9684 9683
f 9644 9645 9685
f 9644 9685 9684
f 9645 9646 9686
f 9645 9686 9685
f 9646 9647 9687
f 9646 9687 9686
f 9647 9648 9688
f 9647 9688 9687
f 9648 9649 9689
f 9648 9689 9688
f 9649 9650 9690
f 9649 9690 9689
f 9650 9651 9691
f 9650 9691 9690
f 9651 9652 9692
f 9651 9692 9691
f 9652 9653 9693
f 9652 9693 9692
f 9653 9654 9694
f 9653 9694 9693
f 9654 9655 9695
f 9654 9695 9694
f 9655 9656 9696
f 9655 9696 9695
f 9656 9657 9697
f 9656 9697 9696
f 9657 9658 9698
f 9657 9698 9697
f 9658 9659 9699
f 9658 9699 9698
f 9659 9660 9700
f 9659 9700 9699
f 9660 9661 9701
f 9660 9701 9700
f 9661 9662 9702
f 9661 9702 9701
f 9662 9663 9703
f 9662 9703 9702
f 9663 9664 9704
f 9663 9704 9703
f 9664 9665 9705
f 9664 9705 9704
f 9665 9666 9706
f 9665 9706 9705
f 9666 9667 9707
f 9666 9707 9706
f 9667 9668 9708
f 9667 9708 9707
f 9668 9669 9709
f 9668 9709 9708
f 9669 9670 9710
f 9669 9710 9709
f 9670 9671 9711
f 9670 9711 9710
f 9671 9672 9712
f 9671 9712 9711
f 9672 9673 9713
f 9672 9713 9712
f 9673 9674 9714
f 9673 9714 9713
f 9674 9675 9715
f 9674 9715 9714
f 9675 9676 9716
f 9675 9716 9715
f 9676 9677 9717
f 9676 9717 9716
f 9677 9678 9718
f 9677 9718 9717
f 9678 9679 9719
f 9678 9719 9718
f 9679 9680 9720
f 9679 9720 9719
f 9680 9641 9681
f 9680 9681 9720
f 9681 9682 9722
f 9681 9722 9721
f 9682 9683 9723
f 9682 9723 9722
f 9683 9684 9724
f 9683 9724 9723
f 9684 9685 9725
f 9684 9725 9724
f 9685 9686 9726
f 9685 9726 9725
f 9686 9687 9727
f 9686 9727 9726
f 9687 9688 9728
f 9687 9728 9727
f 9688 9689 9729
f 9688 9729 9728
f 9689 9690 9730
f 9689 9730 9729
f 9690 9691 9731
f 9690 9731 9730
f 9691 9692 9732
f 9691 9732 9731
f 9692 9693 9733
f 9692 9733 9732
f 9693 9694 9734
f 9693 9734 9733
f 9694 9695 9735
f 9694 9735 9734
f 9695 9696 9736
f 9695 9736 9735
f 9696 9697 9737
f 9696 9737 9736
f 9697 9698 9738
f 9697 9738 9737
f 9698 9699 9739
f 9698 9739 9738
f 9699 9700 9740
f 9699 9740 9739
f 9700 9701 9741
f 9700 9741 9740
f 9701 9702 9742
f 9701 9742 9741
f 9702 9703 9743
f 9702 9743 9742
f 9703 9704 9744
f 9703 9744 9743
f 9704 9705 9745
f 9704 9745 9744
f 9705 9706 9746
f 9705 9746 9745
f 9706 9707 9747
f 9706 9747 9746
f 9707 9708 9748
f 9707 9748 9747
f 9708 9709 9749
f 9708 9749 9748
f 9709 9710 9750
f 9709 9750 9749
f 9710 9711 9751
f 9710 9751 9750
f 9711 9712 9752
f 9711 9752 9751
f 9712 9713 9753
f 9712 9753 9752
f 9713 9714 9754
f 9713 9754 9753
f 9714 9715 9755
f 9714 9755 9754
f 9715 9716 9756
f 9715 9756 9755
f 9716 9717 9757
f 9716 9757 9756
f 9717 9718 9758
f 9717 9758 9757
f 9718 9719 9759
f 9718 9759 9758
f 9719 9720 9760
f 9719 9760 9759
f 9720 9681 9721
f 9720 9721 9760
f 9721 9722 9762
f 9721 9762 9761
f 9722 9723 9763
f 9722 9763 9762
f 9723 9724 9764
f 9723 9764 9763
f 9724 9725 9765
f 9724 9765 9764
f 9725 9726 9766
f 9725 9766 9765
f 9726 9727 9767
f 9726 9767 9766
f 9727 9728 9768
f 9727 9768 9767
f 9728 9729 9769
f 9728 9769 9768
f 9729 9730 9770
f 9729 9770 9769
f 9730 9731 9771
f 9730 9771 9770
f 9731 9732 9772
f 9731 9772 9771
f 9732 9733 9773
f 9732 9773 9772
f 9733 9734 9774
f 9733 9774 9773
f 9734 9735 9775
f 9734 9775 9774
f 9735 9736 9776
f 9735 9776 9775
f 9736 9737 9777
f 9736 9777 9776
f 9737 9738 9778
f 9737 9778 9777
f 9738 9739 9779
f 9738 9779 9778
f 9739 9740 9780
f 9739 9780 9779
f 9740 9741 9781
f 9740 9781 9780
f 9741 9742 9782
f 9741 9782 9781
f 9742 9743 9783
f 9742 9783 9782
f 9743 9744 9784
f 9743 9784 9783
f 9744 9745 9785
f 9744 9785 9784
f 9745 9746 9786
f 9745 9786 9785
f 9746 9747 9787
f 9746 9787 9786
f 9747 9748 9788
f 9747 9788 9787
f 9748 9749 9789
f 9748 9789 9788
f 9749 9750 9790
f 9749 9790 9789
f 9750 9751 9791
f 9750 9791 9790
f 9751 9752 9792
f 9751 9792 9791
f 9752 9753 9793
f 9752 9793 9792
f 9753 9754 9794
f 9753 9794 9793
f 9754 9755 9795
f 9754 9795 9794
f 9755 9756 9796
f 9755 9796 9795
f 9756 9757 9797
f 9756 9797 9796
f 9757 9758 9798
f 9757 9798 9797
f 9758 9759 9799
f 9758 9799 9798
f 9759 9760 9800
f 9759 9800 9799
f 9760 9721 9761
f 9760 9761 9800
f 9761 9762 9802
f 9761 9802 9801
f 9762 9763 9803
f 9762 9803 9802
f 9763 9764 9804
f 9763 9804 9803
f 9764 9765 9805
f 9764 9805 9804
f 9765 9766 9806
f 9765 9806 9805
f 9766 9767 9807
f 9766 9807 9806
f 9767 9768 9808
f 9767 9808 9807
f 9768 9769 9809
f 9768 9809 9808
f 9769 9770 9810
f 9769 9810 9809
f 9770 9771 9811
f 9770 9811 9810
f 9771 9772 9812
f 9771 9812 9811
f 9772 9773 9813
f 9772 9813 9812
f 9773 9774 9814
f 9773 9814 9813
f 9774 9775 9815
f 9774 9815 9814
f 9775 9776 9816
f 9775 9816 9815
f 9776 9777 9817
f 9776 9817 9816
f 9777 9778 9818
f 9777 9818 9817
f 9778 9779 9819
f 9778 9819 9818
f 9779 9780 9820
f 9779 9820 9819
f 9780 9781 9821
f 9780 9821 9820
f 9781 9782 9822
f 9781 9822 9821
f 9782 9783 9823
f 9782 9823 9822
f 9783 9784 9824
f 9783 9824 9823
f 9784 9785 9825
f 9784 9825 9824
f 9785 9786 9826
f 9785 9826 9825
f 9786 9787 9827
f 9786 9827 9826
f 9787 9788 9828
f 9787 9828 9827
f 9788 9789 9829
f 9788 9829 9828
f 9789 9790 9830
f 9789 9830 9829
f 9790 9791 9831
f 9790 9831 9830
f 9791 9792 9832
f 9791 9832 9831
f 9792 9793 9833
f 9792 9833 9832
f 9793 9794 9834
f 9793 9834 9833
f 9794 9795 9835
f 9794 9835 9834
f 9795 9796 9836
f 9795 9836 9835
f 9796 9797 9837
f 9796 9837 9836
f 9797 9798 9838
f 9797 9838 9837
f 9798 9799 9839
f 9798 9839 9838
f 9799 9800 9840
f 9799 9840 9839
f 9800 9761 9801
f 9800 9801 9840
f 9842 9841 9880
f 9843 9842 9880
f 9844 9843 9880
f 9845 9844 9880
f 9846 9845 9880
f 9847 9846 9880
f 9848 9847 9880
f 9849 9848 9880
f 9850 9849 9880
f 9851 9850 9880
f 9852 9851 9880
f 9853 9852 9880
f 9854 9853 9880
f 9855 9854 9880
f 9856 9855 9880
f 9857 9856 9880
f 9858 9857 9880
f 9859 9858 9880
f 9860 9859 9880
f 9861 9860 9880
f 9862 9861 9880
f 9863 9862 9880
f 9864 9863 9880
f 9865 9864 9880
f 9866 9865 9880
f 9867 9866 9880
f 9868 9867 9880
f 9869 9868 9880
f 9870 9869 9880
f 9871 9870 9880
f 9872 9871 9880
f 9873 9872 9880
f 9874 9873 9880
f 9875 9874 9880
f 9876 9875 9880
f 9877 9876 9880
f 9878 9877 9880
f 9880 9879 9878
f 9920 9881 9882
f 9920 9882 9883
f 9920 9883 9884
f 9920 9884 9885
f 9920 9885 9886
f 9920 9886 9887
f 9920 9887 9888
f 9920 9888 9889
f 9920 9889 9890
f 9920 9890 9891
f 9920 9891 9892
f 9920 9892 9893
f 9920 9893 9894
f 9920 9894 9895
f 9920 9895 9896
f 9920 9896 9897
f 9920 9897 9898
f 9920 9898 9899
f 9920 9899 9900
f 9920 9900 9901
f 9920 9901 9902
f 9920 9902 9903
f 9920 9903 9904
f 9920 9904 9905
f 9920 9905 9906
f 9920 9906 9907
f 9920 9907 9908
f 9920 9908 9909
f 9920 9909 9910
f 9920 9910 9911
f 9920 9911 9912
f 9920 9912 9913
f 9920 9913 9914
f 9920 9914 9915
f 9920 9915 9916
f 9920 9916 9917
f 9920 9917 9918
f 9918 9919 9920
o serpent_rounded_rim
usemtl serpent_base
v 1.780000 0.105000 -0.385000
v 1.778584 0.105000 -0.402990
v 1.774371 0.105000 -0.420537
v 1.767466 0.105000 -0.437209
v 1.758037 0.105000 -0.452595
v 1.746317 0.105000 -0.466317
v 1.732595 0.105000 -0.478037
v 1.717209 0.105000 -0.487466
v 1.700537 0.105000 -0.494371
v 1.682990 0.105000 -0.498584
v 0.895000 0.105000 -0.500000
v 0.877010 0.105000 -0.498584
v 0.859463 0.105000 -0.494371
v 0.842791 0.105000 -0.487466
v 0.827405 0.105000 -0.478037
v 0.813683 0.105000 -0.466317
v 0.801963 0.105000 -0.452595
v 0.792534 0.105000 -0.437209
v 0.785629 0.105000 -0.420537
v 0.781416 0.105000 -0.402990
v 0.780000 0.105000 0.385000
v 0.781416 0.105000 0.402990
v 0.785629 0.105000 0.420537
v 0.792534 0.105000 0.437209
v 0.801963 0.105000 0.452595
v 0.813683 0.105000 0.466317
v 0.827405 0.105000 0.478037
v 0.842791 0.105000 0.487466
v 0.859463 0.105000 0.494371
v 0.877010 0.105000 0.498584
v 1.665000 0.105000 0.500000
v 1.682990 0.105000 0.498584
v 1.700537 0.105000 0.494371
v 1.717209 0.105000 0.487466
v 1.732595 0.105000 0.478037
v 1.746317 0.105000 0.466317
v 1.758037 0.105000 0.452595
v 1.767466 0.105000 0.437209
v 1.774371 0.105000 0.420537
v 1.778584 0.105000 0.402990
v 1.780000 0.230000 -0.385000
v 1.778584 0.230000 -0.402990
v 1.774371 0.230000 -0.420537
v 1.767466 0.230000 -0.437209
v 1.758037 0.230000 -0.452595
v 1.746317 0.230000 -0.466317
v 1.732595 0.230000 -0.478037
v 1.717209 0.230000 -0.487466
v 1.700537 0.230000 -0.494371
v 1.682990 0.230000 -0.498584
v 0.895000 0.230000 -0.500000
v 0.877010 0.230000 -0.498584
v 0.859463 0.230000 -0.494371
v 0.842791 0.230000 -0.487466
v 0.827405 0.230000 -0.478037
v 0.813683 0.230000 -0.466317
v 0.801963 0.230000 -0.452595
v 0.792534 0.230000 -0.437209
v 0.785629 0.230000 -0.420537
v 0.781416 0.230000 -0.402990
v 0.780000 0.230000 0.385000
v 0.781416 0.230000 0.402990
v 0.785629 0.230000 0.420537
v 0.792534 0.230000 0.437209
v 0.801963 0.230000 0.452595
v 0.813683 0.230000 0.466317
v 0.827405 0.230000 0.478037
v 0.842791 0.230000 0.487466
v 0.859463 0.230000 0.494371
v 0.877010 0.230000 0.498584
v 1.665000 0.230000 0.500000
v 1.682990 0.230000 0.498584
v 1.700537 0.230000 0.494371
v 1.717209 0.230000 0.487466
v 1.732595 0.230000 0.478037
v 1.746317 0.230000 0.466317
v 1.758037 0.230000 0.452595
v 1.767466 0.230000 0.437209
v 1.774371 0.230000 0.420537
v 1.778584 0.230000 0.402990
v 1.775500 0.245000 -0.385500
v 1.774146 0.245000 -0.402708
v 1.770116 0.245000 -0.419492
v 1.763511 0.245000 -0.435439
v 1.754492 0.245000 -0.450156
v 1.743282 0.245000 -0.463282
v 1.730156 0.245000 -0.474492
v 1.715439 0.245000 -0.483511
v 1.699492 0.245000 -0.490116
v 1.682708 0.245000 -0.494146
v 0.894500 0.245000 -0.495500
v 0.877292 0.245000 -0.494146
v 0.860508 0.245000 -0.490116
v 0.844561 0.245000 -0.483511
v 0.829844 0.245000 -0.474492
v 0.816718 0.245000 -0.463282
v 0.805508 0.245000 -0.450156
v 0.796489 0.245000 -0.435439
v 0.789884 0.245000 -0.419492
v 0.785854 0.245000 -0.402708
v 0.784500 0.245000 0.385500
v 0.785854 0.245000 0.402708
v 0.789884 0.245000 0.419492
v 0.796489 0.245000 0.435439
v 0.805508 0.245000 0.450156
v 0.816718 0.245000 0.463282
v 0.829844 0.245000 0.474492
v 0.844561 0.245000 0.483511
v 0.860508 0.245000 0.490116
v 0.877292 0.245000 0.494146
v 1.665500 0.245000 0.495500
v 1.682708 0.245000 0.494146
v 1.699492 0.245000 0.490116
v 1.715439 0.245000 0.483511
v 1.730156 0.245000 0.474492
v 1.743282 0.245000 0.463282
v 1.754492 0.245000 0.450156
v 1.763511 0.245000 0.435439
v 1.770116 0.245000 0.419492
v 1.774146 0.245000 0.402708
v 1.765000 0.253000 -0.382000
v 1.763732 0.253000 -0.398113
v 1.759959 0.253000 -0.413829
v 1.753774 0.253000 -0.428761
v 1.745329 0.253000 -0.442542
v 1.734832 0.253000 -0.454832
v 1.722542 0.253000 -0.465329
v 1.708761 0.253000 -0.473774
v 1.693829 0.253000 -0.479959
v 1.678113 0.253000 -0.483732
v 0.898000 0.253000 -0.485000
v 0.881887 0.253000 -0.483732
v 0.866171 0.253000 -0.479959
v 0.851239 0.253000 -0.473774
v 0.837458 0.253000 -0.465329
v 0.825168 0.253000 -0.454832
v 0.814671 0.253000 -0.442542
v 0.806226 0.253000 -0.428761
v 0.800041 0.253000 -0.413829
v 0.796268 0.253000 -0.398113
v 0.795000 0.253000 0.382000
v 0.796268 0.253000 0.398113
v 0.800041 0.253000 0.413829
v 0.806226 0.253000 0.428761
v 0.814671 0.253000 0.442542
v 0.825168 0.253000 0.454832
v 0.837458 0.253000 0.465329
v 0.851239 0.253000 0.473774
v 0.866171 0.253000 0.479959
v 0.881887 0.253000 0.483732
v 1.662000 0.253000 0.485000
v 1.678113 0.253000 0.483732
v 1.693829 0.253000 0.479959
v 1.708761 0.253000 0.473774
v 1.722542 0.253000 0.465329
v 1.734832 0.253000 0.454832
v 1.745329 0.253000 0.442542
v 1.753774 0.253000 0.428761
v 1.759959 0.253000 0.413829
v 1.763732 0.253000 0.398113
v 1.699000 0.253000 -0.329000
v 1.697892 0.253000 -0.343079
v 1.694595 0.253000 -0.356812
v 1.689191 0.253000 -0.369859
v 1.681812 0.253000 -0.381901
v 1.672640 0.253000 -0.392640
v 1.661901 0.253000 -0.401812
v 1.649859 0.253000 -0.409191
v 1.636812 0.253000 -0.414595
v 1.623079 0.253000 -0.417892
v 0.951000 0.253000 -0.419000
v 0.936921 0.253000 -0.417892
v 0.923188 0.253000 -0.414595
v 0.910141 0.253000 -0.409191
v 0.898099 0.253000 -0.401812
v 0.887360 0.253000 -0.392640
v 0.878188 0.253000 -0.381901
v 0.870809 0.253000 -0.369859
v 0.865405 0.253000 -0.356812
v 0.862108 0.253000 -0.343079
v 0.861000 0.253000 0.329000
v 0.862108 0.253000 0.343079
v 0.865405 0.253000 0.356812
v 0.870809 0.253000 0.369859
v 0.878188 0.253000 0.381901
v 0.887360 0.253000 0.392640
v 0.898099 0.253000 0.401812
v 0.910141 0.253000 0.409191
v 0.923188 0.253000 0.414595
v 0.936921 0.253000 0.417892
v 1.609000 0.253000 0.419000
v 1.623079 0.253000 0.417892
v 1.636812 0.253000 0.414595
v 1.649859 0.253000 0.409191
v 1.661901 0.253000 0.401812
v 1.672640 0.253000 0.392640
v 1.681812 0.253000 0.381901
v 1.689191 0.253000 0.369859
v 1.694595 0.253000 0.356812
v 1.697892 0.253000 0.343079
v 1.690500 0.246000 -0.326500
v 1.689466 0.246000 -0.339640
v 1.686389 0.246000 -0.352457
v 1.681345 0.246000 -0.364635
v 1.674457 0.246000 -0.375874
v 1.665897 0.246000 -0.385897
v 1.655874 0.246000 -0.394457
v 1.644635 0.246000 -0.401345
v 1.632457 0.246000 -0.406389
v 1.619640 0.246000 -0.409466
v 0.953500 0.246000 -0.410500
v 0.940360 0.246000 -0.409466
v 0.927543 0.246000 -0.406389
v 0.915365 0.246000 -0.401345
v 0.904126 0.246000 -0.394457
v 0.894103 0.246000 -0.385897
v 0.885543 0.246000 -0.375874
v 0.878655 0.246000 -0.364635
v 0.873611 0.246000 -0.352457
v 0.870534 0.246000 -0.339640
v 0.869500 0.246000 0.326500
v 0.870534 0.246000 0.339640
v 0.873611 0.246000 0.352457
v 0.878655 0.246000 0.364635
v 0.885543 0.246000 0.375874
v 0.894103 0.246000 0.385897
v 0.904126 0.246000 0.394457
v 0.915365 0.246000 0.401345
v 0.927543 0.246000 0.406389
v 0.940360 0.246000 0.409466
v 1.606500 0.246000 0.410500
v 1.619640 0.246000 0.409466
v 1.632457 0.246000 0.406389
v 1.644635 0.246000 0.401345
v 1.655874 0.246000 0.394457
v 1.665897 0.246000 0.385897
v 1.674457 0.246000 0.375874
v 1.681345 0.246000 0.364635
v 1.686389 0.246000 0.352457
v 1.689466 0.246000 0.339640
v 1.686000 0.232000 -0.326000
v 1.685015 0.232000 -0.338515
v 1.682085 0.232000 -0.350721
v 1.677281 0.232000 -0.362319
v 1.670721 0.232000 -0.373023
v 1.662569 0.232000 -0.382569
v 1.653023 0.232000 -0.390721
v 1.642319 0.232000 -0.397281
v 1.630721 0.232000 -0.402085
v 1.618515 0.232000 -0.405015
v 0.954000 0.232000 -0.406000
v 0.941485 0.232000 -0.405015
v 0.929279 0.232000 -0.402085
v 0.917681 0.232000 -0.397281
v 0.906977 0.232000 -0.390721
v 0.897431 0.232000 -0.382569
v 0.889279 0.232000 -0.373023
v 0.882719 0.232000 -0.362319
v 0.877915 0.232000 -0.350721
v 0.874985 0.232000 -0.338515
v 0.874000 0.232000 0.326000
v 0.874985 0.232000 0.338515
v 0.877915 0.232000 0.350721
v 0.882719 0.232000 0.362319
v 0.889279 0.232000 0.373023
v 0.897431 0.232000 0.382569
v 0.906977 0.232000 0.390721
v 0.917681 0.232000 0.397281
v 0.929279 0.232000 0.402085
v 0.941485 0.232000 0.405015
v 1.606000 0.232000 0.406000
v 1.618515 0.232000 0.405015
v 1.630721 0.232000 0.402085
v 1.642319 0.232000 0.397281
v 1.653023 0.232000 0.390721
v 1.662569 0.232000 0.382569
v 1.670721 0.232000 0.373023
v 1.677281 0.232000 0.362319
v 1.682085 0.232000 0.350721
v 1.685015 0.232000 0.338515
v 1.686000 0.156000 -0.326000
v 1.685015 0.156000 -0.338515
v 1.682085 0.156000 -0.350721
v 1.677281 0.156000 -0.362319
v 1.670721 0.156000 -0.373023
v 1.662569 0.156000 -0.382569
v 1.653023 0.156000 -0.390721
v 1.642319 0.156000 -0.397281
v 1.630721 0.156000 -0.402085
v 1.618515 0.156000 -0.405015
v 0.954000 0.156000 -0.406000
v 0.941485 0.156000 -0.405015
v 0.929279 0.156000 -0.402085
v 0.917681 0.156000 -0.397281
v 0.906977 0.156000 -0.390721
v 0.897431 0.156000 -0.382569
v 0.889279 0.156000 -0.373023
v 0.882719 0.156000 -0.362319
v 0.877915 0.156000 -0.350721
v 0.874985 0.156000 -0.338515
v 0.874000 0.156000 0.326000
v 0.874985 0.156000 0.338515
v 0.877915 0.156000 0.350721
v 0.882719 0.156000 0.362319
v 0.889279 0.156000 0.373023
v 0.897431 0.156000 0.382569
v 0.906977 0.156000 0.390721
v 0.917681 0.156000 0.397281
v 0.929279 0.156000 0.402085
v 0.941485 0.156000 0.405015
v 1.606000 0.156000 0.406000
v 1.618515 0.156000 0.405015
v 1.630721 0.156000 0.402085
v 1.642319 0.156000 0.397281
v 1.653023 0.156000 0.390721
v 1.662569 0.156000 0.382569
v 1.670721 0.156000 0.373023
v 1.677281 0.156000 0.362319
v 1.682085 0.156000 0.350721
v 1.685015 0.156000 0.338515
v 1.697500 0.146000 -0.332500
v 1.696454 0.146000 -0.345797
v 1.693340 0.146000 -0.358766
v 1.688236 0.146000 -0.371089
v 1.681266 0.146000 -0.382462
v 1.672604 0.146000 -0.392604
v 1.662462 0.146000 -0.401266
v 1.651089 0.146000 -0.408236
v 1.638766 0.146000 -0.413340
v 1.625797 0.146000 -0.416454
v 0.947500 0.146000 -0.417500
v 0.934203 0.146000 -0.416454
v 0.921234 0.146000 -0.413340
v 0.908911 0.146000 -0.408236
v 0.897538 0.146000 -0.401266
v 0.887396 0.146000 -0.392604
v 0.878734 0.146000 -0.382462
v 0.871764 0.146000 -0.371089
v 0.866660 0.146000 -0.358766
v 0.863546 0.146000 -0.345797
v 0.862500 0.146000 0.332500
v 0.863546 0.146000 0.345797
v 0.866660 0.146000 0.358766
v 0.871764 0.146000 0.371089
v 0.878734 0.146000 0.382462
v 0.887396 0.146000 0.392604
v 0.897538 0.146000 0.401266
v 0.908911 0.146000 0.408236
v 0.921234 0.146000 0.413340
v 0.934203 0.146000 0.416454
v 1.612500 0.146000 0.417500
v 1.625797 0.146000 0.416454
v 1.638766 0.146000 0.413340
v 1.651089 0.146000 0.408236
v 1.662462 0.146000 0.401266
v 1.672604 0.146000 0.392604
v 1.681266 0.146000 0.382462
v 1.688236 0.146000 0.371089
v 1.693340 0.146000 0.358766
v 1.696454 0.146000 0.345797
v 1.765000 0.146000 -0.382000
v 1.763732 0.146000 -0.398113
v 1.759959 0.146000 -0.413829
v 1.753774 0.146000 -0.428761
v 1.745329 0.146000 -0.442542
v 1.734832 0.146000 -0.454832
v 1.722542 0.146000 -0.465329
v 1.708761 0.146000 -0.473774
v 1.693829 0.146000 -0.479959
v 1.678113 0.146000 -0.483732
v 0.898000 0.146000 -0.485000
v 0.881887 0.146000 -0.483732
v 0.866171 0.146000 -0.479959
v 0.851239 0.146000 -0.473774
v 0.837458 0.146000 -0.465329
v 0.825168 0.146000 -0.454832
v 0.814671 0.146000 -0.442542
v 0.806226 0.146000 -0.428761
v 0.800041 0.146000 -0.413829
v 0.796268 0.146000 -0.398113
v 0.795000 0.146000 0.382000
v 0.796268 0.146000 0.398113
v 0.800041 0.146000 0.413829
v 0.806226 0.146000 0.428761
v 0.814671 0.146000 0.442542
v 0.825168 0.146000 0.454832
v 0.837458 0.146000 0.465329
v 0.851239 0.146000 0.473774
v 0.866171 0.146000 0.479959
v 0.881887 0.146000 0.483732
v 1.662000 0.146000 0.485000
v 1.678113 0.146000 0.483732
v 1.693829 0.146000 0.479959
v 1.708761 0.146000 0.473774
v 1.722542 0.146000 0.465329
v 1.734832 0.146000 0.454832
v 1.745329 0.146000 0.442542
v 1.753774 0.146000 0.428761
v 1.759959 0.146000 0.413829
v 1.763732 0.146000 0.398113
f 9921 9922 9962
f 9921 9962 9961
f 9922 9923 9963
f 9922 9963 9962
f 9923 9924 9964
f 9923 9964 9963
f 9924 9925 9965
f 9924 9965 9964
f 9925 9926 9966
f 9925 9966 9965
f 9926 9927 9967
f 9926 9967 9966
f 9927 9928 9968
f 9927 9968 9967
f 9928 9929 9969
f 9928 9969 9968
f 9929 9930 9970
f 9929 9970 9969
f 9930 9931 9971
f 9930 9971 9970
f 9931 9932 9972
f 9931 9972 9971
f 9932 9933 9973
f 9932 9973 9972
f 9933 9934 9974
f 9933 9974 9973
f 9934 9935 9975
f 9934 9975 9974
f 9935 9936 9976
f 9935 9976 9975
f 9936 9937 9977
f 9936 9977 9976
f 9937 9938 9978
f 9937 9978 9977
f 9938 9939 9979
f 9938 9979 9978
f 9939 9940 9980
f 9939 9980 9979
f 9940 9941 9981
f 9940 9981 9980
f 9941 9942 9982
f 9941 9982 9981
f 9942 9943 9983
f 9942 9983 9982
f 9943 9944 9984
f 9943 9984 9983
f 9944 9945 9985
f 9944 9985 9984
f 9945 9946 9986
f 9945 9986 9985
f 9946 9947 9987
f 9946 9987 9986
f 9947 9948 9988
f 9947 9988 9987
f 9948 9949 9989
f 9948 9989 9988
f 9949 9950 9990
f 9949 9990 9989
f 9950 9951 9991
f 9950 9991 9990
f 9951 9952 9992
f 9951 9992 9991
f 9952 9953 9993
f 9952 9993 9992
f 9953 9954 9994
f 9953 9994 9993
f 9954 9955 9995
f 9954 9995 9994
f 9955 9956 9996
f 9955 9996 9995
f 9956 9957 9997
f 9956 9997 9996
f 9957 9958 9998
f 9957 9998 9997
f 9958 9959 9999
f 9958 9999 9998
f 9959 9960 10000
f 9959 10000 9999
f 9960 9921 9961
f 9960 9961 10000
f 9961 9962 10002
f 9961 10002 10001
f 9962 9963 10003
f 9962 10003 10002
f 9963 9964 10004
f 9963 10004 10003
f 9964 9965 10005
f 9964 10005 10004
f 9965 9966 10006
f 9965 10006 10005
f 9966 9967 10007
f 9966 10007 10006
f 9967 9968 10008
f 9967 10008 10007
f 9968 9969 10009
f 9968 10009 10008
f 9969 9970 10010
f 9969 10010 10009
f 9970 9971 10011
f 9970 10011 10010
f 9971 9972 10012
f 9971 10012 10011
f 9972 9973 10013
f 9972 10013 10012
f 9973 9974 10014
f 9973 10014 10013
f 9974 9975 10015
f 9974 10015 10014
f 9975 9976 10016
f 9975 10016 10015
f 9976 9977 10017
f 9976 10017 10016
f 9977 9978 10018
f 9977 10018 10017
f 9978 9979 10019
f 9978 10019 10018
f 9979 9980 10020
f 9979 10020 10019
f 9980 9981 10021
f 9980 10021 10020
f 9981 9982 10022
f 9981 10022 10021
f 9982 9983 10023
f 9982 10023 10022
f 9983 9984 10024
f 9983 10024 10023
f 9984 9985 10025
f 9984 10025 10024
f 9985 9986 10026
f 9985 10026 10025
f 9986 9987 10027
f 9986 10027 10026
f 9987 9988 10028
f 9987 10028 10027
f 9988 9989 10029
f 9988 10029 10028
f 9989 9990 10030
f 9989 10030 10029
f 9990 9991 10031
f 9990 10031 10030
f 9991 9992 10032
f 9991 10032 10031
f 9992 9993 10033
f 9992 10033 10032
f 9993 9994 10034
f 9993 10034 10033
f 9994 9995 10035
f 9994 10035 10034
f 9995 9996 10036
f 9995 10036 10035
f 9996 9997 10037
f 9996 10037 10036
f 9997 9998 10038
f 9997 10038 10037
f 9998 9999 10039
f 9998 10039 10038
f 9999 10000 10040
f 9999 10040 10039
f 10000 9961 10001
f 10000 10001 10040
f 10001 10002 10042
f 10001 10042 10041
f 10002 10003 10043
f 10002 10043 10042
f 10003 10004 10044
f 10003 10044 10043
f 10004 10005 10045
f 10004 10045 10044
f 10005 10006 10046
f 10005 10046 10045
f 10006 10007 10047
f 10006 10047 10046
f 10007 10008 10048
f 10007 10048 10047
f 10008 10009 10049
f 10008 10049 10048
f 10009 10010 10050
f 10009 10050 10049
f 10010 10011 10051
f 10010 10051 10050
f 10011 10012 10052
f 10011 10052 10051
f 10012 10013 10053
f 10012 10053 10052
f 10013 10014 10054
f 10013 10054 10053
f 10014 10015 10055
f 10014 10055 10054
f 10015 10016 10056
f 10015 10056 10055
f 10016 10017 10057
f 10016 10057 10056
f 10017 10018 10058
f 10017 10058 10057
f 10018 10019 10059
f 10018 10059 10058
f 10019 10020 10060
f 10019 10060 10059
f 10020 10021 10061
f 10020 10061 10060
f 10021 10022 10062
f 10021 10062 10061
f 10022 10023 10063
f 10022 10063 10062
f 10023 10024 10064
f 10023 10064 10063
f 10024 10025 10065
f 10024 10065 10064
f 10025 10026 10066
f 10025 10066 10065
f 10026 10027 10067
f 10026 10067 10066
f 10027 10028 10068
f 10027 10068 10067
f 10028 10029 10069
f 10028 10069 10068
f 10029 10030 10070
f 10029 10070 10069
f 10030 10031 10071
f 10030 10071 10070
f 10031 10032 10072
f 10031 10072 10071
f 10032 10033 10073
f 10032 10073 10072
f 10033 10034 10074
f 10033 10074 10073
f 10034 10035 10075
f 10034 10075 10074
f 10035 10036 10076
f 10035 10076 10075
f 10036 10037 10077
f 10036 10077 10076
f 10037 10038 10078
f 10037 10078 10077
f 10038 10039 10079
f 10038 10079 10078
f 10039 10040 10080
f 10039 10080 10079
f 10040 10001 10041
f 10040 10041 10080
f 10041 10042 10082
f 10041 10082 10081
f 10042 10043 10083
f 10042 10083 10082
f 10043 10044 10084
f 10043 10084 10083
f 10044 10045 10085
f 10044 10085 10084
f 10045 10046 10086
f 10045 10086 10085
f 10046 10047 10087
f 10046 10087 10086
f 10047 10048 10088
f 10047 10088 10087
f 10048 10049 10089
f 10048 10089 10088
f 10049 10050 10090
f 10049 10090 10089
f 10050 10051 10091
f 10050 10091 10090
f 10051 10052 10092
f 10051 10092 10091
f 10052 10053 10093
f 10052 10093 10092
f 10053 10054 10094
f 10053 10094 10093
f 10054 10055 10095
f 10054 10095 10094
f 10055 10056 10096
f 10055 10096 10095
f 10056 10057 10097
f 10056 10097 10096
f 10057 10058 10098
f 10057 10098 10097
f 10058 10059 10099
f 10058 10099 10098
f 10059 10060 10100
f 10059 10100 10099
f 10060 10061 10101
f 10060 10101 10100
f 10061 10062 10102
f 10061 10102 10101
f 10062 10063 10103
f 10062 10103 10102
f 10063 10064 10104
f 10063 10104 10103
f 10064 10065 10105
f 10064 10105 10104
f 10065 10066 10106
f 10065 10106 10105
f 10066 10067 10107
f 10066 10107 10106
f 10067 10068 10108
f 10067 10108 10107
f 10068 10069 10109
f 10068 10109 10108
f 10069 10070 10110
f 10069 10110 10109
f 10070 10071 10111
f 10070 10111 10110
f 10071 10072 10112
f 10071 10112 10111
f 10072 10073 10113
f 10072 10113 10112
f 10073 10074 10114
f 10073 10114 10113
f 10074 10075 10115
f 10074 10115 10114
f 10075 10076 10116
f 10075 10116 10115
f 10076 10077 10117
f 10076 10117 10116
f 10077 10078 10118
f 10077 10118 10117
f 10078 10079 10119
f 10078 10119 10118
f 10079 10080 10120
f 10079 10120 10119
f 10080 10041 10081
f 10080 10081 10120
f 10081 10082 10122
f 10081 10122 10121
f 10082 10083 10123
f 10082 10123 10122
f 10083 10084 10124
f 10083 10124 10123
f 10084 10085 10125
f 10084 10125 10124
f 10085 10086 10126
f 10085 10126 10125
f 10086 10087 10127
f 10086 10127 10126
f 10087 10088 10128
f 10087 10128 10127
f 10088 10089 10129
f 10088 10129 10128
f 10089 10090 10130
f 10089 10130 10129
f 10090 10091 10131
f 10090 10131 10130
f 10091 10092 10132
f 10091 10132 10131
f 10092 10093 10133
f 10092 10133 10132
f 10093 10094 10134
f 10093 10134 10133
f 10094 10095 10135
f 10094 10135 10134
f 10095 10096 10136
f 10095 10136 10135
f 10096 10097 10137
f 10096 10137 10136
f 10097 10098 10138
f 10097 10138 10137
f 10098 10099 10139
f 10098 10139 10138
f 10099 10100 10140
f 10099 10140 10139
f 10100 10101 10141
f 10100 10141 10140
f 10101 10102 10142
f 10101 10142 10141
f 10102 10103 10143
f 10102 10143 10142
f 10103 10104 10144
f 10103 10144 10143
f 10104 10105 10145
f 10104 10145 10144
f 10105 10106 10146
f 10105 10146 10145
f 10106 10107 10147
f 10106 10147 10146
f 10107 10108 10148
f 10107 10148 10147
f 10108 10109 10149
f 10108 10149 10148
f 10109 10110 10150
f 10109 10150 10149
f 10110 10111 10151
f 10110 10151 10150
f 10111 10112 10152
f 10111 10152 10151
f 10112 10113 10153
f 10112 10153 10152
f 10113 10114 10154
f 10113 10154 10153
f 10114 10115 10155
f 10114 10155 10154
f 10115 10116 10156
f 10115 10156 10155
f 10116 10117 10157
f 10116 10157 10156
f 10117 10118 10158
f 10117 10158 10157
f 10118 10119 10159
f 10118 10159 10158
f 10119 10120 10160
f 10119 10160 10159
f 10120 10081 10121
f 10120 10121 10160
f 10121 10122 10162
f 10121 10162 10161
f 10122 10123 10163
f 10122 10163 10162
f 10123 10124 10164
f 10123 10164 10163
f 10124 10125 10165
f 10124 10165 10164
f 10125 10126 10166
f 10125 10166 10165
f 10126 10127 10167
f 10126 10167 10166
f 10127 10128 10168
f 10127 10168 10167
f 10128 10129 10169
f 10128 10169 10168
f 10129 10130 10170
f 10129 10170 10169
f 10130 10131 10171
f 10130 10171 10170
f 10131 10132 10172
f 10131 10172 10171
f 10132 10133 10173
f 10132 10173 10172
f 10133 10134 10174
f 10133 10174 10173
f 10134 10135 10175
f 10134 10175 10174
f 10135 10136 10176
f 10135 10176 10175
f 10136 10137 10177
f 10136 10177 10176
f 10137 10138 10178
f 10137 10178 10177
f 10138 10139 10179
f 10138 10179 10178
f 10139 10140 10180
f 10139 10180 10179
f 10140 10141 10181
f 10140 10181 10180
f 10141 10142 10182
f 10141 10182 10181
f 10142 10143 10183
f 10142 10183 10182
f 10143 10144 10184
f 10143 10184 10183
f 10144 10145 10185
f 10144 10185 10184
f 10145 10146 10186
f 10145 10186 10185
f 10146 10147 10187
f 10146 10187 10186
f 10147 10148 10188
f 10147 10188 10187
f 10148 10149 10189
f 10148 10189 10188
f 10149 10150 10190
f 10149 10190 10189
f 10150 10151 10191
f 10150 10191 10190
f 10151 10152 10192
f 10151 10192 10191
f 10152 10153 10193
f 10152 10193 10192
f 10153 10154 10194
f 10153 10194 10193
f 10154 10155 10195
f 10154 10195 10194
f 10155 10156 10196
f 10155 10196 10195
f 10156 10157 10197
f 10156 10197 10196
f 10157 10158 10198
f 10157 10198 10197
f 10158 10159 10199
f 10158 10199 10198
f 10159 10160 10200
f 10159 10200 10199
f 10160 10121 10161
f 10160 10161 10200
f 10161 10162 10202
f 10161 10202 10201
f 10162 10163 10203
f 10162 10203 10202
f 10163 10164 10204
f 10163 10204 10203
f 10164 10165 10205
f 10164 10205 10204
f 10165 10166 10206
f 10165 10206 10205
f 10166 10167 10207
f 10166 10207 10206
f 10167 10168 10208
f 10167 10208 10207
f 10168 10169 10209
f 10168 10209 10208
f 10169 10170 10210
f 10169 10210 10209
f 10170 10171 10211
f 10170 10211 10210
f 10171 10172 10212
f 10171 10212 10211
f 10172 10173 10213
f 10172 10213 10212
f 10173 10174 10214
f 10173 10214 10213
f 10174 10175 10215
f 10174 10215 10214
f 10175 10176 10216
f 10175 10216 10215
f 10176 10177 10217
f 10176 10217 10216
f 10177 10178 10218
f 10177 10218 10217
f 10178 10179 10219
f 10178 10219 10218
f 10179 10180 10220
f 10179 10220 10219
f 10180 10181 10221
f 10180 10221 10220
f 10181 10182 10222
f 10181 10222 10221
f 10182 10183 10223
f 10182 10223 10222
f 10183 10184 10224
f 10183 10224 10223
f 10184 10185 10225
f 10184 10225 10224
f 10185 10186 10226
f 10185 10226 10225
f 10186 10187 10227
f 10186 10227 10226
f 10187 10188 10228
f 10187 10228 10227
f 10188 10189 10229
f 10188 10229 10228
f 10189 10190 10230
f 10189 10230 10229
f 10190 10191 10231
f 10190 10231 10230
f 10191 10192 10232
f 10191 10232 10231
f 10192 10193 10233
f 10192 10233 10232
f 10193 10194 10234
f 10193 10234 10233
f 10194 10195 10235
f 10194 10235 10234
f 10195 10196 10236
f 10195 10236 10235
f 10196 10197 10237
f 10196 10237 10236
f 10197 10198 10238
f 10197 10238 10237
f 10198 10199 10239
f 10198 10239 10238
f 10199 10200 10240
f 10199 10240 10239
f 10200 10161 10201
f 10200 10201 10240
f 10201 10202 10242
f 10201 10242 10241
f 10202 10203 10243
f 10202 10243 10242
f 10203 10204 10244
f 10203 10244 10243
f 10204 10205 10245
f 10204 10245 10244
f 10205 10206 10246
f 10205 10246 10245
f 10206 10207 10247
f 10206 10247 10246
f 10207 10208 10248
f 10207 10248 10247
f 10208 10209 10249
f 10208 10249 10248
f 10209 10210 10250
f 10209 10250 10249
f 10210 10211 10251
f 10210 10251 10250
f 10211 10212 10252
f 10211 10252 10251
f 10212 10213 10253
f 10212 10253 10252
f 10213 10214 10254
f 10213 10254 10253
f 10214 10215 10255
f 10214 10255 10254
f 10215 10216 10256
f 10215 10256 10255
f 10216 10217 10257
f 10216 10257 10256
f 10217 10218 10258
f 10217 10258 10257
f 10218 10219 10259
f 10218 10259 10258
f 10219 10220 10260
f 10219 10260 10259
f 10220 10221 10261
f 10220 10261 10260
f 10221 10222 10262
f 10221 10262 10261
f 10222 10223 10263
f 10222 10263 10262
f 10223 10224 10264
f 10223 10264 10263
f 10224 10225 10265
f 10224 10265 10264
f 10225 10226 10266
f 10225 10266 10265
f 10226 10227 10267
f 10226 10267 10266
f 10227 10228 10268
f 10227 10268 10267
f 10228 10229 10269
f 10228 10269 10268
f 10229 10230 10270
f 10229 10270 10269
f 10230 10231 10271
f 10230 10271 10270
f 10231 10232 10272
f 10231 10272 10271
f 10232 10233 10273
f 10232 10273 10272
f 10233 10234 10274
f 10233 10274 10273
f 10234 10235 10275
f 10234 10275 10274
f 10235 10236 10276
f 10235 10276 10275
f 10236 10237 10277
f 10236 10277 10276
f 10237 10238 10278
f 10237 10278 10277
f 10238 10239 10279
f 10238 10279 10278
f 10239 10240 10280
f 10239 10280 10279
f 10240 10201 10241
f 10240 10241 10280
f 10241 10242 10282
f 10241 10282 10281
f 10242 10243 10283
f 10242 10283 10282
f 10243 10244 10284
f 10243 10284 10283
f 10244 10245 10285
f 10244 10285 10284
f 10245 10246 10286
f 10245 10286 10285
f 10246 10247 10287
f 10246 10287 10286
f 10247 10248 10288
f 10247 10288 10287
f 10248 10249 10289
f 10248 10289 10288
f 10249 10250 10290
f 10249 10290 10289
f 10250 10251 10291
f 10250 10291 10290
f 10251 10252 10292
f 10251 10292 10291
f 10252 10253 10293
f 10252 10293 10292
f 10253 10254 10294
f 10253 10294 10293
f 10254 10255 10295
f 10254 10295 10294
f 10255 10256 10296
f 10255 10296 10295
f 10256 10257 10297
f 10256 10297 10296
f 10257 10258 10298
f 10257 10298 10297
f 10258 10259 10299
f 10258 10299 10298
f 10259 10260 10300
f 10259 10300 10299
f 10260 10261 10301
f 10260 10301 10300
f 10261 10262 10302
f 10261 10302 10301
f 10262 10263 10303
f 10262 10303 10302
f 10263 10264 10304
f 10263 10304 10303
f 10264 10265 10305
f 10264 10305 10304
f 10265 10266 10306
f 10265 10306 10305
f 10266 10267 10307
f 10266 10307 10306
f 10267 10268 10308
f 10267 10308 10307
f 10268 10269 10309
f 10268 10309 10308
f 10269 10270 10310
f 10269 10310 10309
f 10270 10271 10311
f 10270 10311 10310
f 10271 10272 10312
f 10271 10312 10311
f 10272 10273 10313
f 10272 10313 10312
f 10273 10274 10314
f 10273 10314 10313
f 10274 10275 10315
f 10274 10315 10314
f 10275 10276 10316
f 10275 10316 10315
f 10276 10277 10317
f 10276 10317 10316
f 10277 10278 10318
f 10277 10318 10317
f 10278 10279 10319
f 10278 10319 10318
f 10279 10280 10320
f 10279 10320 10319
f 10280 10241 10281
f 10280 10281 10320
f 10281 10282 9922
f 10281 9922 9921
f 10282 10283 9923
f 10282 9923 9922
f 10283 10284 9924
f 10283 9924 9923
f 10284 10285 9925
f 10284 9925 9924
f 10285 10286 9926
f 10285 9926 9925
f 10286 10287 9927
f 10286 9927 9926
f 10287 10288 9928
f 10287 9928 9927
f 10288 10289 9929
f 10288 9929 9928
f 10289 10290 9930
f 10289 9930 9929
f 10290 10291 9931
f 10290 9931 9930
f 10291 10292 9932
f 10291 9932 9931
f 10292 10293 9933
f 10292 9933 9932
f 10293 10294 9934
f 10293 9934 9933
f 10294 10295 9935
f 10294 9935 9934
f 10295 10296 9936
f 10295 9936 9935
f 10296 10297 9937
f 10296 9937 9936
f 10297 10298 9938
f 10297 9938 9937
f 10298 10299 9939
f 10298 9939 9938
f 10299 10300 9940
f 10299 9940 9939
f 10300 10301 9941
f 10300 9941 9940
f 10301 10302 9942
f 10301 9942 9941
f 10302 10303 9943
f 10302 9943 9942
f 10303 10304 9944
f 10303 9944 9943
f 10304 10305 9945
f 10304 9945 9944
f 10305 10306 9946
f 10305 9946 9945
f 10306 10307 9947
f 10306 9947 9946
f 10307 10308 9948
f 10307 9948 9947
f 10308 10309 9949
f 10308 9949 9948
f 10309 10310 9950
f 10309 9950 9949
f 10310 10311 9951
f 10310 9951 9950
f 10311 10312 9952
f 10311 9952 9951
f 10312 10313 9953
f 10312 9953 9952
f 10313 10314 9954
f 10313 9954 9953
f 10314 10315 9955
f 10314 9955 9954
f 10315 10316 9956
f 10315 9956 9955
f 10316 10317 9957
f 10316 9957 9956
f 10317 10318 9958
f 10317 9958 9957
f 10318 10319 9959
f 10318 9959 9958
f 10319 10320 9960
f 10319 9960 9959
f 10320 10281 9921
f 10320 9921 9960
o serpent_snake
usemtl serpent_relief
v 1.496504 0.164000 -0.191810
v 1.476624 0.164000 -0.228455
v 1.446503 0.164000 -0.261411
v 1.410814 0.164000 -0.285368
v 1.370994 0.164000 -0.300766
v 1.328584 0.164000 -0.307928
v 1.285235 0.164000 -0.307167
v 1.242662 0.164000 -0.298841
v 1.202594 0.164000 -0.283370
v 1.167044 0.164000 -0.261421
v 1.124148 0.164000 -0.215277
v 1.102417 0.164000 -0.173461
v 1.098215 0.164000 -0.136149
v 1.108217 0.164000 -0.101912
v 1.130532 0.164000 -0.069822
v 1.163086 0.164000 -0.040176
v 1.203160 0.164000 -0.013496
v 1.247804 0.164000 0.009882
v 1.294499 0.164000 0.029961
v 1.343354 0.164000 0.052749
v 1.376675 0.164000 0.077251
v 1.395470 0.164000 0.103304
v 1.399608 0.164000 0.130207
v 1.389706 0.164000 0.154369
v 1.369679 0.164000 0.173207
v 1.342608 0.164000 0.186610
v 1.310320 0.164000 0.194425
v 1.274495 0.164000 0.196034
v 1.238048 0.164000 0.191036
v 1.208483 0.164000 0.180688
v 1.184510 0.164000 0.166993
v 1.164641 0.164000 0.152134
v 1.147248 0.164000 0.138182
v 1.130778 0.164000 0.126902
v 1.113629 0.164000 0.119519
v 1.093534 0.164000 0.116927
v 1.068952 0.164000 0.120537
v 1.050074 0.164000 0.132686
v 1.040038 0.164000 0.148494
v 1.037453 0.164000 0.167718
v 1.042233 0.164000 0.190055
v 1.054365 0.164000 0.213944
v 1.073310 0.164000 0.237505
v 1.098271 0.164000 0.258980
v 1.128376 0.164000 0.276748
v 1.163086 0.164000 0.289417
v 1.226975 0.164000 0.303535
v 1.290109 0.164000 0.304717
v 1.350306 0.164000 0.294510
v 1.404868 0.164000 0.274441
v 1.451088 0.164000 0.246147
v 1.486348 0.164000 0.211413
v 1.508330 0.164000 0.172080
v 1.515163 0.164000 0.129570
v 1.504622 0.164000 0.083945
v 1.487429 0.164000 0.052427
v 1.464369 0.164000 0.025294
v 1.436755 0.164000 0.001991
v 1.405916 0.164000 -0.018137
v 1.373282 0.164000 -0.035742
v 1.340316 0.164000 -0.051528
v 1.308464 0.164000 -0.066255
v 1.279116 0.164000 -0.080758
v 1.253741 0.164000 -0.095926
v 1.233149 0.164000 -0.112201
v 1.220357 0.164000 -0.129535
v 1.215720 0.164000 -0.147629
v 1.219595 0.164000 -0.164599
v 1.230186 0.164000 -0.178022
v 1.245040 0.164000 -0.187327
v 1.262742 0.164000 -0.192667
v 1.282351 0.164000 -0.193915
v 1.304508 0.164000 -0.190426
v 1.327223 0.164000 -0.172797
v 1.348796 0.164000 -0.161123
v 1.371576 0.164000 -0.153300
v 1.394952 0.164000 -0.149506
v 1.418329 0.164000 -0.149897
v 1.441148 0.164000 -0.154625
v 1.462900 0.164000 -0.163858
v 1.483115 0.164000 -0.177825
v 1.506046 0.167223 -0.190530
v 1.483007 0.167223 -0.233000
v 1.451613 0.167223 -0.267348
v 1.414428 0.167223 -0.292309
v 1.373065 0.167223 -0.308303
v 1.329168 0.167223 -0.315716
v 1.284414 0.167223 -0.314931
v 1.240499 0.167223 -0.306343
v 1.199121 0.167223 -0.290366
v 1.162064 0.167223 -0.267486
v 1.117734 0.167223 -0.219799
v 1.094850 0.167223 -0.175766
v 1.090312 0.167223 -0.135468
v 1.101108 0.167223 -0.098514
v 1.124647 0.167223 -0.064662
v 1.158286 0.167223 -0.034029
v 1.199190 0.167223 -0.006796
v 1.244459 0.167223 0.016909
v 1.291318 0.167223 0.037058
v 1.339368 0.167223 0.059471
v 1.371083 0.167223 0.082793
v 1.388068 0.167223 0.106336
v 1.391593 0.167223 0.129256
v 1.383149 0.167223 0.149859
v 1.365193 0.167223 0.166750
v 1.339935 0.167223 0.179255
v 1.309221 0.167223 0.186690
v 1.274852 0.167223 0.188233
v 1.239879 0.167223 0.183437
v 1.211723 0.167223 0.173583
v 1.188784 0.167223 0.160478
v 1.169405 0.167223 0.145985
v 1.151885 0.167223 0.131932
v 1.134549 0.167223 0.120059
v 1.115704 0.167223 0.111945
v 1.093465 0.167223 0.109076
v 1.066158 0.167223 0.113087
v 1.044426 0.167223 0.127073
v 1.032558 0.167223 0.145767
v 1.029565 0.167223 0.168022
v 1.034840 0.167223 0.192674
v 1.047797 0.167223 0.218187
v 1.067697 0.167223 0.242935
v 1.093723 0.167223 0.265326
v 1.125039 0.167223 0.283809
v 1.160904 0.167223 0.296899
v 1.226054 0.167223 0.311297
v 1.290691 0.167223 0.312506
v 1.352315 0.167223 0.302057
v 1.408273 0.167223 0.281475
v 1.455910 0.167223 0.252314
v 1.492596 0.167223 0.216175
v 1.515790 0.167223 0.174673
v 1.523083 0.167223 0.129302
v 1.511959 0.167223 0.081156
v 1.493873 0.167223 0.048001
v 1.469878 0.167223 0.019767
v 1.441406 0.167223 -0.004261
v 1.409894 0.167223 -0.024827
v 1.376810 0.167223 -0.042675
v 1.343628 0.167223 -0.058565
v 1.311819 0.167223 -0.073272
v 1.282840 0.167223 -0.087593
v 1.258166 0.167223 -0.102341
v 1.238788 0.167223 -0.117657
v 1.227514 0.167223 -0.132933
v 1.223721 0.167223 -0.147734
v 1.226786 0.167223 -0.161158
v 1.235456 0.167223 -0.172147
v 1.248285 0.167223 -0.180183
v 1.264130 0.167223 -0.184962
v 1.281988 0.167223 -0.186099
v 1.301321 0.167223 -0.183055
v 1.322960 0.167223 -0.166261
v 1.345661 0.167223 -0.153977
v 1.369676 0.167223 -0.145730
v 1.394389 0.167223 -0.141718
v 1.419190 0.167223 -0.142134
v 1.443479 0.167223 -0.147165
v 1.466669 0.167223 -0.157009
v 1.488186 0.167223 -0.171876
v 1.510000 0.175000 -0.190000
v 1.485652 0.175000 -0.234883
v 1.453731 0.175000 -0.269808
v 1.415926 0.175000 -0.295185
v 1.373923 0.175000 -0.311427
v 1.329410 0.175000 -0.318944
v 1.284074 0.175000 -0.318148
v 1.239602 0.175000 -0.309451
v 1.197682 0.175000 -0.293265
v 1.160000 0.175000 -0.270000
v 1.115075 0.175000 -0.221674
v 1.091715 0.175000 -0.176722
v 1.087037 0.175000 -0.135185
v 1.098162 0.175000 -0.097106
v 1.122209 0.175000 -0.062524
v 1.156296 0.175000 -0.031481
v 1.197545 0.175000 -0.004019
v 1.243073 0.175000 0.019822
v 1.290000 0.175000 0.040000
v 1.337716 0.175000 0.062257
v 1.368765 0.175000 0.085089
v 1.385000 0.175000 0.107593
v 1.388272 0.175000 0.128861
v 1.380432 0.175000 0.147990
v 1.363333 0.175000 0.164074
v 1.338827 0.175000 0.176207
v 1.308765 0.175000 0.183484
v 1.275000 0.175000 0.185000
v 1.240638 0.175000 0.180288
v 1.213066 0.175000 0.170638
v 1.190556 0.175000 0.157778
v 1.171379 0.175000 0.143436
v 1.153807 0.175000 0.129342
v 1.136111 0.175000 0.117222
v 1.116564 0.175000 0.108807
v 1.093436 0.175000 0.105823
v 1.065000 0.175000 0.110000
v 1.042085 0.175000 0.124746
v 1.029458 0.175000 0.144636
v 1.026296 0.175000 0.168148
v 1.031776 0.175000 0.193759
v 1.045075 0.175000 0.219945
v 1.065370 0.175000 0.245185
v 1.091838 0.175000 0.267956
v 1.123656 0.175000 0.286735
v 1.160000 0.175000 0.300000
v 1.225672 0.175000 0.314513
v 1.290933 0.175000 0.315734
v 1.353148 0.175000 0.305185
v 1.409684 0.175000 0.284390
v 1.457908 0.175000 0.254870
v 1.495185 0.175000 0.218148
v 1.518882 0.175000 0.175748
v 1.526365 0.175000 0.129191
v 1.515000 0.175000 0.080000
v 1.496543 0.175000 0.046166
v 1.472160 0.175000 0.017476
v 1.443333 0.175000 -0.006852
v 1.411543 0.175000 -0.027599
v 1.378272 0.175000 -0.045549
v 1.345000 0.175000 -0.061481
v 1.313210 0.175000 -0.076180
v 1.284383 0.175000 -0.090425
v 1.260000 0.175000 -0.105000
v 1.241125 0.175000 -0.119918
v 1.230480 0.175000 -0.134342
v 1.227037 0.175000 -0.147778
v 1.229767 0.175000 -0.159733
v 1.237641 0.175000 -0.169712
v 1.249630 0.175000 -0.177222
v 1.264705 0.175000 -0.181770
v 1.281838 0.175000 -0.182860
v 1.300000 0.175000 -0.180000
v 1.321193 0.175000 -0.163553
v 1.344362 0.175000 -0.151015
v 1.368889 0.175000 -0.142593
v 1.394156 0.175000 -0.138491
v 1.419547 0.175000 -0.138916
v 1.444444 0.175000 -0.144074
v 1.468230 0.175000 -0.154170
v 1.490288 0.175000 -0.169410
v 1.510000 0.226000 -0.190000
v 1.485652 0.226000 -0.234883
v 1.453731 0.226000 -0.269808
v 1.415926 0.226000 -0.295185
v 1.373923 0.226000 -0.311427
v 1.329410 0.226000 -0.318944
v 1.284074 0.226000 -0.318148
v 1.239602 0.226000 -0.309451
v 1.197682 0.226000 -0.293265
v 1.160000 0.226000 -0.270000
v 1.115075 0.226000 -0.221674
v 1.091715 0.226000 -0.176722
v 1.087037 0.226000 -0.135185
v 1.098162 0.226000 -0.097106
v 1.122209 0.226000 -0.062524
v 1.156296 0.226000 -0.031481
v 1.197545 0.226000 -0.004019
v 1.243073 0.226000 0.019822
v 1.290000 0.226000 0.040000
v 1.337716 0.226000 0.062257
v 1.368765 0.226000 0.085089
v 1.385000 0.226000 0.107593
v 1.388272 0.226000 0.128861
v 1.380432 0.226000 0.147990
v 1.363333 0.226000 0.164074
v 1.338827 0.226000 0.176207
v 1.308765 0.226000 0.183484
v 1.275000 0.226000 0.185000
v 1.240638 0.226000 0.180288
v 1.213066 0.226000 0.170638
v 1.190556 0.226000 0.157778
v 1.171379 0.226000 0.143436
v 1.153807 0.226000 0.129342
v 1.136111 0.226000 0.117222
v 1.116564 0.226000 0.108807
v 1.093436 0.226000 0.105823
v 1.065000 0.226000 0.110000
v 1.042085 0.226000 0.124746
v 1.029458 0.226000 0.144636
v 1.026296 0.226000 0.168148
v 1.031776 0.226000 0.193759
v 1.045075 0.226000 0.219945
v 1.065370 0.226000 0.245185
v 1.091838 0.226000 0.267956
v 1.123656 0.226000 0.286735
v 1.160000 0.226000 0.300000
v 1.225672 0.226000 0.314513
v 1.290933 0.226000 0.315734
v 1.353148 0.226000 0.305185
v 1.409684 0.226000 0.284390
v 1.457908 0.226000 0.254870
v 1.495185 0.226000 0.218148
v 1.518882 0.226000 0.175748
v 1.526365 0.226000 0.129191
v 1.515000 0.226000 0.080000
v 1.496543 0.226000 0.046166
v 1.472160 0.226000 0.017476
v 1.443333 0.226000 -0.006852
v 1.411543 0.226000 -0.027599
v 1.378272 0.226000 -0.045549
v 1.345000 0.226000 -0.061481
v 1.313210 0.226000 -0.076180
v 1.284383 0.226000 -0.090425
v 1.260000 0.226000 -0.105000
v 1.241125 0.226000 -0.119918
v 1.230480 0.226000 -0.134342
v 1.227037 0.226000 -0.147778
v 1.229767 0.226000 -0.159733
v 1.237641 0.226000 -0.169712
v 1.249630 0.226000 -0.177222
v 1.264705 0.226000 -0.181770
v 1.281838 0.226000 -0.182860
v 1.300000 0.226000 -0.180000
v 1.321193 0.226000 -0.163553
v 1.344362 0.226000 -0.151015
v 1.368889 0.226000 -0.142593
v 1.394156 0.226000 -0.138491
v 1.419547 0.226000 -0.138916
v 1.444444 0.226000 -0.144074
v 1.468230 0.226000 -0.154170
v 1.490288 0.226000 -0.169410
v 1.506046 0.233777 -0.190530
v 1.483007 0.233777 -0.233000
v 1.451613 0.233777 -0.267348
v 1.414428 0.233777 -0.292309
v 1.373065 0.233777 -0.308303
v 1.329168 0.233777 -0.315716
v 1.284414 0.233777 -0.314931
v 1.240499 0.233777 -0.306343
v 1.199121 0.233777 -0.290366
v 1.162064 0.233777 -0.267486
v 1.117734 0.233777 -0.219799
v 1.094850 0.233777 -0.175766
v 1.090312 0.233777 -0.135468
v 1.101108 0.233777 -0.098514
v 1.124647 0.233777 -0.064662
v 1.158286 0.233777 -0.034029
v 1.199190 0.233777 -0.006796
v 1.244459 0.233777 0.016909
v 1.291318 0.233777 0.037058
v 1.339368 0.233777 0.059471
v 1.371083 0.233777 0.082793
v 1.388068 0.233777 0.106336
v 1.391593 0.233777 0.129256
v 1.383149 0.233777 0.149859
v 1.365193 0.233777 0.166750
v 1.339935 0.233777 0.179255
v 1.309221 0.233777 0.186690
v 1.274852 0.233777 0.188233
v 1.239879 0.233777 0.183437
v 1.211723 0.233777 0.173583
v 1.188784 0.233777 0.160478
v 1.169405 0.233777 0.145985
v 1.151885 0.233777 0.131932
v 1.134549 0.233777 0.120059
v 1.115704 0.233777 0.111945
v 1.093465 0.233777 0.109076
v 1.066158 0.233777 0.113087
v 1.044426 0.233777 0.127073
v 1.032558 0.233777 0.145767
v 1.029565 0.233777 0.168022
v 1.034840 0.233777 0.192674
v 1.047797 0.233777 0.218187
v 1.067697 0.233777 0.242935
v 1.093723 0.233777 0.265326
v 1.125039 0.233777 0.283809
v 1.160904 0.233777 0.296899
v 1.226054 0.233777 0.311297
v 1.290691 0.233777 0.312506
v 1.352315 0.233777 0.302057
v 1.408273 0.233777 0.281475
v 1.455910 0.233777 0.252314
v 1.492596 0.233777 0.216175
v 1.515790 0.233777 0.174673
v 1.523083 0.233777 0.129302
v 1.511959 0.233777 0.081156
v 1.493873 0.233777 0.048001
v 1.469878 0.233777 0.019767
v 1.441406 0.233777 -0.004261
v 1.409894 0.233777 -0.024827
v 1.376810 0.233777 -0.042675
v 1.343628 0.233777 -0.058565
v 1.311819 0.233777 -0.073272
v 1.282840 0.233777 -0.087593
v 1.258166 0.233777 -0.102341
v 1.238788 0.233777 -0.117657
v 1.227514 0.233777 -0.132933
v 1.223721 0.233777 -0.147734
v 1.226786 0.233777 -0.161158
v 1.235456 0.233777 -0.172147
v 1.248285 0.233777 -0.180183
v 1.264130 0.233777 -0.184962
v 1.281988 0.233777 -0.186099
v 1.301321 0.233777 -0.183055
v 1.322960 0.233777 -0.166261
v 1.345661 0.233777 -0.153977
v 1.369676 0.233777 -0.145730
v 1.394389 0.233777 -0.141718
v 1.419190 0.233777 -0.142134
v 1.443479 0.233777 -0.147165
v 1.466669 0.233777 -0.157009
v 1.488186 0.233777 -0.171876
v 1.496504 0.237000 -0.191810
v 1.476624 0.237000 -0.228455
v 1.446503 0.237000 -0.261411
v 1.410814 0.237000 -0.285368
v 1.370994 0.237000 -0.300766
v 1.328584 0.237000 -0.307928
v 1.285235 0.237000 -0.307167
v 1.242662 0.237000 -0.298841
v 1.202594 0.237000 -0.283370
v 1.167044 0.237000 -0.261421
v 1.124148 0.237000 -0.215277
v 1.102417 0.237000 -0.173461
v 1.098215 0.237000 -0.136149
v 1.108217 0.237000 -0.101912
v 1.130532 0.237000 -0.069822
v 1.163086 0.237000 -0.040176
v 1.203160 0.237000 -0.013496
v 1.247804 0.237000 0.009882
v 1.294499 0.237000 0.029961
v 1.343354 0.237000 0.052749
v 1.376675 0.237000 0.077251
v 1.395470 0.237000 0.103304
v 1.399608 0.237000 0.130207
v 1.389706 0.237000 0.154369
v 1.369679 0.237000 0.173207
v 1.342608 0.237000 0.186610
v 1.310320 0.237000 0.194425
v 1.274495 0.237000 0.196034
v 1.238048 0.237000 0.191036
v 1.208483 0.237000 0.180688
v 1.184510 0.237000 0.166993
v 1.164641 0.237000 0.152134
v 1.147248 0.237000 0.138182
v 1.130778 0.237000 0.126902
v 1.113629 0.237000 0.119519
v 1.093534 0.237000 0.116927
v 1.068952 0.237000 0.120537
v 1.050074 0.237000 0.132686
v 1.040038 0.237000 0.148494
v 1.037453 0.237000 0.167718
v 1.042233 0.237000 0.190055
v 1.054365 0.237000 0.213944
v 1.073310 0.237000 0.237505
v 1.098271 0.237000 0.258980
v 1.128376 0.237000 0.276748
v 1.163086 0.237000 0.289417
v 1.226975 0.237000 0.303535
v 1.290109 0.237000 0.304717
v 1.350306 0.237000 0.294510
v 1.404868 0.237000 0.274441
v 1.451088 0.237000 0.246147
v 1.486348 0.237000 0.211413
v 1.508330 0.237000 0.172080
v 1.515163 0.237000 0.129570
v 1.504622 0.237000 0.083945
v 1.487429 0.237000 0.052427
v 1.464369 0.237000 0.025294
v 1.436755 0.237000 0.001991
v 1.405916 0.237000 -0.018137
v 1.373282 0.237000 -0.035742
v 1.340316 0.237000 -0.051528
v 1.308464 0.237000 -0.066255
v 1.279116 0.237000 -0.080758
v 1.253741 0.237000 -0.095926
v 1.233149 0.237000 -0.112201
v 1.220357 0.237000 -0.129535
v 1.215720 0.237000 -0.147629
v 1.219595 0.237000 -0.164599
v 1.230186 0.237000 -0.178022
v 1.245040 0.237000 -0.187327
v 1.262742 0.237000 -0.192667
v 1.282351 0.237000 -0.193915
v 1.304508 0.237000 -0.190426
v 1.327223 0.237000 -0.172797
v 1.348796 0.237000 -0.161123
v 1.371576 0.237000 -0.153300
v 1.394952 0.237000 -0.149506
v 1.418329 0.237000 -0.149897
v 1.441148 0.237000 -0.154625
v 1.462900 0.237000 -0.163858
v 1.483115 0.237000 -0.177825
v 1.496504 0.164000 -0.191810
v 1.476624 0.164000 -0.228455
v 1.446503 0.164000 -0.261411
v 1.410814 0.164000 -0.285368
v 1.370994 0.164000 -0.300766
v 1.328584 0.164000 -0.307928
v 1.285235 0.164000 -0.307167
v 1.242662 0.164000 -0.298841
v 1.202594 0.164000 -0.283370
v 1.167044 0.164000 -0.261421
v 1.124148 0.164000 -0.215277
v 1.102417 0.164000 -0.173461
v 1.098215 0.164000 -0.136149
v 1.108217 0.164000 -0.101912
v 1.130532 0.164000 -0.069822
v 1.163086 0.164000 -0.040176
v 1.203160 0.164000 -0.013496
v 1.247804 0.164000 0.009882
v 1.294499 0.164000 0.029961
v 1.343354 0.164000 0.052749
v 1.376675 0.164000 0.077251
v 1.395470 0.164000 0.103304
v 1.399608 0.164000 0.130207
v 1.389706 0.164000 0.154369
v 1.369679 0.164000 0.173207
v 1.342608 0.164000 0.186610
v 1.310320 0.164000 0.194425
v 1.274495 0.164000 0.196034
v 1.238048 0.164000 0.191036
v 1.208483 0.164000 0.180688
v 1.184510 0.164000 0.166993
v 1.164641 0.164000 0.152134
v 1.147248 0.164000 0.138182
v 1.130778 0.164000 0.126902
v 1.113629 0.164000 0.119519
v 1.093534 0.164000 0.116927
v 1.068952 0.164000 0.120537
v 1.050074 0.164000 0.132686
v 1.040038 0.164000 0.148494
v 1.037453 0.164000 0.167718
v 1.042233 0.164000 0.190055
v 1.054365 0.164000 0.213944
v 1.073310 0.164000 0.237505
v 1.098271 0.164000 0.258980
v 1.128376 0.164000 0.276748
v 1.163086 0.164000 0.289417
v 1.226975 0.164000 0.303535
v 1.290109 0.164000 0.304717
v 1.350306 0.164000 0.294510
v 1.404868 0.164000 0.274441
v 1.451088 0.164000 0.246147
v 1.486348 0.164000 0.211413
v 1.508330 0.164000 0.172080
v 1.515163 0.164000 0.129570
v 1.504622 0.164000 0.083945
v 1.487429 0.164000 0.052427
v 1.464369 0.164000 0.025294
v 1.436755 0.164000 0.001991
v 1.405916 0.164000 -0.018137
v 1.373282 0.164000 -0.035742
v 1.340316 0.164000 -0.051528
v 1.308464 0.164000 -0.066255
v 1.279116 0.164000 -0.080758
v 1.253741 0.164000 -0.095926
v 1.233149 0.164000 -0.112201
v 1.220357 0.164000 -0.129535
v 1.215720 0.164000 -0.147629
v 1.219595 0.164000 -0.164599
v 1.230186 0.164000 -0.178022
v 1.245040 0.164000 -0.187327
v 1.262742 0.164000 -0.192667
v 1.282351 0.164000 -0.193915
v 1.304508 0.164000 -0.190426
v 1.327223 0.164000 -0.172797
v 1.348796 0.164000 -0.161123
v 1.371576 0.164000 -0.153300
v 1.394952 0.164000 -0.149506
v 1.418329 0.164000 -0.149897
v 1.441148 0.164000 -0.154625
v 1.462900 0.164000 -0.163858
v 1.483115 0.164000 -0.177825
v 1.496504 0.237000 -0.191810
v 1.476624 0.237000 -0.228455
v 1.446503 0.237000 -0.261411
v 1.410814 0.237000 -0.285368
v 1.370994 0.237000 -0.300766
v 1.328584 0.237000 -0.307928
v 1.285235 0.237000 -0.307167
v 1.242662 0.237000 -0.298841
v 1.202594 0.237000 -0.283370
v 1.167044 0.237000 -0.261421
v 1.124148 0.237000 -0.215277
v 1.102417 0.237000 -0.173461
v 1.098215 0.237000 -0.136149
v 1.108217 0.237000 -0.101912
v 1.130532 0.237000 -0.069822
v 1.163086 0.237000 -0.040176
v 1.203160 0.237000 -0.013496
v 1.247804 0.237000 0.009882
v 1.294499 0.237000 0.029961
v 1.343354 0.237000 0.052749
v 1.376675 0.237000 0.077251
v 1.395470 0.237000 0.103304
v 1.399608 0.237000 0.130207
v 1.389706 0.237000 0.154369
v 1.369679 0.237000 0.173207
v 1.342608 0.237000 0.186610
v 1.310320 0.237000 0.194425
v 1.274495 0.237000 0.196034
v 1.238048 0.237000 0.191036
v 1.208483 0.237000 0.180688
v 1.184510 0.237000 0.166993
v 1.164641 0.237000 0.152134
v 1.147248 0.237000 0.138182
v 1.130778 0.237000 0.126902
v 1.113629 0.237000 0.119519
v 1.093534 0.237000 0.116927
v 1.068952 0.237000 0.120537
v 1.050074 0.237000 0.132686
v 1.040038 0.237000 0.148494
v 1.037453 0.237000 0.167718
v 1.042233 0.237000 0.190055
v 1.054365 0.237000 0.213944
v 1.073310 0.237000 0.237505
v 1.098271 0.237000 0.258980
v 1.128376 0.237000 0.276748
v 1.163086 0.237000 0.289417
v 1.226975 0.237000 0.303535
v 1.290109 0.237000 0.304717
v 1.350306 0.237000 0.294510
v 1.404868 0.237000 0.274441
v 1.451088 0.237000 0.246147
v 1.486348 0.237000 0.211413
v 1.508330 0.237000 0.172080
v 1.515163 0.237000 0.129570
v 1.504622 0.237000 0.083945
v 1.487429 0.237000 0.052427
v 1.464369 0.237000 0.025294
v 1.436755 0.237000 0.001991
v 1.405916 0.237000 -0.018137
v 1.373282 0.237000 -0.035742
v 1.340316 0.237000 -0.051528
v 1.308464 0.237000 -0.066255
v 1.279116 0.237000 -0.080758
v 1.253741 0.237000 -0.095926
v 1.233149 0.237000 -0.112201
v 1.220357 0.237000 -0.129535
v 1.215720 0.237000 -0.147629
v 1.219595 0.237000 -0.164599
v 1.230186 0.237000 -0.178022
v 1.245040 0.237000 -0.187327
v 1.262742 0.237000 -0.192667
v 1.282351 0.237000 -0.193915
v 1.304508 0.237000 -0.190426
v 1.327223 0.237000 -0.172797
v 1.348796 0.237000 -0.161123
v 1.371576 0.237000 -0.153300
v 1.394952 0.237000 -0.149506
v 1.418329 0.237000 -0.149897
v 1.441148 0.237000 -0.154625
v 1.462900 0.237000 -0.163858
v 1.483115 0.237000 -0.177825
f 10321 10322 10403
f 10321 10403 10402
f 10322 10323 10404
f 10322 10404 10403
f 10323 10324 10405
f 10323 10405 10404
f 10324 10325 10406
f 10324 10406 10405
f 10325 10326 10407
f 10325 10407 10406
f 10326 10327 10408
f 10326 10408 10407
f 10327 10328 10409
f 10327 10409 10408
f 10328 10329 10410
f 10328 10410 10409
f 10329 10330 10411
f 10329 10411 10410
f 10330 10331 10412
f 10330 10412 10411
f 10331 10332 10413
f 10331 10413 10412
f 10332 10333 10414
f 10332 10414 10413
f 10333 10334 10415
f 10333 10415 10414
f 10334 10335 10416
f 10334 10416 10415
f 10335 10336 10417
f 10335 10417 10416
f 10336 10337 10418
f 10336 10418 10417
f 10337 10338 10419
f 10337 10419 10418
f 10338 10339 10420
f 10338 10420 10419
f 10339 10340 10421
f 10339 10421 10420
f 10340 10341 10422
f 10340 10422 10421
f 10341 10342 10423
f 10341 10423 10422
f 10342 10343 10424
f 10342 10424 10423
f 10343 10344 10425
f 10343 10425 10424
f 10344 10345 10426
f 10344 10426 10425
f 10345 10346 10427
f 10345 10427 10426
f 10346 10347 10428
f 10346 10428 10427
f 10347 10348 10429
f 10347 10429 10428
f 10348 10349 10430
f 10348 10430 10429
f 10349 10350 10431
f 10349 10431 10430
f 10350 10351 10432
f 10350 10432 10431
f 10351 10352 10433
f 10351 10433 10432
f 10352 10353 10434
f 10352 10434 10433
f 10353 10354 10435
f 10353 10435 10434
f 10354 10355 10436
f 10354 10436 10435
f 10355 10356 10437
f 10355 10437 10436
f 10356 10357 10438
f 10356 10438 10437
f 10357 10358 10439
f 10357 10439 10438
f 10358 10359 10440
f 10358 10440 10439
f 10359 10360 10441
f 10359 10441 10440
f 10360 10361 10442
f 10360 10442 10441
f 10361 10362 10443
f 10361 10443 10442
f 10362 10363 10444
f 10362 10444 10443
f 10363 10364 10445
f 10363 10445 10444
f 10364 10365 10446
f 10364 10446 10445
f 10365 10366 10447
f 10365 10447 10446
f 10366 10367 10448
f 10366 10448 10447
f 10367 10368 10449
f 10367 10449 10448
f 10368 10369 10450
f 10368 10450 10449
f 10369 10370 10451
f 10369 10451 10450
f 10370 10371 10452
f 10370 10452 10451
f 10371 10372 10453
f 10371 10453 10452
f 10372 10373 10454
f 10372 10454 10453
f 10373 10374 10455
f 10373 10455 10454
f 10374 10375 10456
f 10374 10456 10455
f 10375 10376 10457
f 10375 10457 10456
f 10376 10377 10458
f 10376 10458 10457
f 10377 10378 10459
f 10377 10459 10458
f 10378 10379 10460
f 10378 10460 10459
f 10379 10380 10461
f 10379 10461 10460
f 10380 10381 10462
f 10380 10462 10461
f 10381 10382 10463
f 10381 10463 10462
f 10382 10383 10464
f 10382 10464 10463
f 10383 10384 10465
f 10383 10465 10464
f 10384 10385 10466
f 10384 10466 10465
f 10385 10386 10467
f 10385 10467 10466
f 10386 10387 10468
f 10386 10468 10467
f 10387 10388 10469
f 10387 10469 10468
f 10388 10389 10470
f 10388 10470 10469
f 10389 10390 10471
f 10389 10471 10470
f 10390 10391 10472
f 10390 10472 10471
f 10391 10392 10473
f 10391 10473 10472
f 10392 10393 10474
f 10392 10474 10473
f 10393 10394 10475
f 10393 10475 10474
f 10394 10395 10476
f 10394 10476 10475
f 10395 10396 10477
f 10395 10477 10476
f 10396 10397 10478
f 10396 10478 10477
f 10397 10398 10479
f 10397 10479 10478
f 10398 10399 10480
f 10398 10480 10479
f 10399 10400 10481
f 10399 10481 10480
f 10400 10401 10482
f 10400 10482 10481
f 10401 10321 10402
f 10401 10402 10482
f 10402 10403 10484
f 10402 10484 10483
f 10403 10404 10485
f 10403 10485 10484
f 10404 10405 10486
f 10404 10486 10485
f 10405 10406 10487
f 10405 10487 10486
f 10406 10407 10488
f 10406 10488 10487
f 10407 10408 10489
f 10407 10489 10488
f 10408 10409 10490
f 10408 10490 10489
f 10409 10410 10491
f 10409 10491 10490
f 10410 10411 10492
f 10410 10492 10491
f 10411 10412 10493
f 10411 10493 10492
f 10412 10413 10494
f 10412 10494 10493
f 10413 10414 10495
f 10413 10495 10494
f 10414 10415 10496
f 10414 10496 10495
f 10415 10416 10497
f 10415 10497 10496
f 10416 10417 10498
f 10416 10498 10497
f 10417 10418 10499
f 10417 10499 10498
f 10418 10419 10500
f 10418 10500 10499
f 10419 10420 10501
f 10419 10501 10500
f 10420 10421 10502
f 10420 10502 10501
f 10421 10422 10503
f 10421 10503 10502
f 10422 10423 10504
f 10422 10504 10503
f 10423 10424 10505
f 10423 10505 10504
f 10424 10425 10506
f 10424 10506 10505
f 10425 10426 10507
f 10425 10507 10506
f 10426 10427 10508
f 10426 10508 10507
f 10427 10428 10509
f 10427 10509 10508
f 10428 10429 10510
f 10428 10510 10509
f 10429 10430 10511
f 10429 10511 10510
f 10430 10431 10512
f 10430 10512 10511
f 10431 10432 10513
f 10431 10513 10512
f 10432 10433 10514
f 10432 10514 10513
f 10433 10434 10515
f 10433 10515 10514
f 10434 10435 10516
f 10434 10516 10515
f 10435 10436 10517
f 10435 10517 10516
f 10436 10437 10518
f 10436 10518 10517
f 10437 10438 10519
f 10437 10519 10518
f 10438 10439 10520
f 10438 10520 10519
f 10439 10440 10521
f 10439 10521 10520
f 10440 10441 10522
f 10440 10522 10521
f 10441 10442 10523
f 10441 10523 10522
f 10442 10443 10524
f 10442 10524 10523
f 10443 10444 10525
f 10443 10525 10524
f 10444 10445 10526
f 10444 10526 10525
f 10445 10446 10527
f 10445 10527 10526
f 10446 10447 10528
f 10446 10528 10527
f 10447 10448 10529
f 10447 10529 10528
f 10448 10449 10530
f 10448 10530 10529
f 10449 10450 10531
f 10449 10531 10530
f 10450 10451 10532
f 10450 10532 10531
f 10451 10452 10533
f 10451 10533 10532
f 10452 10453 10534
f 10452 10534 10533
f 10453 10454 10535
f 10453 10535 10534
f 10454 10455 10536
f 10454 10536 10535
f 10455 10456 10537
f 10455 10537 10536
f 10456 10457 10538
f 10456 10538 10537
f 10457 10458 10539
f 10457 10539 10538
f 10458 10459 10540
f 10458 10540 10539
f 10459 10460 10541
f 10459 10541 10540
f 10460 10461 10542
f 10460 10542 10541
f 10461 10462 10543
f 10461 10543 10542
f 10462 10463 10544
f 10462 10544 10543
f 10463 10464 10545
f 10463 10545 10544
f 10464 10465 10546
f 10464 10546 10545
f 10465 10466 10547
f 10465 10547 10546
f 10466 10467 10548
f 10466 10548 10547
f 10467 10468 10549
f 10467 10549 10548
f 10468 10469 10550
f 10468 10550 10549
f 10469 10470 10551
f 10469 10551 10550
f 10470 10471 10552
f 10470 10552 10551
f 10471 10472 10553
f 10471 10553 10552
f 10472 10473 10554
f 10472 10554 10553
f 10473 10474 10555
f 10473 10555 10554
f 10474 10475 10556
f 10474 10556 10555
f 10475 10476 10557
f 10475 10557 10556
f 10476 10477 10558
f 10476 10558 10557
f 10477 10478 10559
f 10477 10559 10558
f 10478 10479 10560
f 10478 10560 10559
f 10479 10480 10561
f 10479 10561 10560
f 10480 10481 10562
f 10480 10562 10561
f 10481 10482 10563
f 10481 10563 10562
f 10482 10402 10483
f 10482 10483 10563
f 10483 10484 10565
f 10483 10565 10564
f 10484 10485 10566
f 10484 10566 10565
f 10485 10486 10567
f 10485 10567 10566
f 10486 10487 10568
f 10486 10568 10567
f 10487 10488 10569
f 10487 10569 10568
f 10488 10489 10570
f 10488 10570 10569
f 10489 10490 10571
f 10489 10571 10570
f 10490 10491 10572
f 10490 10572 10571
f 10491 10492 10573
f 10491 10573 10572
f 10492 10493 10574
f 10492 10574 10573
f 10493 10494 10575
f 10493 10575 10574
f 10494 10495 10576
f 10494 10576 10575
f 10495 10496 10577
f 10495 10577 10576
f 10496 10497 10578
f 10496 10578 10577
f 10497 10498 10579
f 10497 10579 10578
f 10498 10499 10580
f 10498 10580 10579
f 10499 10500 10581
f 10499 10581 10580
f 10500 10501 10582
f 10500 10582 10581
f 10501 10502 10583
f 10501 10583 10582
f 10502 10503 10584
f 10502 10584 10583
f 10503 10504 10585
f 10503 10585 10584
f 10504 10505 10586
f 10504 10586 10585
f 10505 10506 10587
f 10505 10587 10586
f 10506 10507 10588
f 10506 10588 10587
f 10507 10508 10589
f 10507 10589 10588
f 10508 10509 10590
f 10508 10590 10589
f 10509 10510 10591
f 10509 10591 10590
f 10510 10511 10592
f 10510 10592 10591
f 10511 10512 10593
f 10511 10593 10592
f 10512 10513 10594
f 10512 10594 10593
f 10513 10514 10595
f 10513 10595 10594
f 10514 10515 10596
f 10514 10596 10595
f 10515 10516 10597
f 10515 10597 10596
f 10516 10517 10598
f 10516 10598 10597
f 10517 10518 10599
f 10517 10599 10598
f 10518 10519 10600
f 10518 10600 10599
f 10519 10520 10601
f 10519 10601 10600
f 10520 10521 10602
f 10520 10602 10601
f 10521 10522 10603
f 10521 10603 10602
f 10522 10523 10604
f 10522 10604 10603
f 10523 10524 10605
f 10523 10605 10604
f 10524 10525 10606
f 10524 10606 10605
f 10525 10526 10607
f 10525 10607 10606
f 10526 10527 10608
f 10526 10608 10607
f 10527 10528 10609
f 10527 10609 10608
f 10528 10529 10610
f 10528 10610 10609
f 10529 10530 10611
f 10529 10611 10610
f 10530 10531 10612
f 10530 10612 10611
f 10531 10532 10613
f 10531 10613 10612
f 10532 10533 10614
f 10532 10614 10613
f 10533 10534 10615
f 10533 10615 10614
f 10534 10535 10616
f 10534 10616 10615
f 10535 10536 10617
f 10535 10617 10616
f 10536 10537 10618
f 10536 10618 10617
f 10537 10538 10619
f 10537 10619 10618
f 10538 10539 10620
f 10538 10620 10619
f 10539 10540 10621
f 10539 10621 10620
f 10540 10541 10622
f 10540 10622 10621
f 10541 10542 10623
f 10541 10623 10622
f 10542 10543 10624
f 10542 10624 10623
f 10543 10544 10625
f 10543 10625 10624
f 10544 10545 10626
f 10544 10626 10625
f 10545 10546 10627
f 10545 10627 10626
f 10546 10547 10628
f 10546 10628 10627
f 10547 10548 10629
f 10547 10629 10628
f 10548 10549 10630
f 10548 10630 10629
f 10549 10550 10631
f 10549 10631 10630
f 10550 10551 10632
f 10550 10632 10631
f 10551 10552 10633
f 10551 10633 10632
f 10552 10553 10634
f 10552 10634 10633
f 10553 10554 10635
f 10553 10635 10634
f 10554 10555 10636
f 10554 10636 10635
f 10555 10556 10637
f 10555 10637 10636
f 10556 10557 10638
f 10556 10638 10637
f 10557 10558 10639
f 10557 10639 10638
f 10558 10559 10640
f 10558 10640 10639
f 10559 10560 10641
f 10559 10641 10640
f 10560 10561 10642
f 10560 10642 10641
f 10561 10562 10643
f 10561 10643 10642
f 10562 10563 10644
f 10562 10644 10643
f 10563 10483 10564
f 10563 10564 10644
f 10564 10565 10646
f 10564 10646 10645
f 10565 10566 10647
f 10565 10647 10646
f 10566 10567 10648
f 10566 10648 10647
f 10567 10568 10649
f 10567 10649 10648
f 10568 10569 10650
f 10568 10650 10649
f 10569 10570 10651
f 10569 10651 10650
f 10570 10571 10652
f 10570 10652 10651
f 10571 10572 10653
f 10571 10653 10652
f 10572 10573 10654
f 10572 10654 10653
f 10573 10574 10655
f 10573 10655 10654
f 10574 10575 10656
f 10574 10656 10655
f 10575 10576 10657
f 10575 10657 10656
f 10576 10577 10658
f 10576 10658 10657
f 10577 10578 10659
f 10577 10659 10658
f 10578 10579 10660
f 10578 10660 10659
f 10579 10580 10661
f 10579 10661 10660
f 10580 10581 10662
f 10580 10662 10661
f 10581 10582 10663
f 10581 10663 10662
f 10582 10583 10664
f 10582 10664 10663
f 10583 10584 10665
f 10583 10665 10664
f 10584 10585 10666
f 10584 10666 10665
f 10585 10586 10667
f 10585 10667 10666
f 10586 10587 10668
f 10586 10668 10667
f 10587 10588 10669
f 10587 10669 10668
f 10588 10589 10670
f 10588 10670 10669
f 10589 10590 10671
f 10589 10671 10670
f 10590 10591 10672
f 10590 10672 10671
f 10591 10592 10673
f 10591 10673 10672
f 10592 10593 10674
f 10592 10674 10673
f 10593 10594 10675
f 10593 10675 10674
f 10594 10595 10676
f 10594 10676 10675
f 10595 10596 10677
f 10595 10677 10676
f 10596 10597 10678
f 10596 10678 10677
f 10597 10598 10679
f 10597 10679 10678
f 10598 10599 10680
f 10598 10680 10679
f 10599 10600 10681
f 10599 10681 10680
f 10600 10601 10682
f 10600 10682 10681
f 10601 10602 10683
f 10601 10683 10682
f 10602 10603 10684
f 10602 10684 10683
f 10603 10604 10685
f 10603 10685 10684
f 10604 10605 10686
f 10604 10686 10685
f 10605 10606 10687
f 10605 10687 10686
f 10606 10607 10688
f 10606 10688 10687
f 10607 10608 10689
f 10607 10689 10688
f 10608 10609 10690
f 10608 10690 10689
f 10609 10610 10691
f 10609 10691 10690
f 10610 10611 10692
f 10610 10692 10691
f 10611 10612 10693
f 10611 10693 10692
f 10612 10613 10694
f 10612 10694 10693
f 10613 10614 10695
f 10613 10695 10694
f 10614 10615 10696
f 10614 10696 10695
f 10615 10616 10697
f 10615 10697 10696
f 10616 10617 10698
f 10616 10698 10697
f 10617 10618 10699
f 10617 10699 10698
f 10618 10619 10700
f 10618 10700 10699
f 10619 10620 10701
f 10619 10701 10700
f 10620 10621 10702
f 10620 10702 10701
f 10621 10622 10703
f 10621 10703 10702
f 10622 10623 10704
f 10622 10704 10703
f 10623 10624 10705
f 10623 10705 10704
f 10624 10625 10706
f 10624 10706 10705
f 10625 10626 10707
f 10625 10707 10706
f 10626 10627 10708
f 10626 10708 10707
f 10627 10628 10709
f 10627 10709 10708
f 10628 10629 10710
f 10628 10710 10709
f 10629 10630 10711
f 10629 10711 10710
f 10630 10631 10712
f 10630 10712 10711
f 10631 10632 10713
f 10631 10713 10712
f 10632 10633 10714
f 10632 10714 10713
f 10633 10634 10715
f 10633 10715 10714
f 10634 10635 10716
f 10634 10716 10715
f 10635 10636 10717
f 10635 10717 10716
f 10636 10637 10718
f 10636 10718 10717
f 10637 10638 10719
f 10637 10719 10718
f 10638 10639 10720
f 10638 10720 10719
f 10639 10640 10721
f 10639 10721 10720
f 10640 10641 10722
f 10640 10722 10721
f 10641 10642 10723
f 10641 10723 10722
f 10642 10643 10724
f 10642 10724 10723
f 10643 10644 10725
f 10643 10725 10724
f 10644 10564 10645
f 10644 10645 10725
f 10645 10646 10727
f 10645 10727 10726
f 10646 10647 10728
f 10646 10728 10727
f 10647 10648 10729
f 10647 10729 10728
f 10648 10649 10730
f 10648 10730 10729
f 10649 10650 10731
f 10649 10731 10730
f 10650 10651 10732
f 10650 10732 10731
f 10651 10652 10733
f 10651 10733 10732
f 10652 10653 10734
f 10652 10734 10733
f 10653 10654 10735
f 10653 10735 10734
f 10654 10655 10736
f 10654 10736 10735
f 10655 10656 10737
f 10655 10737 10736
f 10656 10657 10738
f 10656 10738 10737
f 10657 10658 10739
f 10657 10739 10738
f 10658 10659 10740
f 10658 10740 10739
f 10659 10660 10741
f 10659 10741 10740
f 10660 10661 10742
f 10660 10742 10741
f 10661 10662 10743
f 10661 10743 10742
f 10662 10663 10744
f 10662 10744 10743
f 10663 10664 10745
f 10663 10745 10744
f 10664 10665 10746
f 10664 10746 10745
f 10665 10666 10747
f 10665 10747 10746
f 10666 10667 10748
f 10666 10748 10747
f 10667 10668 10749
f 10667 10749 10748
f 10668 10669 10750
f 10668 10750 10749
f 10669 10670 10751
f 10669 10751 10750
f 10670 10671 10752
f 10670 10752 10751
f 10671 10672 10753
f 10671 10753 10752
f 10672 10673 10754
f 10672 10754 10753
f 10673 10674 10755
f 10673 10755 10754
f 10674 10675 10756
f 10674 10756 10755
f 10675 10676 10757
f 10675 10757 10756
f 10676 10677 10758
f 10676 10758 10757
f 10677 10678 10759
f 10677 10759 10758
f 10678 10679 10760
f 10678 10760 10759
f 10679 10680 10761
f 10679 10761 10760
f 10680 10681 10762
f 10680 10762 10761
f 10681 10682 10763
f 10681 10763 10762
f 10682 10683 10764
f 10682 10764 10763
f 10683 10684 10765
f 10683 10765 10764
f 10684 10685 10766
f 10684 10766 10765
f 10685 10686 10767
f 10685 10767 10766
f 10686 10687 10768
f 10686 10768 10767
f 10687 10688 10769
f 10687 10769 10768
f 10688 10689 10770
f 10688 10770 10769
f 10689 10690 10771
f 10689 10771 10770
f 10690 10691 10772
f 10690 10772 10771
f 10691 10692 10773
f 10691 10773 10772
f 10692 10693 10774
f 10692 10774 10773
f 10693 10694 10775
f 10693 10775 10774
f 10694 10695 10776
f 10694 10776 10775
f 10695 10696 10777
f 10695 10777 10776
f 10696 10697 10778
f 10696 10778 10777
f 10697 10698 10779
f 10697 10779 10778
f 10698 10699 10780
f 10698 10780 10779
f 10699 10700 10781
f 10699 10781 10780
f 10700 10701 10782
f 10700 10782 10781
f 10701 10702 10783
f 10701 10783 10782
f 10702 10703 10784
f 10702 10784 10783
f 10703 10704 10785
f 10703 10785 10784
f 10704 10705 10786
f 10704 10786 10785
f 10705 10706 10787
f 10705 10787 10786
f 10706 10707 10788
f 10706 10788 10787
f 10707 10708 10789
f 10707 10789 10788
f 10708 10709 10790
f 10708 10790 10789
f 10709 10710 10791
f 10709 10791 10790
f 10710 10711 10792
f 10710 10792 10791
f 10711 10712 10793
f 10711 10793 10792
f 10712 10713 10794
f 10712 10794 10793
f 10713 10714 10795
f 10713 10795 10794
f 10714 10715 10796
f 10714 10796 10795
f 10715 10716 10797
f 10715 10797 10796
f 10716 10717 10798
f 10716 10798 10797
f 10717 10718 10799
f 10717 10799 10798
f 10718 10719 10800
f 10718 10800 10799
f 10719 10720 10801
f 10719 10801 10800
f 10720 10721 10802
f 10720 10802 10801
f 10721 10722 10803
f 10721 10803 10802
f 10722 10723 10804
f 10722 10804 10803
f 10723 10724 10805
f 10723 10805 10804
f 10724 10725 10806
f 10724 10806 10805
f 10725 10645 10726
f 10725 10726 10806
f 10808 10807 10887
f 10809 10808 10887
f 10810 10809 10887
f 10811 10810 10887
f 10812 10811 10887
f 10813 10812 10887
f 10814 10813 10887
f 10815 10814 10887
f 10816 10815 10887
f 10817 10816 10887
f 10819 10818 10817
f 10820 10819 10817
f 10821 10820 10817
f 10822 10821 10817
f 10823 10822 10817
f 10824 10823 10817
f 10825 10824 10817
f 10826 10825 10817
f 10827 10826 10817
f 10840 10839 10838
f 10840 10838 10837
f 10841 10840 10837
f 10842 10841 10837
f 10842 10837 10836
f 10843 10842 10836
f 10844 10843 10836
f 10844 10836 10835
f 10845 10844 10835
f 10846 10845 10835
f 10846 10835 10834
f 10847 10846 10834
f 10848 10847 10834
f 10848 10834 10833
f 10849 10848 10833
f 10850 10849 10833
f 10850 10833 10832
f 10851 10850 10832
f 10852 10851 10832
f 10852 10832 10831
f 10853 10852 10831
f 10854 10853 10831
f 10854 10831 10830
f 10855 10854 10830
f 10855 10830 10829
f 10856 10855 10829
f 10857 10856 10829
f 10857 10829 10828
f 10858 10857 10828
f 10858 10828 10827
f 10859 10858 10827
f 10859 10827 10817
f 10861 10860 10859
f 10862 10861 10859
f 10863 10862 10859
f 10864 10863 10859
f 10865 10864 10859
f 10866 10865 10859
f 10867 10866 10859
f 10868 10867 10859
f 10869 10868 10859
f 10870 10869 10859
f 10871 10870 10859
f 10871 10859 10817
f 10872 10871 10817
f 10873 10872 10817
f 10874 10873 10817
f 10875 10874 10817
f 10876 10875 10817
f 10877 10876 10817
f 10878 10877 10817
f 10878 10817 10887
f 10879 10878 10887
f 10880 10879 10887
f 10881 10880 10887
f 10882 10881 10887
f 10883 10882 10887
f 10884 10883 10887
f 10885 10884 10887
f 10887 10886 10885
f 10968 10888 10889
f 10968 10889 10890
f 10968 10890 10891
f 10968 10891 10892
f 10968 10892 10893
f 10968 10893 10894
f 10968 10894 10895
f 10968 10895 10896
f 10968 10896 10897
f 10968 10897 10898
f 10898 10899 10900
f 10898 10900 10901
f 10898 10901 10902
f 10898 10902 10903
f 10898 10903 10904
f 10898 10904 10905
f 10898 10905 10906
f 10898 10906 10907
f 10898 10907 10908
f 10919 10920 10921
f 10918 10919 10921
f 10918 10921 10922
f 10918 10922 10923
f 10917 10918 10923
f 10917 10923 10924
f 10917 10924 10925
f 10916 10917 10925
f 10916 10925 10926
f 10916 10926 10927
f 10915 10916 10927
f 10915 10927 10928
f 10915 10928 10929
f 10914 10915 10929
f 10914 10929 10930
f 10914 10930 10931
f 10913 10914 10931
f 10913 10931 10932
f 10913 10932 10933
f 10912 10913 10933
f 10912 10933 10934
f 10912 10934 10935
f 10911 10912 10935
f 10911 10935 10936
f 10910 10911 10936
f 10910 10936 10937
f 10910 10937 10938
f 10909 10910 10938
f 10909 10938 10939
f 10908 10909 10939
f 10908 10939 10940
f 10898 10908 10940
f 10940 10941 10942
f 10940 10942 10943
f 10940 10943 10944
f 10940 10944 10945
f 10940 10945 10946
f 10940 10946 10947
f 10940 10947 10948
f 10940 10948 10949
f 10940 10949 10950
f 10940 10950 10951
f 10940 10951 10952
f 10898 10940 10952
f 10898 10952 10953
f 10898 10953 10954
f 10898 10954 10955
f 10898 10955 10956
f 10898 10956 10957
f 10898 10957 10958
f 10898 10958 10959
f 10968 10898 10959
f 10968 10959 10960
f 10968 10960 10961
f 10968 10961 10962
f 10968 10962 10963
f 10968 10963 10964
f 10968 10964 10965
f 10968 10965 10966
f 10966 10967 10968
o snow_ice_base
usemtl ice_blue_gloss
v -0.805002 0.000000 0.885962
v -0.806061 0.000000 0.872497
v -0.808989 0.000000 0.860303
v -0.813788 0.000000 0.848716
v -0.820341 0.000000 0.838023
v -0.828486 0.000000 0.828486
v -0.838023 0.000000 0.820341
v -0.848716 0.000000 0.813788
v -0.860303 0.000000 0.808989
v -0.871553 0.000000 0.806288
v -1.674038 0.000000 0.805002
v -1.687503 0.000000 0.806061
v -1.699697 0.000000 0.808989
v -1.711284 0.000000 0.813788
v -1.721977 0.000000 0.820341
v -1.731514 0.000000 0.828486
v -1.739659 0.000000 0.838023
v -1.746212 0.000000 0.848716
v -1.751011 0.000000 0.860303
v -1.753712 0.000000 0.871553
v -1.754998 0.000000 1.674038
v -1.753939 0.000000 1.687503
v -1.751011 0.000000 1.699697
v -1.746212 0.000000 1.711284
v -1.739659 0.000000 1.721977
v -1.731514 0.000000 1.731514
v -1.721977 0.000000 1.739659
v -1.711284 0.000000 1.746212
v -1.699697 0.000000 1.751011
v -1.688447 0.000000 1.753712
v -0.885962 0.000000 1.754998
v -0.872497 0.000000 1.753939
v -0.860303 0.000000 1.751011
v -0.848716 0.000000 1.746212
v -0.838023 0.000000 1.739659
v -0.828486 0.000000 1.731514
v -0.820341 0.000000 1.721977
v -0.813788 0.000000 1.711284
v -0.808989 0.000000 1.699697
v -0.806288 0.000000 1.688447
v -0.787325 0.007325 0.885282
v -0.788550 0.007325 0.869724
v -0.792127 0.007325 0.854824
v -0.797991 0.007325 0.840667
v -0.805998 0.007325 0.827601
v -0.815949 0.007325 0.815949
v -0.827601 0.007325 0.805998
v -0.840667 0.007325 0.797991
v -0.854824 0.007325 0.792127
v -0.869447 0.007325 0.788616
v -1.674718 0.007325 0.787325
v -1.690276 0.007325 0.788550
v -1.705176 0.007325 0.792127
v -1.719333 0.007325 0.797991
v -1.732399 0.007325 0.805998
v -1.744051 0.007325 0.815949
v -1.754002 0.007325 0.827601
v -1.762009 0.007325 0.840667
v -1.767873 0.007325 0.854824
v -1.771384 0.007325 0.869447
v -1.772675 0.007325 1.674718
v -1.771450 0.007325 1.690276
v -1.767873 0.007325 1.705176
v -1.762009 0.007325 1.719333
v -1.754002 0.007325 1.732399
v -1.744051 0.007325 1.744051
v -1.732399 0.007325 1.754002
v -1.719333 0.007325 1.762009
v -1.705176 0.007325 1.767873
v -1.690553 0.007325 1.771384
v -0.885282 0.007325 1.772675
v -0.869724 0.007325 1.771450
v -0.854824 0.007325 1.767873
v -0.840667 0.007325 1.762009
v -0.827601 0.007325 1.754002
v -0.815949 0.007325 1.744051
v -0.805998 0.007325 1.732399
v -0.797991 0.007325 1.719333
v -0.792127 0.007325 1.705176
v -0.788616 0.007325 1.690553
v -0.780000 0.025000 0.885000
v -0.781293 0.025000 0.868574
v -0.785139 0.025000 0.852553
v -0.791444 0.025000 0.837331
v -0.800053 0.025000 0.823283
v -0.810754 0.025000 0.810754
v -0.823283 0.025000 0.800053
v -0.837331 0.025000 0.791444
v -0.852553 0.025000 0.785139
v -0.868574 0.025000 0.781293
v -1.675000 0.025000 0.780000
v -1.691426 0.025000 0.781293
v -1.707447 0.025000 0.785139
v -1.722669 0.025000 0.791444
v -1.736717 0.025000 0.800053
v -1.749246 0.025000 0.810754
v -1.759947 0.025000 0.823283
v -1.768556 0.025000 0.837331
v -1.774861 0.025000 0.852553
v -1.778707 0.025000 0.868574
v -1.780000 0.025000 1.675000
v -1.778707 0.025000 1.691426
v -1.774861 0.025000 1.707447
v -1.768556 0.025000 1.722669
v -1.759947 0.025000 1.736717
v -1.749246 0.025000 1.749246
v -1.736717 0.025000 1.759947
v -1.722669 0.025000 1.768556
v -1.707447 0.025000 1.774861
v -1.691426 0.025000 1.778707
v -0.885000 0.025000 1.780000
v -0.868574 0.025000 1.778707
v -0.852553 0.025000 1.774861
v -0.837331 0.025000 1.768556
v -0.823283 0.025000 1.759947
v -0.810754 0.025000 1.749246
v -0.800053 0.025000 1.736717
v -0.791444 0.025000 1.722669
v -0.785139 0.025000 1.707447
v -0.781293 0.025000 1.691426
v -0.780000 0.172000 0.885000
v -0.781293 0.172000 0.868574
v -0.785139 0.172000 0.852553
v -0.791444 0.172000 0.837331
v -0.800053 0.172000 0.823283
v -0.810754 0.172000 0.810754
v -0.823283 0.172000 0.800053
v -0.837331 0.172000 0.791444
v -0.852553 0.172000 0.785139
v -0.868574 0.172000 0.781293
v -1.675000 0.172000 0.780000
v -1.691426 0.172000 0.781293
v -1.707447 0.172000 0.785139
v -1.722669 0.172000 0.791444
v -1.736717 0.172000 0.800053
v -1.749246 0.172000 0.810754
v -1.759947 0.172000 0.823283
v -1.768556 0.172000 0.837331
v -1.774861 0.172000 0.852553
v -1.778707 0.172000 0.868574
v -1.780000 0.172000 1.675000
v -1.778707 0.172000 1.691426
v -1.774861 0.172000 1.707447
v -1.768556 0.172000 1.722669
v -1.759947 0.172000 1.736717
v -1.749246 0.172000 1.749246
v -1.736717 0.172000 1.759947
v -1.722669 0.172000 1.768556
v -1.707447 0.172000 1.774861
v -1.691426 0.172000 1.778707
v -0.885000 0.172000 1.780000
v -0.868574 0.172000 1.778707
v -0.852553 0.172000 1.774861
v -0.837331 0.172000 1.768556
v -0.823283 0.172000 1.759947
v -0.810754 0.172000 1.749246
v -0.800053 0.172000 1.736717
v -0.791444 0.172000 1.722669
v -0.785139 0.172000 1.707447
v -0.781293 0.172000 1.691426
v -0.787325 0.189675 0.885282
v -0.788550 0.189675 0.869724
v -0.792127 0.189675 0.854824
v -0.797991 0.189675 0.840667
v -0.805998 0.189675 0.827601
v -0.815949 0.189675 0.815949
v -0.827601 0.189675 0.805998
v -0.840667 0.189675 0.797991
v -0.854824 0.189675 0.792127
v -0.869447 0.189675 0.788616
v -1.674718 0.189675 0.787325
v -1.690276 0.189675 0.788550
v -1.705176 0.189675 0.792127
v -1.719333 0.189675 0.797991
v -1.732399 0.189675 0.805998
v -1.744051 0.189675 0.815949
v -1.754002 0.189675 0.827601
v -1.762009 0.189675 0.840667
v -1.767873 0.189675 0.854824
v -1.771384 0.189675 0.869447
v -1.772675 0.189675 1.674718
v -1.771450 0.189675 1.690276
v -1.767873 0.189675 1.705176
v -1.762009 0.189675 1.719333
v -1.754002 0.189675 1.732399
v -1.744051 0.189675 1.744051
v -1.732399 0.189675 1.754002
v -1.719333 0.189675 1.762009
v -1.705176 0.189675 1.767873
v -1.690553 0.189675 1.771384
v -0.885282 0.189675 1.772675
v -0.869724 0.189675 1.771450
v -0.854824 0.189675 1.767873
v -0.840667 0.189675 1.762009
v -0.827601 0.189675 1.754002
v -0.815949 0.189675 1.744051
v -0.805998 0.189675 1.732399
v -0.797991 0.189675 1.719333
v -0.792127 0.189675 1.705176
v -0.788616 0.189675 1.690553
v -0.805002 0.197000 0.885962
v -0.806061 0.197000 0.872497
v -0.808989 0.197000 0.860303
v -0.813788 0.197000 0.848716
v -0.820341 0.197000 0.838023
v -0.828486 0.197000 0.828486
v -0.838023 0.197000 0.820341
v -0.848716 0.197000 0.813788
v -0.860303 0.197000 0.808989
v -0.871553 0.197000 0.806288
v -1.674038 0.197000 0.805002
v -1.687503 0.197000 0.806061
v -1.699697 0.197000 0.808989
v -1.711284 0.197000 0.813788
v -1.721977 0.197000 0.820341
v -1.731514 0.197000 0.828486
v -1.739659 0.197000 0.838023
v -1.746212 0.197000 0.848716
v -1.751011 0.197000 0.860303
v -1.753712 0.197000 0.871553
v -1.754998 0.197000 1.674038
v -1.753939 0.197000 1.687503
v -1.751011 0.197000 1.699697
v -1.746212 0.197000 1.711284
v -1.739659 0.197000 1.721977
v -1.731514 0.197000 1.731514
v -1.721977 0.197000 1.739659
v -1.711284 0.197000 1.746212
v -1.699697 0.197000 1.751011
v -1.688447 0.197000 1.753712
v -0.885962 0.197000 1.754998
v -0.872497 0.197000 1.753939
v -0.860303 0.197000 1.751011
v -0.848716 0.197000 1.746212
v -0.838023 0.197000 1.739659
v -0.828486 0.197000 1.731514
v -0.820341 0.197000 1.721977
v -0.813788 0.197000 1.711284
v -0.808989 0.197000 1.699697
v -0.806288 0.197000 1.688447
v -0.805002 0.000000 0.885962
v -0.806061 0.000000 0.872497
v -0.808989 0.000000 0.860303
v -0.813788 0.000000 0.848716
v -0.820341 0.000000 0.838023
v -0.828486 0.000000 0.828486
v -0.838023 0.000000 0.820341
v -0.848716 0.000000 0.813788
v -0.860303 0.000000 0.808989
v -0.871553 0.000000 0.806288
v -1.674038 0.000000 0.805002
v -1.687503 0.000000 0.806061
v -1.699697 0.000000 0.808989
v -1.711284 0.000000 0.813788
v -1.721977 0.000000 0.820341
v -1.731514 0.000000 0.828486
v -1.739659 0.000000 0.838023
v -1.746212 0.000000 0.848716
v -1.751011 0.000000 0.860303
v -1.753712 0.000000 0.871553
v -1.754998 0.000000 1.674038
v -1.753939 0.000000 1.687503
v -1.751011 0.000000 1.699697
v -1.746212 0.000000 1.711284
v -1.739659 0.000000 1.721977
v -1.731514 0.000000 1.731514
v -1.721977 0.000000 1.739659
v -1.711284 0.000000 1.746212
v -1.699697 0.000000 1.751011
v -1.688447 0.000000 1.753712
v -0.885962 0.000000 1.754998
v -0.872497 0.000000 1.753939
v -0.860303 0.000000 1.751011
v -0.848716 0.000000 1.746212
v -0.838023 0.000000 1.739659
v -0.828486 0.000000 1.731514
v -0.820341 0.000000 1.721977
v -0.813788 0.000000 1.711284
v -0.808989 0.000000 1.699697
v -0.806288 0.000000 1.688447
v -0.805002 0.197000 0.885962
v -0.806061 0.197000 0.872497
v -0.808989 0.197000 0.860303
v -0.813788 0.197000 0.848716
v -0.820341 0.197000 0.838023
v -0.828486 0.197000 0.828486
v -0.838023 0.197000 0.820341
v -0.848716 0.197000 0.813788
v -0.860303 0.197000 0.808989
v -0.871553 0.197000 0.806288
v -1.674038 0.197000 0.805002
v -1.687503 0.197000 0.806061
v -1.699697 0.197000 0.808989
v -1.711284 0.197000 0.813788
v -1.721977 0.197000 0.820341
v -1.731514 0.197000 0.828486
v -1.739659 0.197000 0.838023
v -1.746212 0.197000 0.848716
v -1.751011 0.197000 0.860303
v -1.753712 0.197000 0.871553
v -1.754998 0.197000 1.674038
v -1.753939 0.197000 1.687503
v -1.751011 0.197000 1.699697
v -1.746212 0.197000 1.711284
v -1.739659 0.197000 1.721977
v -1.731514 0.197000 1.731514
v -1.721977 0.197000 1.739659
v -1.711284 0.197000 1.746212
v -1.699697 0.197000 1.751011
v -1.688447 0.197000 1.753712
v -0.885962 0.197000 1.754998
v -0.872497 0.197000 1.753939
v -0.860303 0.197000 1.751011
v -0.848716 0.197000 1.746212
v -0.838023 0.197000 1.739659
v -0.828486 0.197000 1.731514
v -0.820341 0.197000 1.721977
v -0.813788 0.197000 1.711284
v -0.808989 0.197000 1.699697
v -0.806288 0.197000 1.688447
f 10969 10970 11010
f 10969 11010 11009
f 10970 10971 11011
f 10970 11011 11010
f 10971 10972 11012
f 10971 11012 11011
f 10972 10973 11013
f 10972 11013 11012
f 10973 10974 11014
f 10973 11014 11013
f 10974 10975 11015
f 10974 11015 11014
f 10975 10976 11016
f 10975 11016 11015
f 10976 10977 11017
f 10976 11017 11016
f 10977 10978 11018
f 10977 11018 11017
f 10978 10979 11019
f 10978 11019 11018
f 10979 10980 11020
f 10979 11020 11019
f 10980 10981 11021
f 10980 11021 11020
f 10981 10982 11022
f 10981 11022 11021
f 10982 10983 11023
f 10982 11023 11022
f 10983 10984 11024
f 10983 11024 11023
f 10984 10985 11025
f 10984 11025 11024
f 10985 10986 11026
f 10985 11026 11025
f 10986 10987 11027
f 10986 11027 11026
f 10987 10988 11028
f 10987 11028 11027
f 10988 10989 11029
f 10988 11029 11028
f 10989 10990 11030
f 10989 11030 11029
f 10990 10991 11031
f 10990 11031 11030
f 10991 10992 11032
f 10991 11032 11031
f 10992 10993 11033
f 10992 11033 11032
f 10993 10994 11034
f 10993 11034 11033
f 10994 10995 11035
f 10994 11035 11034
f 10995 10996 11036
f 10995 11036 11035
f 10996 10997 11037
f 10996 11037 11036
f 10997 10998 11038
f 10997 11038 11037
f 10998 10999 11039
f 10998 11039 11038
f 10999 11000 11040
f 10999 11040 11039
f 11000 11001 11041
f 11000 11041 11040
f 11001 11002 11042
f 11001 11042 11041
f 11002 11003 11043
f 11002 11043 11042
f 11003 11004 11044
f 11003 11044 11043
f 11004 11005 11045
f 11004 11045 11044
f 11005 11006 11046
f 11005 11046 11045
f 11006 11007 11047
f 11006 11047 11046
f 11007 11008 11048
f 11007 11048 11047
f 11008 10969 11009
f 11008 11009 11048
f 11009 11010 11050
f 11009 11050 11049
f 11010 11011 11051
f 11010 11051 11050
f 11011 11012 11052
f 11011 11052 11051
f 11012 11013 11053
f 11012 11053 11052
f 11013 11014 11054
f 11013 11054 11053
f 11014 11015 11055
f 11014 11055 11054
f 11015 11016 11056
f 11015 11056 11055
f 11016 11017 11057
f 11016 11057 11056
f 11017 11018 11058
f 11017 11058 11057
f 11018 11019 11059
f 11018 11059 11058
f 11019 11020 11060
f 11019 11060 11059
f 11020 11021 11061
f 11020 11061 11060
f 11021 11022 11062
f 11021 11062 11061
f 11022 11023 11063
f 11022 11063 11062
f 11023 11024 11064
f 11023 11064 11063
f 11024 11025 11065
f 11024 11065 11064
f 11025 11026 11066
f 11025 11066 11065
f 11026 11027 11067
f 11026 11067 11066
f 11027 11028 11068
f 11027 11068 11067
f 11028 11029 11069
f 11028 11069 11068
f 11029 11030 11070
f 11029 11070 11069
f 11030 11031 11071
f 11030 11071 11070
f 11031 11032 11072
f 11031 11072 11071
f 11032 11033 11073
f 11032 11073 11072
f 11033 11034 11074
f 11033 11074 11073
f 11034 11035 11075
f 11034 11075 11074
f 11035 11036 11076
f 11035 11076 11075
f 11036 11037 11077
f 11036 11077 11076
f 11037 11038 11078
f 11037 11078 11077
f 11038 11039 11079
f 11038 11079 11078
f 11039 11040 11080
f 11039 11080 11079
f 11040 11041 11081
f 11040 11081 11080
f 11041 11042 11082
f 11041 11082 11081
f 11042 11043 11083
f 11042 11083 11082
f 11043 11044 11084
f 11043 11084 11083
f 11044 11045 11085
f 11044 11085 11084
f 11045 11046 11086
f 11045 11086 11085
f 11046 11047 11087
f 11046 11087 11086
f 11047 11048 11088
f 11047 11088 11087
f 11048 11009 11049
f 11048 11049 11088
f 11049 11050 11090
f 11049 11090 11089
f 11050 11051 11091
f 11050 11091 11090
f 11051 11052 11092
f 11051 11092 11091
f 11052 11053 11093
f 11052 11093 11092
f 11053 11054 11094
f 11053 11094 11093
f 11054 11055 11095
f 11054 11095 11094
f 11055 11056 11096
f 11055 11096 11095
f 11056 11057 11097
f 11056 11097 11096
f 11057 11058 11098
f 11057 11098 11097
f 11058 11059 11099
f 11058 11099 11098
f 11059 11060 11100
f 11059 11100 11099
f 11060 11061 11101
f 11060 11101 11100
f 11061 11062 11102
f 11061 11102 11101
f 11062 11063 11103
f 11062 11103 11102
f 11063 11064 11104
f 11063 11104 11103
f 11064 11065 11105
f 11064 11105 11104
f 11065 11066 11106
f 11065 11106 11105
f 11066 11067 11107
f 11066 11107 11106
f 11067 11068 11108
f 11067 11108 11107
f 11068 11069 11109
f 11068 11109 11108
f 11069 11070 11110
f 11069 11110 11109
f 11070 11071 11111
f 11070 11111 11110
f 11071 11072 11112
f 11071 11112 11111
f 11072 11073 11113
f 11072 11113 11112
f 11073 11074 11114
f 11073 11114 11113
f 11074 11075 11115
f 11074 11115 11114
f 11075 11076 11116
f 11075 11116 11115
f 11076 11077 11117
f 11076 11117 11116
f 11077 11078 11118
f 11077 11118 11117
f 11078 11079 11119
f 11078 11119 11118
f 11079 11080 11120
f 11079 11120 11119
f 11080 11081 11121
f 11080 11121 11120
f 11081 11082 11122
f 11081 11122 11121
f 11082 11083 11123
f 11082 11123 11122
f 11083 11084 11124
f 11083 11124 11123
f 11084 11085 11125
f 11084 11125 11124
f 11085 11086 11126
f 11085 11126 11125
f 11086 11087 11127
f 11086 11127 11126
f 11087 11088 11128
f 11087 11128 11127
f 11088 11049 11089
f 11088 11089 11128
f 11089 11090 11130
f 11089 11130 11129
f 11090 11091 11131
f 11090 11131 11130
f 11091 11092 11132
f 11091 11132 11131
f 11092 11093 11133
f 11092 11133 11132
f 11093 11094 11134
f 11093 11134 11133
f 11094 11095 11135
f 11094 11135 11134
f 11095 11096 11136
f 11095 11136 11135
f 11096 11097 11137
f 11096 11137 11136
f 11097 11098 11138
f 11097 11138 11137
f 11098 11099 11139
f 11098 11139 11138
f 11099 11100 11140
f 11099 11140 11139
f 11100 11101 11141
f 11100 11141 11140
f 11101 11102 11142
f 11101 11142 11141
f 11102 11103 11143
f 11102 11143 11142
f 11103 11104 11144
f 11103 11144 11143
f 11104 11105 11145
f 11104 11145 11144
f 11105 11106 11146
f 11105 11146 11145
f 11106 11107 11147
f 11106 11147 11146
f 11107 11108 11148
f 11107 11148 11147
f 11108 11109 11149
f 11108 11149 11148
f 11109 11110 11150
f 11109 11150 11149
f 11110 11111 11151
f 11110 11151 11150
f 11111 11112 11152
f 11111 11152 11151
f 11112 11113 11153
f 11112 11153 11152
f 11113 11114 11154
f 11113 11154 11153
f 11114 11115 11155
f 11114 11155 11154
f 11115 11116 11156
f 11115 11156 11155
f 11116 11117 11157
f 11116 11157 11156
f 11117 11118 11158
f 11117 11158 11157
f 11118 11119 11159
f 11118 11159 11158
f 11119 11120 11160
f 11119 11160 11159
f 11120 11121 11161
f 11120 11161 11160
f 11121 11122 11162
f 11121 11162 11161
f 11122 11123 11163
f 11122 11163 11162
f 11123 11124 11164
f 11123 11164 11163
f 11124 11125 11165
f 11124 11165 11164
f 11125 11126 11166
f 11125 11166 11165
f 11126 11127 11167
f 11126 11167 11166
f 11127 11128 11168
f 11127 11168 11167
f 11128 11089 11129
f 11128 11129 11168
f 11129 11130 11170
f 11129 11170 11169
f 11130 11131 11171
f 11130 11171 11170
f 11131 11132 11172
f 11131 11172 11171
f 11132 11133 11173
f 11132 11173 11172
f 11133 11134 11174
f 11133 11174 11173
f 11134 11135 11175
f 11134 11175 11174
f 11135 11136 11176
f 11135 11176 11175
f 11136 11137 11177
f 11136 11177 11176
f 11137 11138 11178
f 11137 11178 11177
f 11138 11139 11179
f 11138 11179 11178
f 11139 11140 11180
f 11139 11180 11179
f 11140 11141 11181
f 11140 11181 11180
f 11141 11142 11182
f 11141 11182 11181
f 11142 11143 11183
f 11142 11183 11182
f 11143 11144 11184
f 11143 11184 11183
f 11144 11145 11185
f 11144 11185 11184
f 11145 11146 11186
f 11145 11186 11185
f 11146 11147 11187
f 11146 11187 11186
f 11147 11148 11188
f 11147 11188 11187
f 11148 11149 11189
f 11148 11189 11188
f 11149 11150 11190
f 11149 11190 11189
f 11150 11151 11191
f 11150 11191 11190
f 11151 11152 11192
f 11151 11192 11191
f 11152 11153 11193
f 11152 11193 11192
f 11153 11154 11194
f 11153 11194 11193
f 11154 11155 11195
f 11154 11195 11194
f 11155 11156 11196
f 11155 11196 11195
f 11156 11157 11197
f 11156 11197 11196
f 11157 11158 11198
f 11157 11198 11197
f 11158 11159 11199
f 11158 11199 11198
f 11159 11160 11200
f 11159 11200 11199
f 11160 11161 11201
f 11160 11201 11200
f 11161 11162 11202
f 11161 11202 11201
f 11162 11163 11203
f 11162 11203 11202
f 11163 11164 11204
f 11163 11204 11203
f 11164 11165 11205
f 11164 11205 11204
f 11165 11166 11206
f 11165 11206 11205
f 11166 11167 11207
f 11166 11207 11206
f 11167 11168 11208
f 11167 11208 11207
f 11168 11129 11169
f 11168 11169 11208
f 11210 11209 11248
f 11211 11210 11248
f 11212 11211 11248
f 11213 11212 11248
f 11214 11213 11248
f 11215 11214 11248
f 11216 11215 11248
f 11217 11216 11248
f 11218 11217 11248
f 11219 11218 11248
f 11220 11219 11248
f 11221 11220 11248
f 11222 11221 11248
f 11223 11222 11248
f 11224 11223 11248
f 11225 11224 11248
f 11226 11225 11248
f 11227 11226 11248
f 11228 11227 11248
f 11229 11228 11248
f 11230 11229 11248
f 11231 11230 11248
f 11232 11231 11248
f 11233 11232 11248
f 11234 11233 11248
f 11235 11234 11248
f 11236 11235 11248
f 11237 11236 11248
f 11238 11237 11248
f 11239 11238 11248
f 11240 11239 11248
f 11241 11240 11248
f 11242 11241 11248
f 11243 11242 11248
f 11244 11243 11248
f 11245 11244 11248
f 11246 11245 11248
f 11248 11247 11246
f 11288 11249 11250
f 11288 11250 11251
f 11288 11251 11252
f 11288 11252 11253
f 11288 11253 11254
f 11288 11254 11255
f 11288 11255 11256
f 11288 11256 11257
f 11288 11257 11258
f 11288 11258 11259
f 11288 11259 11260
f 11288 11260 11261
f 11288 11261 11262
f 11288 11262 11263
f 11288 11263 11264
f 11288 11264 11265
f 11288 11265 11266
f 11288 11266 11267
f 11288 11267 11268
f 11288 11268 11269
f 11288 11269 11270
f 11288 11270 11271
f 11288 11271 11272
f 11288 11272 11273
f 11288 11273 11274
f 11288 11274 11275
f 11288 11275 11276
f 11288 11276 11277
f 11288 11277 11278
f 11288 11278 11279
f 11288 11279 11280
f 11288 11280 11281
f 11288 11281 11282
f 11288 11282 11283
f 11288 11283 11284
f 11288 11284 11285
f 11288 11285 11286
f 11286 11287 11288
o snow_frost_cap
usemtl snow_frost
v -0.811003 0.168000 0.904264
v -0.812233 0.168000 0.888624
v -0.815600 0.168000 0.874602
v -0.821118 0.168000 0.861279
v -0.828653 0.168000 0.848984
v -0.838018 0.168000 0.838018
v -0.848984 0.168000 0.828653
v -0.861279 0.168000 0.821118
v -0.874602 0.168000 0.815600
v -0.887384 0.168000 0.812531
v -1.655736 0.168000 0.811003
v -1.671376 0.168000 0.812233
v -1.685398 0.168000 0.815600
v -1.698721 0.168000 0.821118
v -1.711016 0.168000 0.828653
v -1.721982 0.168000 0.838018
v -1.731347 0.168000 0.848984
v -1.738882 0.168000 0.861279
v -1.744400 0.168000 0.874602
v -1.747469 0.168000 0.887384
v -1.748997 0.168000 1.655736
v -1.747767 0.168000 1.671376
v -1.744400 0.168000 1.685398
v -1.738882 0.168000 1.698721
v -1.731347 0.168000 1.711016
v -1.721982 0.168000 1.721982
v -1.711016 0.168000 1.731347
v -1.698721 0.168000 1.738882
v -1.685398 0.168000 1.744400
v -1.672616 0.168000 1.747469
v -0.904264 0.168000 1.748997
v -0.888624 0.168000 1.747767
v -0.874602 0.168000 1.744400
v -0.861279 0.168000 1.738882
v -0.848984 0.168000 1.731347
v -0.838018 0.168000 1.721982
v -0.828653 0.168000 1.711016
v -0.821118 0.168000 1.698721
v -0.815600 0.168000 1.685398
v -0.812531 0.168000 1.672616
v -0.787670 0.177669 0.903370
v -0.789118 0.177669 0.884963
v -0.793342 0.177669 0.867370
v -0.800266 0.177669 0.850654
v -0.809719 0.177669 0.835228
v -0.821470 0.177669 0.821470
v -0.835228 0.177669 0.809719
v -0.850654 0.177669 0.800266
v -0.867370 0.177669 0.793342
v -0.884600 0.177669 0.789206
v -1.656630 0.177669 0.787670
v -1.675037 0.177669 0.789118
v -1.692630 0.177669 0.793342
v -1.709346 0.177669 0.800266
v -1.724772 0.177669 0.809719
v -1.738530 0.177669 0.821470
v -1.750281 0.177669 0.835228
v -1.759734 0.177669 0.850654
v -1.766658 0.177669 0.867370
v -1.770794 0.177669 0.884600
v -1.772330 0.177669 1.656630
v -1.770882 0.177669 1.675037
v -1.766658 0.177669 1.692630
v -1.759734 0.177669 1.709346
v -1.750281 0.177669 1.724772
v -1.738530 0.177669 1.738530
v -1.724772 0.177669 1.750281
v -1.709346 0.177669 1.759734
v -1.692630 0.177669 1.766658
v -1.675400 0.177669 1.770794
v -0.903370 0.177669 1.772330
v -0.884963 0.177669 1.770882
v -0.867370 0.177669 1.766658
v -0.850654 0.177669 1.759734
v -0.835228 0.177669 1.750281
v -0.821470 0.177669 1.738530
v -0.809719 0.177669 1.724772
v -0.800266 0.177669 1.709346
v -0.793342 0.177669 1.692630
v -0.789206 0.177669 1.675400
v -0.778000 0.201000 0.903000
v -0.779539 0.201000 0.883446
v -0.784118 0.201000 0.864373
v -0.791624 0.201000 0.846251
v -0.801873 0.201000 0.829527
v -0.814612 0.201000 0.814612
v -0.829527 0.201000 0.801873
v -0.846251 0.201000 0.791624
v -0.864373 0.201000 0.784118
v -0.883446 0.201000 0.779539
v -1.657000 0.201000 0.778000
v -1.676554 0.201000 0.779539
v -1.695627 0.201000 0.784118
v -1.713749 0.201000 0.791624
v -1.730473 0.201000 0.801873
v -1.745388 0.201000 0.814612
v -1.758127 0.201000 0.829527
v -1.768376 0.201000 0.846251
v -1.775882 0.201000 0.864373
v -1.780461 0.201000 0.883446
v -1.782000 0.201000 1.657000
v -1.780461 0.201000 1.676554
v -1.775882 0.201000 1.695627
v -1.768376 0.201000 1.713749
v -1.758127 0.201000 1.730473
v -1.745388 0.201000 1.745388
v -1.730473 0.201000 1.758127
v -1.713749 0.201000 1.768376
v -1.695627 0.201000 1.775882
v -1.676554 0.201000 1.780461
v -0.903000 0.201000 1.782000
v -0.883446 0.201000 1.780461
v -0.864373 0.201000 1.775882
v -0.846251 0.201000 1.768376
v -0.829527 0.201000 1.758127
v -0.814612 0.201000 1.745388
v -0.801873 0.201000 1.730473
v -0.791624 0.201000 1.713749
v -0.784118 0.201000 1.695627
v -0.779539 0.201000 1.676554
v -0.778000 0.240000 0.903000
v -0.779539 0.240000 0.883446
v -0.784118 0.240000 0.864373
v -0.791624 0.240000 0.846251
v -0.801873 0.240000 0.829527
v -0.814612 0.240000 0.814612
v -0.829527 0.240000 0.801873
v -0.846251 0.240000 0.791624
v -0.864373 0.240000 0.784118
v -0.883446 0.240000 0.779539
v -1.657000 0.240000 0.778000
v -1.676554 0.240000 0.779539
v -1.695627 0.240000 0.784118
v -1.713749 0.240000 0.791624
v -1.730473 0.240000 0.801873
v -1.745388 0.240000 0.814612
v -1.758127 0.240000 0.829527
v -1.768376 0.240000 0.846251
v -1.775882 0.240000 0.864373
v -1.780461 0.240000 0.883446
v -1.782000 0.240000 1.657000
v -1.780461 0.240000 1.676554
v -1.775882 0.240000 1.695627
v -1.768376 0.240000 1.713749
v -1.758127 0.240000 1.730473
v -1.745388 0.240000 1.745388
v -1.730473 0.240000 1.758127
v -1.713749 0.240000 1.768376
v -1.695627 0.240000 1.775882
v -1.676554 0.240000 1.780461
v -0.903000 0.240000 1.782000
v -0.883446 0.240000 1.780461
v -0.864373 0.240000 1.775882
v -0.846251 0.240000 1.768376
v -0.829527 0.240000 1.758127
v -0.814612 0.240000 1.745388
v -0.801873 0.240000 1.730473
v -0.791624 0.240000 1.713749
v -0.784118 0.240000 1.695627
v -0.779539 0.240000 1.676554
v -0.787670 0.263331 0.903370
v -0.789118 0.263331 0.884963
v -0.793342 0.263331 0.867370
v -0.800266 0.263331 0.850654
v -0.809719 0.263331 0.835228
v -0.821470 0.263331 0.821470
v -0.835228 0.263331 0.809719
v -0.850654 0.263331 0.800266
v -0.867370 0.263331 0.793342
v -0.884600 0.263331 0.789206
v -1.656630 0.263331 0.787670
v -1.675037 0.263331 0.789118
v -1.692630 0.263331 0.793342
v -1.709346 0.263331 0.800266
v -1.724772 0.263331 0.809719
v -1.738530 0.263331 0.821470
v -1.750281 0.263331 0.835228
v -1.759734 0.263331 0.850654
v -1.766658 0.263331 0.867370
v -1.770794 0.263331 0.884600
v -1.772330 0.263331 1.656630
v -1.770882 0.263331 1.675037
v -1.766658 0.263331 1.692630
v -1.759734 0.263331 1.709346
v -1.750281 0.263331 1.724772
v -1.738530 0.263331 1.738530
v -1.724772 0.263331 1.750281
v -1.709346 0.263331 1.759734
v -1.692630 0.263331 1.766658
v -1.675400 0.263331 1.770794
v -0.903370 0.263331 1.772330
v -0.884963 0.263331 1.770882
v -0.867370 0.263331 1.766658
v -0.850654 0.263331 1.759734
v -0.835228 0.263331 1.750281
v -0.821470 0.263331 1.738530
v -0.809719 0.263331 1.724772
v -0.800266 0.263331 1.709346
v -0.793342 0.263331 1.692630
v -0.789206 0.263331 1.675400
v -0.811003 0.273000 0.904264
v -0.812233 0.273000 0.888624
v -0.815600 0.273000 0.874602
v -0.821118 0.273000 0.861279
v -0.828653 0.273000 0.848984
v -0.838018 0.273000 0.838018
v -0.848984 0.273000 0.828653
v -0.861279 0.273000 0.821118
v -0.874602 0.273000 0.815600
v -0.887384 0.273000 0.812531
v -1.655736 0.273000 0.811003
v -1.671376 0.273000 0.812233
v -1.685398 0.273000 0.815600
v -1.698721 0.273000 0.821118
v -1.711016 0.273000 0.828653
v -1.721982 0.273000 0.838018
v -1.731347 0.273000 0.848984
v -1.738882 0.273000 0.861279
v -1.744400 0.273000 0.874602
v -1.747469 0.273000 0.887384
v -1.748997 0.273000 1.655736
v -1.747767 0.273000 1.671376
v -1.744400 0.273000 1.685398
v -1.738882 0.273000 1.698721
v -1.731347 0.273000 1.711016
v -1.721982 0.273000 1.721982
v -1.711016 0.273000 1.731347
v -1.698721 0.273000 1.738882
v -1.685398 0.273000 1.744400
v -1.672616 0.273000 1.747469
v -0.904264 0.273000 1.748997
v -0.888624 0.273000 1.747767
v -0.874602 0.273000 1.744400
v -0.861279 0.273000 1.738882
v -0.848984 0.273000 1.731347
v -0.838018 0.273000 1.721982
v -0.828653 0.273000 1.711016
v -0.821118 0.273000 1.698721
v -0.815600 0.273000 1.685398
v -0.812531 0.273000 1.672616
v -0.811003 0.168000 0.904264
v -0.812233 0.168000 0.888624
v -0.815600 0.168000 0.874602
v -0.821118 0.168000 0.861279
v -0.828653 0.168000 0.848984
v -0.838018 0.168000 0.838018
v -0.848984 0.168000 0.828653
v -0.861279 0.168000 0.821118
v -0.874602 0.168000 0.815600
v -0.887384 0.168000 0.812531
v -1.655736 0.168000 0.811003
v -1.671376 0.168000 0.812233
v -1.685398 0.168000 0.815600
v -1.698721 0.168000 0.821118
v -1.711016 0.168000 0.828653
v -1.721982 0.168000 0.838018
v -1.731347 0.168000 0.848984
v -1.738882 0.168000 0.861279
v -1.744400 0.168000 0.874602
v -1.747469 0.168000 0.887384
v -1.748997 0.168000 1.655736
v -1.747767 0.168000 1.671376
v -1.744400 0.168000 1.685398
v -1.738882 0.168000 1.698721
v -1.731347 0.168000 1.711016
v -1.721982 0.168000 1.721982
v -1.711016 0.168000 1.731347
v -1.698721 0.168000 1.738882
v -1.685398 0.168000 1.744400
v -1.672616 0.168000 1.747469
v -0.904264 0.168000 1.748997
v -0.888624 0.168000 1.747767
v -0.874602 0.168000 1.744400
v -0.861279 0.168000 1.738882
v -0.848984 0.168000 1.731347
v -0.838018 0.168000 1.721982
v -0.828653 0.168000 1.711016
v -0.821118 0.168000 1.698721
v -0.815600 0.168000 1.685398
v -0.812531 0.168000 1.672616
v -0.811003 0.273000 0.904264
v -0.812233 0.273000 0.888624
v -0.815600 0.273000 0.874602
v -0.821118 0.273000 0.861279
v -0.828653 0.273000 0.848984
v -0.838018 0.273000 0.838018
v -0.848984 0.273000 0.828653
v -0.861279 0.273000 0.821118
v -0.874602 0.273000 0.815600
v -0.887384 0.273000 0.812531
v -1.655736 0.273000 0.811003
v -1.671376 0.273000 0.812233
v -1.685398 0.273000 0.815600
v -1.698721 0.273000 0.821118
v -1.711016 0.273000 0.828653
v -1.721982 0.273000 0.838018
v -1.731347 0.273000 0.848984
v -1.738882 0.273000 0.861279
v -1.744400 0.273000 0.874602
v -1.747469 0.273000 0.887384
v -1.748997 0.273000 1.655736
v -1.747767 0.273000 1.671376
v -1.744400 0.273000 1.685398
v -1.738882 0.273000 1.698721
v -1.731347 0.273000 1.711016
v -1.721982 0.273000 1.721982
v -1.711016 0.273000 1.731347
v -1.698721 0.273000 1.738882
v -1.685398 0.273000 1.744400
v -1.672616 0.273000 1.747469
v -0.904264 0.273000 1.748997
v -0.888624 0.273000 1.747767
v -0.874602 0.273000 1.744400
v -0.861279 0.273000 1.738882
v -0.848984 0.273000 1.731347
v -0.838018 0.273000 1.721982
v -0.828653 0.273000 1.711016
v -0.821118 0.273000 1.698721
v -0.815600 0.273000 1.685398
v -0.812531 0.273000 1.672616
f 11289 11290 11330
f 11289 11330 11329
f 11290 11291 11331
f 11290 11331 11330
f 11291 11292 11332
f 11291 11332 11331
f 11292 11293 11333
f 11292 11333 11332
f 11293 11294 11334
f 11293 11334 11333
f 11294 11295 11335
f 11294 11335 11334
f 11295 11296 11336
f 11295 11336 11335
f 11296 11297 11337
f 11296 11337 11336
f 11297 11298 11338
f 11297 11338 11337
f 11298 11299 11339
f 11298 11339 11338
f 11299 11300 11340
f 11299 11340 11339
f 11300 11301 11341
f 11300 11341 11340
f 11301 11302 11342
f 11301 11342 11341
f 11302 11303 11343
f 11302 11343 11342
f 11303 11304 11344
f 11303 11344 11343
f 11304 11305 11345
f 11304 11345 11344
f 11305 11306 11346
f 11305 11346 11345
f 11306 11307 11347
f 11306 11347 11346
f 11307 11308 11348
f 11307 11348 11347
f 11308 11309 11349
f 11308 11349 11348
f 11309 11310 11350
f 11309 11350 11349
f 11310 11311 11351
f 11310 11351 11350
f 11311 11312 11352
f 11311 11352 11351
f 11312 11313 11353
f 11312 11353 11352
f 11313 11314 11354
f 11313 11354 11353
f 11314 11315 11355
f 11314 11355 11354
f 11315 11316 11356
f 11315 11356 11355
f 11316 11317 11357
f 11316 11357 11356
f 11317 11318 11358
f 11317 11358 11357
f 11318 11319 11359
f 11318 11359 11358
f 11319 11320 11360
f 11319 11360 11359
f 11320 11321 11361
f 11320 11361 11360
f 11321 11322 11362
f 11321 11362 11361
f 11322 11323 11363
f 11322 11363 11362
f 11323 11324 11364
f 11323 11364 11363
f 11324 11325 11365
f 11324 11365 11364
f 11325 11326 11366
f 11325 11366 11365
f 11326 11327 11367
f 11326 11367 11366
f 11327 11328 11368
f 11327 11368 11367
f 11328 11289 11329
f 11328 11329 11368
f 11329 11330 11370
f 11329 11370 11369
f 11330 11331 11371
f 11330 11371 11370
f 11331 11332 11372
f 11331 11372 11371
f 11332 11333 11373
f 11332 11373 11372
f 11333 11334 11374
f 11333 11374 11373
f 11334 11335 11375
f 11334 11375 11374
f 11335 11336 11376
f 11335 11376 11375
f 11336 11337 11377
f 11336 11377 11376
f 11337 11338 11378
f 11337 11378 11377
f 11338 11339 11379
f 11338 11379 11378
f 11339 11340 11380
f 11339 11380 11379
f 11340 11341 11381
f 11340 11381 11380
f 11341 11342 11382
f 11341 11382 11381
f 11342 11343 11383
f 11342 11383 11382
f 11343 11344 11384
f 11343 11384 11383
f 11344 11345 11385
f 11344 11385 11384
f 11345 11346 11386
f 11345 11386 11385
f 11346 11347 11387
f 11346 11387 11386
f 11347 11348 11388
f 11347 11388 11387
f 11348 11349 11389
f 11348 11389 11388
f 11349 11350 11390
f 11349 11390 11389
f 11350 11351 11391
f 11350 11391 11390
f 11351 11352 11392
f 11351 11392 11391
f 11352 11353 11393
f 11352 11393 11392
f 11353 11354 11394
f 11353 11394 11393
f 11354 11355 11395
f 11354 11395 11394
f 11355 11356 11396
f 11355 11396 11395
f 11356 11357 11397
f 11356 11397 11396
f 11357 11358 11398
f 11357 11398 11397
f 11358 11359 11399
f 11358 11399 11398
f 11359 11360 11400
f 11359 11400 11399
f 11360 11361 11401
f 11360 11401 11400
f 11361 11362 11402
f 11361 11402 11401
f 11362 11363 11403
f 11362 11403 11402
f 11363 11364 11404
f 11363 11404 11403
f 11364 11365 11405
f 11364 11405 11404
f 11365 11366 11406
f 11365 11406 11405
f 11366 11367 11407
f 11366 11407 11406
f 11367 11368 11408
f 11367 11408 11407
f 11368 11329 11369
f 11368 11369 11408
f 11369 11370 11410
f 11369 11410 11409
f 11370 11371 11411
f 11370 11411 11410
f 11371 11372 11412
f 11371 11412 11411
f 11372 11373 11413
f 11372 11413 11412
f 11373 11374 11414
f 11373 11414 11413
f 11374 11375 11415
f 11374 11415 11414
f 11375 11376 11416
f 11375 11416 11415
f 11376 11377 11417
f 11376 11417 11416
f 11377 11378 11418
f 11377 11418 11417
f 11378 11379 11419
f 11378 11419 11418
f 11379 11380 11420
f 11379 11420 11419
f 11380 11381 11421
f 11380 11421 11420
f 11381 11382 11422
f 11381 11422 11421
f 11382 11383 11423
f 11382 11423 11422
f 11383 11384 11424
f 11383 11424 11423
f 11384 11385 11425
f 11384 11425 11424
f 11385 11386 11426
f 11385 11426 11425
f 11386 11387 11427
f 11386 11427 11426
f 11387 11388 11428
f 11387 11428 11427
f 11388 11389 11429
f 11388 11429 11428
f 11389 11390 11430
f 11389 11430 11429
f 11390 11391 11431
f 11390 11431 11430
f 11391 11392 11432
f 11391 11432 11431
f 11392 11393 11433
f 11392 11433 11432
f 11393 11394 11434
f 11393 11434 11433
f 11394 11395 11435
f 11394 11435 11434
f 11395 11396 11436
f 11395 11436 11435
f 11396 11397 11437
f 11396 11437 11436
f 11397 11398 11438
f 11397 11438 11437
f 11398 11399 11439
f 11398 11439 11438
f 11399 11400 11440
f 11399 11440 11439
f 11400 11401 11441
f 11400 11441 11440
f 11401 11402 11442
f 11401 11442 11441
f 11402 11403 11443
f 11402 11443 11442
f 11403 11404 11444
f 11403 11444 11443
f 11404 11405 11445
f 11404 11445 11444
f 11405 11406 11446
f 11405 11446 11445
f 11406 11407 11447
f 11406 11447 11446
f 11407 11408 11448
f 11407 11448 11447
f 11408 11369 11409
f 11408 11409 11448
f 11409 11410 11450
f 11409 11450 11449
f 11410 11411 11451
f 11410 11451 11450
f 11411 11412 11452
f 11411 11452 11451
f 11412 11413 11453
f 11412 11453 11452
f 11413 11414 11454
f 11413 11454 11453
f 11414 11415 11455
f 11414 11455 11454
f 11415 11416 11456
f 11415 11456 11455
f 11416 11417 11457
f 11416 11457 11456
f 11417 11418 11458
f 11417 11458 11457
f 11418 11419 11459
f 11418 11459 11458
f 11419 11420 11460
f 11419 11460 11459
f 11420 11421 11461
f 11420 11461 11460
f 11421 11422 11462
f 11421 11462 11461
f 11422 11423 11463
f 11422 11463 11462
f 11423 11424 11464
f 11423 11464 11463
f 11424 11425 11465
f 11424 11465 11464
f 11425 11426 11466
f 11425 11466 11465
f 11426 11427 11467
f 11426 11467 11466
f 11427 11428 11468
f 11427 11468 11467
f 11428 11429 11469
f 11428 11469 11468
f 11429 11430 11470
f 11429 11470 11469
f 11430 11431 11471
f 11430 11471 11470
f 11431 11432 11472
f 11431 11472 11471
f 11432 11433 11473
f 11432 11473 11472
f 11433 11434 11474
f 11433 11474 11473
f 11434 11435 11475
f 11434 11475 11474
f 11435 11436 11476
f 11435 11476 11475
f 11436 11437 11477
f 11436 11477 11476
f 11437 11438 11478
f 11437 11478 11477
f 11438 11439 11479
f 11438 11479 11478
f 11439 11440 11480
f 11439 11480 11479
f 11440 11441 11481
f 11440 11481 11480
f 11441 11442 11482
f 11441 11482 11481
f 11442 11443 11483
f 11442 11483 11482
f 11443 11444 11484
f 11443 11484 11483
f 11444 11445 11485
f 11444 11485 11484
f 11445 11446 11486
f 11445 11486 11485
f 11446 11447 11487
f 11446 11487 11486
f 11447 11448 11488
f 11447 11488 11487
f 11448 11409 11449
f 11448 11449 11488
f 11449 11450 11490
f 11449 11490 11489
f 11450 11451 11491
f 11450 11491 11490
f 11451 11452 11492
f 11451 11492 11491
f 11452 11453 11493
f 11452 11493 11492
f 11453 11454 11494
f 11453 11494 11493
f 11454 11455 11495
f 11454 11495 11494
f 11455 11456 11496
f 11455 11496 11495
f 11456 11457 11497
f 11456 11497 11496
f 11457 11458 11498
f 11457 11498 11497
f 11458 11459 11499
f 11458 11499 11498
f 11459 11460 11500
f 11459 11500 11499
f 11460 11461 11501
f 11460 11501 11500
f 11461 11462 11502
f 11461 11502 11501
f 11462 11463 11503
f 11462 11503 11502
f 11463 11464 11504
f 11463 11504 11503
f 11464 11465 11505
f 11464 11505 11504
f 11465 11466 11506
f 11465 11506 11505
f 11466 11467 11507
f 11466 11507 11506
f 11467 11468 11508
f 11467 11508 11507
f 11468 11469 11509
f 11468 11509 11508
f 11469 11470 11510
f 11469 11510 11509
f 11470 11471 11511
f 11470 11511 11510
f 11471 11472 11512
f 11471 11512 11511
f 11472 11473 11513
f 11472 11513 11512
f 11473 11474 11514
f 11473 11514 11513
f 11474 11475 11515
f 11474 11515 11514
f 11475 11476 11516
f 11475 11516 11515
f 11476 11477 11517
f 11476 11517 11516
f 11477 11478 11518
f 11477 11518 11517
f 11478 11479 11519
f 11478 11519 11518
f 11479 11480 11520
f 11479 11520 11519
f 11480 11481 11521
f 11480 11521 11520
f 11481 11482 11522
f 11481 11522 11521
f 11482 11483 11523
f 11482 11523 11522
f 11483 11484 11524
f 11483 11524 11523
f 11484 11485 11525
f 11484 11525 11524
f 11485 11486 11526
f 11485 11526 11525
f 11486 11487 11527
f 11486 11527 11526
f 11487 11488 11528
f 11487 11528 11527
f 11488 11449 11489
f 11488 11489 11528
f 11530 11529 11568
f 11531 11530 11568
f 11532 11531 11568
f 11533 11532 11568
f 11534 11533 11568
f 11535 11534 11568
f 11536 11535 11568
f 11537 11536 11568
f 11538 11537 11568
f 11539 11538 11568
f 11540 11539 11568
f 11541 11540 11568
f 11542 11541 11568
f 11543 11542 11568
f 11544 11543 11568
f 11545 11544 11568
f 11546 11545 11568
f 11547 11546 11568
f 11548 11547 11568
f 11549 11548 11568
f 11550 11549 11568
f 11551 11550 11568
f 11552 11551 11568
f 11553 11552 11568
f 11554 11553 11568
f 11555 11554 11568
f 11556 11555 11568
f 11557 11556 11568
f 11558 11557 11568
f 11559 11558 11568
f 11560 11559 11568
f 11561 11560 11568
f 11562 11561 11568
f 11563 11562 11568
f 11564 11563 11568
f 11565 11564 11568
f 11566 11565 11568
f 11568 11567 11566
f 11608 11569 11570
f 11608 11570 11571
f 11608 11571 11572
f 11608 11572 11573
f 11608 11573 11574
f 11608 11574 11575
f 11608 11575 11576
f 11608 11576 11577
f 11608 11577 11578
f 11608 11578 11579
f 11608 11579 11580
f 11608 11580 11581
f 11608 11581 11582
f 11608 11582 11583
f 11608 11583 11584
f 11608 11584 11585
f 11608 11585 11586
f 11608 11586 11587
f 11608 11587 11588
f 11608 11588 11589
f 11608 11589 11590
f 11608 11590 11591
f 11608 11591 11592
f 11608 11592 11593
f 11608 11593 11594
f 11608 11594 11595
f 11608 11595 11596
f 11608 11596 11597
f 11608 11597 11598
f 11608 11598 11599
f 11608 11599 11600
f 11608 11600 11601
f 11608 11601 11602
f 11608 11602 11603
f 11608 11603 11604
f 11608 11604 11605
f 11608 11605 11606
f 11606 11607 11608
